2026-08-08T07:27:37Z INF Thank you for trying Cloudflare Tunnel. Doing so, without a Cloudflare account, is a quick way to experiment and try it out. However, be aware that these account-less Tunnels have no uptime guarantee, are subject to the Cloudflare Online Services Terms of Use (https://www.cloudflare.com/website-terms/), and Cloudflare reserves the right to investigate your use of Tunnels for violations of such terms. If you intend to use Tunnels in production you should use a pre-created named tunnel by following: https://developers.cloudflare.com/cloudflare-one/connections/connect-apps
2026-08-08T07:27:37Z INF Requesting new quick Tunnel on trycloudflare.com...
2026-08-08T07:27:46Z INF +--------------------------------------------------------------------------------------------+
2026-08-08T07:27:46Z INF |  Your quick Tunnel has been created! Visit it at (it may take some time to be reachable):  |
2026-08-08T07:27:46Z INF |  https://warehouse-gain-boutique-hotel.trycloudflare.com                                   |
2026-08-08T07:27:46Z INF +--------------------------------------------------------------------------------------------+
2026-08-08T07:27:46Z INF Cannot determine default configuration path. No file [config.yml config.yaml] in [~/.cloudflared ~/.cloudflare-warp ~/cloudflare-warp]
2026-08-08T07:27:46Z INF Version 2026.7.3 (Checksum 8635da433b6df8194746e88ed9d2589566c20e38bfc2a80e431a348b7c765841)
2026-08-08T07:27:46Z INF GOOS: windows, GOVersion: go1.26.4, GoArch: amd64
2026-08-08T07:27:46Z INF Settings: map[ha-connections:1 protocol:quic url:http://localhost:8888]
2026-08-08T07:27:46Z INF cloudflared will not automatically update on Windows systems.
2026-08-08T07:27:47Z INF Generated Connector ID: 9257109e-e001-4955-9014-5c9a8bb80c4d
2026-08-08T07:27:47Z INF Initial protocol quic
2026-08-08T07:27:47Z INF ICMP proxy will use 172.20.10.3 as source for IPv4
2026-08-08T07:27:47Z INF ICMP proxy will use 2001:44c8:6591:3b79:807d:ef53:678:6f2b in zone Wi-Fi as source for IPv6
2026-08-08T07:27:47Z INF cloudflared does not support loading the system root certificate pool on Windows. Please use --origin-ca-pool <PATH> to specify the path to the certificate pool
2026-08-08T07:27:47Z INF ICMP proxy will use 172.20.10.3 as source for IPv4
2026-08-08T07:27:47Z INF Tunnel connection curve preferences: [X25519MLKEM768 CurveID(65074) CurveP256] connIndex=0 event=0 ip=2606:4700:a8::1
2026-08-08T07:27:47Z INF ICMP proxy will use 2001:44c8:6591:3b79:807d:ef53:678:6f2b in zone Wi-Fi as source for IPv6
2026-08-08T07:27:47Z INF Starting metrics server on 127.0.0.1:20241/metrics
2026-08-08T07:27:47Z INF +-------------------------------------------------------------------------------------+
2026-08-08T07:27:47Z INF |                               CONNECTIVITY PRE-CHECKS                               |
2026-08-08T07:27:47Z INF +-------------------------------------------------------------------------------------+
2026-08-08T07:27:47Z INF |  COMPONENT         TARGET                     STATUS  DETAILS                       |
2026-08-08T07:27:47Z INF |  DNS Resolution    region1.v2.argotunnel.com  PASS    DNS Resolved successfully     |
2026-08-08T07:27:47Z INF |  DNS Resolution    region2.v2.argotunnel.com  PASS    DNS Resolved successfully     |
2026-08-08T07:27:47Z INF |  UDP Connectivity  region1.v2.argotunnel.com  PASS    QUIC connection successful    |
2026-08-08T07:27:47Z INF |  UDP Connectivity  region2.v2.argotunnel.com  PASS    QUIC connection successful    |
2026-08-08T07:27:47Z INF |  TCP Connectivity  region1.v2.argotunnel.com  PASS    HTTP/2 connection successful  |
2026-08-08T07:27:47Z INF |  TCP Connectivity  region2.v2.argotunnel.com  PASS    HTTP/2 connection successful  |
2026-08-08T07:27:47Z INF Registered tunnel connection connIndex=0 connection=23da0032-4c1d-4686-8340-5b8d22e9165b event=0 ip=2606:4700:a8::1 location=sin14 protocol=quic
2026-08-08T07:27:47Z INF |  Cloudflare API    api.cloudflare.com:443     PASS    API is reachable              |
2026-08-08T07:27:47Z INF |                                                                                     |
2026-08-08T07:27:47Z INF |  SUMMARY: Environment is healthy. cloudflared will use 'quic' as primary protocol.  |
2026-08-08T07:27:47Z INF +-------------------------------------------------------------------------------------+
2026-08-08T07:27:47Z INF precheck component="DNS Resolution" details="DNS Resolved successfully" run_id=739991a9-f74e-46a2-906f-9a16ad6751b5 status=pass target=region1.v2.argotunnel.com
2026-08-08T07:27:47Z INF precheck component="DNS Resolution" details="DNS Resolved successfully" run_id=739991a9-f74e-46a2-906f-9a16ad6751b5 status=pass target=region2.v2.argotunnel.com
2026-08-08T07:27:47Z INF precheck component="UDP Connectivity" details="QUIC connection successful" run_id=739991a9-f74e-46a2-906f-9a16ad6751b5 status=pass target=region1.v2.argotunnel.com
2026-08-08T07:27:47Z INF precheck component="UDP Connectivity" details="QUIC connection successful" run_id=739991a9-f74e-46a2-906f-9a16ad6751b5 status=pass target=region2.v2.argotunnel.com
2026-08-08T07:27:47Z INF precheck component="TCP Connectivity" details="HTTP/2 connection successful" run_id=739991a9-f74e-46a2-906f-9a16ad6751b5 status=pass target=region1.v2.argotunnel.com
2026-08-08T07:27:47Z INF precheck component="TCP Connectivity" details="HTTP/2 connection successful" run_id=739991a9-f74e-46a2-906f-9a16ad6751b5 status=pass target=region2.v2.argotunnel.com
2026-08-08T07:27:47Z INF precheck component="Cloudflare API" details="API is reachable" run_id=739991a9-f74e-46a2-906f-9a16ad6751b5 status=pass target=api.cloudflare.com:443
2026-08-08T07:27:47Z INF precheck complete hard_fail=false run_id=739991a9-f74e-46a2-906f-9a16ad6751b5 suggested_protocol=quic
2026-08-08T07:34:02Z ERR failed to accept incoming stream requests error="failed to accept QUIC stream: write udp [::]:51042->[2606:4700:a8::1]:7844: wsasendto: A socket operation was attempted to an unreachable network." connIndex=0 event=0 ip=2606:4700:a8::1
2026-08-08T07:34:02Z ERR failed to run the datagram handler error="write udp [::]:51042->[2606:4700:a8::1]:7844: wsasendto: A socket operation was attempted to an unreachable network." connIndex=0 event=0 ip=2606:4700:a8::1
2026-08-08T07:34:02Z ERR failed to serve tunnel connection error="accept stream listener encountered a failure while serving" connIndex=0 event=0 ip=2606:4700:a8::1
2026-08-08T07:34:02Z ERR Serve tunnel error error="accept stream listener encountered a failure while serving" connIndex=0 event=0 ip=2606:4700:a8::1
2026-08-08T07:34:02Z INF Retrying connection in up to 1s connIndex=0 event=0 ip=2606:4700:a8::1
2026-08-08T07:34:03Z INF Tunnel connection curve preferences: [X25519MLKEM768 CurveID(65074) CurveP256] connIndex=0 event=0 ip=2606:4700:a8::1
2026-08-08T07:34:04Z INF Registered tunnel connection connIndex=0 connection=af9bc04b-141f-4271-b268-dbcb1a792cba event=0 ip=2606:4700:a8::1 location=sin12 protocol=quic
2026-08-08T07:47:52Z ERR Failed to refresh DNS local resolver error="lookup region1.v2.argotunnel.com: i/o timeout"
2026-08-08T07:57:57Z ERR Failed to refresh DNS local resolver error="lookup region1.v2.argotunnel.com: i/o timeout"
2026-08-08T08:34:30Z ERR failed to accept incoming stream requests error="failed to accept QUIC stream: timeout: no recent network activity" connIndex=0 event=0 ip=2606:4700:a8::1
2026-08-08T08:34:30Z ERR failed to run the datagram handler error="timeout: no recent network activity" connIndex=0 event=0 ip=2606:4700:a8::1
2026-08-08T08:34:30Z ERR failed to serve tunnel connection error="accept stream listener encountered a failure while serving" connIndex=0 event=0 ip=2606:4700:a8::1
2026-08-08T08:34:30Z ERR Serve tunnel error error="accept stream listener encountered a failure while serving" connIndex=0 event=0 ip=2606:4700:a8::1
2026-08-08T08:34:30Z INF Retrying connection in up to 1s connIndex=0 event=0 ip=2606:4700:a8::1
2026-08-08T08:34:30Z INF Tunnel connection curve preferences: [X25519MLKEM768 CurveID(65074) CurveP256] connIndex=0 event=0 ip=2606:4700:a8::1
2026-08-08T08:34:30Z INF Registered tunnel connection connIndex=0 connection=c4eab73b-bb0b-4c96-a625-43ffb6f7db21 event=0 ip=2606:4700:a8::1 location=sin12 protocol=quic
2026-08-08T09:13:02Z ERR Failed to refresh DNS local resolver error="lookup region1.v2.argotunnel.com: i/o timeout"
2026-08-08T09:43:08Z ERR Failed to refresh DNS local resolver error="lookup region1.v2.argotunnel.com: i/o timeout"
2026-08-08T10:03:13Z ERR Failed to refresh DNS local resolver error="lookup region1.v2.argotunnel.com: i/o timeout"
2026-08-08T10:23:18Z ERR Failed to refresh DNS local resolver error="lookup region1.v2.argotunnel.com: i/o timeout"
2026-08-08T10:33:23Z ERR Failed to refresh DNS local resolver error="lookup region1.v2.argotunnel.com: i/o timeout"
2026-08-08T10:45:10Z ERR failed to accept incoming stream requests error="failed to accept QUIC stream: write udp [::]:51042->[2606:4700:a8::1]:7844: wsasendto: A socket operation was attempted to an unreachable network." connIndex=0 event=0 ip=2606:4700:a8::1
2026-08-08T10:45:10Z ERR failed to run the datagram handler error="write udp [::]:51042->[2606:4700:a8::1]:7844: wsasendto: A socket operation was attempted to an unreachable network." connIndex=0 event=0 ip=2606:4700:a8::1
2026-08-08T10:45:10Z ERR failed to serve tunnel connection error="accept stream listener encountered a failure while serving" connIndex=0 event=0 ip=2606:4700:a8::1
2026-08-08T10:45:10Z ERR Serve tunnel error error="accept stream listener encountered a failure while serving" connIndex=0 event=0 ip=2606:4700:a8::1
2026-08-08T10:45:10Z INF Retrying connection in up to 1s connIndex=0 event=0 ip=2606:4700:a8::1
2026-08-08T10:45:10Z INF Tunnel connection curve preferences: [X25519MLKEM768 CurveID(65074) CurveP256] connIndex=0 event=0 ip=2606:4700:a8::1
2026-08-08T10:45:10Z ERR Failed to dial a quic connection error="failed to dial to edge with quic: write udp [::]:51042->[2606:4700:a8::1]:7844: wsasendto: A socket operation was attempted to an unreachable network." connIndex=0 event=0 ip=2606:4700:a8::1
2026-08-08T10:45:10Z INF Retrying connection in up to 4s connIndex=0 event=0 ip=2606:4700:a8::1
2026-08-08T10:45:11Z INF Tunnel connection curve preferences: [X25519MLKEM768 CurveID(65074) CurveP256] connIndex=0 event=0 ip=2606:4700:a0::1
2026-08-08T10:45:11Z ERR Failed to dial a quic connection error="failed to dial to edge with quic: write udp [::]:51042->[2606:4700:a0::1]:7844: wsasendto: A socket operation was attempted to an unreachable network." connIndex=0 event=0 ip=2606:4700:a0::1
2026-08-08T10:45:11Z INF Retrying connection in up to 8s connIndex=0 event=0 ip=2606:4700:a0::1
2026-08-08T18:51:23Z ERR Failed to refresh feature selector error="lookup cfd-features.argotunnel.com: dnsquery: No DNS servers configured for local system."
2026-08-08T18:51:23Z INF Tunnel connection curve preferences: [X25519MLKEM768 CurveID(65074) CurveP256] connIndex=0 event=0 ip=198.41.200.53
2026-08-08T18:51:23Z ERR Failed to dial a quic connection error="failed to dial to edge with quic: write udp [::]:51042->198.41.200.53:7844: wsasendto: A socket operation was attempted to an unreachable network." connIndex=0 event=0 ip=198.41.200.53
2026-08-08T18:51:23Z INF Retrying connection in up to 16s connIndex=0 event=0 ip=198.41.200.53
2026-08-08T21:43:58Z INF Tunnel connection curve preferences: [X25519MLKEM768 CurveID(65074) CurveP256] connIndex=0 event=0 ip=198.41.192.47
2026-08-08T21:43:58Z ERR Failed to refresh DNS local resolver error="lookup region1.v2.argotunnel.com: i/o timeout"
2026-08-08T21:43:58Z ERR Failed to refresh feature selector error="lookup cfd-features.argotunnel.com: dnsquery: This operation returned because the timeout period expired."
2026-08-08T21:43:58Z ERR Failed to dial a quic connection error="failed to dial to edge with quic: write udp [::]:51042->198.41.192.47:7844: wsasendto: A socket operation was attempted to an unreachable host." connIndex=0 event=0 ip=198.41.192.47
2026-08-08T21:43:58Z INF Retrying connection in up to 32s connIndex=0 event=0 ip=198.41.192.47
2026-08-08T21:44:05Z INF Tunnel connection curve preferences: [X25519MLKEM768 CurveID(65074) CurveP256] connIndex=0 event=0 ip=2606:4700:a8::1
2026-08-08T21:44:05Z ERR failed to run the datagram handler error="context canceled" connIndex=0 event=0 ip=2606:4700:a8::1
2026-08-08T21:44:05Z ERR failed to serve tunnel connection error="control stream encountered a failure while serving" connIndex=0 event=0 ip=2606:4700:a8::1
2026-08-08T21:44:05Z ERR Serve tunnel error error="control stream encountered a failure while serving" connIndex=0 event=0 ip=2606:4700:a8::1
2026-08-08T21:44:05Z INF Retrying connection in up to 1m4s connIndex=0 event=0 ip=2606:4700:a8::1
2026-08-08T21:44:21Z INF Tunnel connection curve preferences: [X25519MLKEM768 CurveID(65074) CurveP256] connIndex=0 event=0 ip=2606:4700:a8::1
2026-08-08T21:44:21Z ERR failed to run the datagram handler error="context canceled" connIndex=0 event=0 ip=2606:4700:a8::1
2026-08-08T21:44:21Z ERR failed to serve tunnel connection error="control stream encountered a failure while serving" connIndex=0 event=0 ip=2606:4700:a8::1
2026-08-08T21:44:21Z ERR Serve tunnel error error="control stream encountered a failure while serving" connIndex=0 event=0 ip=2606:4700:a8::1
2026-08-08T21:44:21Z INF Retrying connection in up to 1m4s connIndex=0 event=0 ip=2606:4700:a8::1
2026-08-08T21:44:27Z INF Tunnel connection curve preferences: [X25519MLKEM768 CurveID(65074) CurveP256] connIndex=0 event=0 ip=2606:4700:a8::1
2026-08-08T21:44:27Z ERR failed to run the datagram handler error="context canceled" connIndex=0 event=0 ip=2606:4700:a8::1
2026-08-08T21:44:27Z ERR failed to serve tunnel connection error="control stream encountered a failure while serving" connIndex=0 event=0 ip=2606:4700:a8::1
2026-08-08T21:44:27Z ERR Serve tunnel error error="control stream encountered a failure while serving" connIndex=0 event=0 ip=2606:4700:a8::1
2026-08-08T21:44:27Z INF Retrying connection in up to 1m4s connIndex=0 event=0 ip=2606:4700:a8::1
2026-08-08T21:44:54Z INF Tunnel connection curve preferences: [X25519MLKEM768 CurveID(65074) CurveP256] connIndex=0 event=0 ip=2606:4700:a8::1
2026-08-08T21:44:54Z ERR failed to run the datagram handler error="context canceled" connIndex=0 event=0 ip=2606:4700:a8::1
2026-08-08T21:44:54Z ERR failed to serve tunnel connection error="control stream encountered a failure while serving" connIndex=0 event=0 ip=2606:4700:a8::1
2026-08-08T21:44:54Z ERR Serve tunnel error error="control stream encountered a failure while serving" connIndex=0 event=0 ip=2606:4700:a8::1
2026-08-08T21:44:54Z INF Retrying connection in up to 1m4s connIndex=0 event=0 ip=2606:4700:a8::1
2026-08-08T21:44:56Z INF Tunnel connection curve preferences: [X25519MLKEM768 CurveID(65074) CurveP256] connIndex=0 event=0 ip=2606:4700:a8::1
2026-08-08T21:44:56Z ERR failed to run the datagram handler error="context canceled" connIndex=0 event=0 ip=2606:4700:a8::1
2026-08-08T21:44:56Z ERR failed to serve tunnel connection error="control stream encountered a failure while serving" connIndex=0 event=0 ip=2606:4700:a8::1
2026-08-08T21:44:56Z ERR Serve tunnel error error="control stream encountered a failure while serving" connIndex=0 event=0 ip=2606:4700:a8::1
2026-08-08T21:44:56Z INF Retrying connection in up to 1m4s connIndex=0 event=0 ip=2606:4700:a8::1
2026-08-08T21:45:09Z INF Tunnel connection curve preferences: [X25519MLKEM768 CurveID(65074) CurveP256] connIndex=0 event=0 ip=2606:4700:a8::1
2026-08-08T21:45:09Z ERR failed to run the datagram handler error="context canceled" connIndex=0 event=0 ip=2606:4700:a8::1
2026-08-08T21:45:09Z ERR failed to serve tunnel connection error="control stream encountered a failure while serving" connIndex=0 event=0 ip=2606:4700:a8::1
2026-08-08T21:45:09Z ERR Serve tunnel error error="control stream encountered a failure while serving" connIndex=0 event=0 ip=2606:4700:a8::1
2026-08-08T21:45:09Z INF Retrying connection in up to 1m4s connIndex=0 event=0 ip=2606:4700:a8::1
2026-08-08T21:45:18Z INF Tunnel connection curve preferences: [X25519MLKEM768 CurveID(65074) CurveP256] connIndex=0 event=0 ip=2606:4700:a8::1
2026-08-08T21:45:18Z ERR failed to run the datagram handler error="context canceled" connIndex=0 event=0 ip=2606:4700:a8::1
2026-08-08T21:45:18Z ERR failed to serve tunnel connection error="control stream encountered a failure while serving" connIndex=0 event=0 ip=2606:4700:a8::1
2026-08-08T21:45:18Z ERR Serve tunnel error error="control stream encountered a failure while serving" connIndex=0 event=0 ip=2606:4700:a8::1
2026-08-08T21:45:18Z INF Retrying connection in up to 1m4s connIndex=0 event=0 ip=2606:4700:a8::1
2026-08-08T21:45:41Z INF Tunnel connection curve preferences: [X25519MLKEM768 CurveID(65074) CurveP256] connIndex=0 event=0 ip=2606:4700:a8::1
2026-08-08T21:45:41Z ERR failed to run the datagram handler error="context canceled" connIndex=0 event=0 ip=2606:4700:a8::1
2026-08-08T21:45:41Z ERR failed to serve tunnel connection error="control stream encountered a failure while serving" connIndex=0 event=0 ip=2606:4700:a8::1
2026-08-08T21:45:41Z ERR Serve tunnel error error="control stream encountered a failure while serving" connIndex=0 event=0 ip=2606:4700:a8::1
2026-08-08T21:45:41Z INF Retrying connection in up to 1m4s connIndex=0 event=0 ip=2606:4700:a8::1
2026-08-08T21:46:12Z INF Tunnel connection curve preferences: [X25519MLKEM768 CurveID(65074) CurveP256] connIndex=0 event=0 ip=2606:4700:a8::1
2026-08-08T21:46:12Z ERR failed to run the datagram handler error="context canceled" connIndex=0 event=0 ip=2606:4700:a8::1
2026-08-08T21:46:12Z ERR failed to serve tunnel connection error="control stream encountered a failure while serving" connIndex=0 event=0 ip=2606:4700:a8::1
2026-08-08T21:46:12Z ERR Serve tunnel error error="control stream encountered a failure while serving" connIndex=0 event=0 ip=2606:4700:a8::1
2026-08-08T21:46:12Z INF Retrying connection in up to 1m4s connIndex=0 event=0 ip=2606:4700:a8::1
2026-08-08T21:46:26Z INF Tunnel connection curve preferences: [X25519MLKEM768 CurveID(65074) CurveP256] connIndex=0 event=0 ip=2606:4700:a8::1
2026-08-08T21:46:26Z ERR failed to run the datagram handler error="context canceled" connIndex=0 event=0 ip=2606:4700:a8::1
2026-08-08T21:46:26Z ERR failed to serve tunnel connection error="control stream encountered a failure while serving" connIndex=0 event=0 ip=2606:4700:a8::1
2026-08-08T21:46:26Z ERR Serve tunnel error error="control stream encountered a failure while serving" connIndex=0 event=0 ip=2606:4700:a8::1
2026-08-08T21:46:26Z INF Retrying connection in up to 1m4s connIndex=0 event=0 ip=2606:4700:a8::1
2026-08-08T21:46:48Z INF Tunnel connection curve preferences: [X25519MLKEM768 CurveID(65074) CurveP256] connIndex=0 event=0 ip=2606:4700:a8::1
2026-08-08T21:46:48Z ERR failed to run the datagram handler error="context canceled" connIndex=0 event=0 ip=2606:4700:a8::1
2026-08-08T21:46:48Z ERR failed to serve tunnel connection error="control stream encountered a failure while serving" connIndex=0 event=0 ip=2606:4700:a8::1
2026-08-08T21:46:48Z ERR Serve tunnel error error="control stream encountered a failure while serving" connIndex=0 event=0 ip=2606:4700:a8::1
2026-08-08T21:46:48Z INF Retrying connection in up to 1m4s connIndex=0 event=0 ip=2606:4700:a8::1
2026-08-08T21:47:11Z INF Tunnel connection curve preferences: [X25519MLKEM768 CurveID(65074) CurveP256] connIndex=0 event=0 ip=2606:4700:a8::1
2026-08-08T21:47:11Z ERR failed to run the datagram handler error="context canceled" connIndex=0 event=0 ip=2606:4700:a8::1
2026-08-08T21:47:11Z ERR failed to serve tunnel connection error="control stream encountered a failure while serving" connIndex=0 event=0 ip=2606:4700:a8::1
2026-08-08T21:47:11Z ERR Serve tunnel error error="control stream encountered a failure while serving" connIndex=0 event=0 ip=2606:4700:a8::1
2026-08-08T21:47:11Z INF Retrying connection in up to 1m4s connIndex=0 event=0 ip=2606:4700:a8::1
2026-08-08T21:47:40Z INF Tunnel connection curve preferences: [X25519MLKEM768 CurveID(65074) CurveP256] connIndex=0 event=0 ip=2606:4700:a8::1
2026-08-08T21:47:40Z ERR failed to run the datagram handler error="context canceled" connIndex=0 event=0 ip=2606:4700:a8::1
2026-08-08T21:47:40Z ERR failed to serve tunnel connection error="control stream encountered a failure while serving" connIndex=0 event=0 ip=2606:4700:a8::1
2026-08-08T21:47:40Z ERR Serve tunnel error error="control stream encountered a failure while serving" connIndex=0 event=0 ip=2606:4700:a8::1
2026-08-08T21:47:40Z INF Retrying connection in up to 1m4s connIndex=0 event=0 ip=2606:4700:a8::1
2026-08-08T21:47:52Z INF Tunnel connection curve preferences: [X25519MLKEM768 CurveID(65074) CurveP256] connIndex=0 event=0 ip=2606:4700:a8::1
2026-08-08T21:47:52Z ERR failed to run the datagram handler error="context canceled" connIndex=0 event=0 ip=2606:4700:a8::1
2026-08-08T21:47:52Z ERR failed to serve tunnel connection error="control stream encountered a failure while serving" connIndex=0 event=0 ip=2606:4700:a8::1
2026-08-08T21:47:52Z ERR Serve tunnel error error="control stream encountered a failure while serving" connIndex=0 event=0 ip=2606:4700:a8::1
2026-08-08T21:47:52Z INF Retrying connection in up to 1m4s connIndex=0 event=0 ip=2606:4700:a8::1
2026-08-08T21:48:03Z INF Tunnel connection curve preferences: [X25519MLKEM768 CurveID(65074) CurveP256] connIndex=0 event=0 ip=2606:4700:a8::1
2026-08-08T21:48:03Z ERR failed to run the datagram handler error="context canceled" connIndex=0 event=0 ip=2606:4700:a8::1
2026-08-08T21:48:03Z ERR failed to serve tunnel connection error="control stream encountered a failure while serving" connIndex=0 event=0 ip=2606:4700:a8::1
2026-08-08T21:48:03Z ERR Serve tunnel error error="control stream encountered a failure while serving" connIndex=0 event=0 ip=2606:4700:a8::1
2026-08-08T21:48:03Z INF Retrying connection in up to 1m4s connIndex=0 event=0 ip=2606:4700:a8::1
2026-08-08T21:48:13Z INF Tunnel connection curve preferences: [X25519MLKEM768 CurveID(65074) CurveP256] connIndex=0 event=0 ip=2606:4700:a8::1
2026-08-08T21:48:13Z ERR failed to run the datagram handler error="context canceled" connIndex=0 event=0 ip=2606:4700:a8::1
2026-08-08T21:48:13Z ERR failed to serve tunnel connection error="control stream encountered a failure while serving" connIndex=0 event=0 ip=2606:4700:a8::1
2026-08-08T21:48:13Z ERR Serve tunnel error error="control stream encountered a failure while serving" connIndex=0 event=0 ip=2606:4700:a8::1
2026-08-08T21:48:13Z INF Retrying connection in up to 1m4s connIndex=0 event=0 ip=2606:4700:a8::1
2026-08-08T21:48:32Z INF Tunnel connection curve preferences: [X25519MLKEM768 CurveID(65074) CurveP256] connIndex=0 event=0 ip=2606:4700:a8::1
2026-08-08T21:48:33Z ERR failed to run the datagram handler error="context canceled" connIndex=0 event=0 ip=2606:4700:a8::1
2026-08-08T21:48:33Z ERR failed to serve tunnel connection error="control stream encountered a failure while serving" connIndex=0 event=0 ip=2606:4700:a8::1
2026-08-08T21:48:33Z ERR Serve tunnel error error="control stream encountered a failure while serving" connIndex=0 event=0 ip=2606:4700:a8::1
2026-08-08T21:48:33Z INF Retrying connection in up to 1m4s connIndex=0 event=0 ip=2606:4700:a8::1
2026-08-08T21:48:48Z INF Tunnel connection curve preferences: [X25519MLKEM768 CurveID(65074) CurveP256] connIndex=0 event=0 ip=2606:4700:a8::1
2026-08-08T21:48:48Z ERR failed to run the datagram handler error="context canceled" connIndex=0 event=0 ip=2606:4700:a8::1
2026-08-08T21:48:48Z ERR failed to serve tunnel connection error="control stream encountered a failure while serving" connIndex=0 event=0 ip=2606:4700:a8::1
2026-08-08T21:48:48Z ERR Serve tunnel error error="control stream encountered a failure while serving" connIndex=0 event=0 ip=2606:4700:a8::1
2026-08-08T21:48:48Z INF Retrying connection in up to 1m4s connIndex=0 event=0 ip=2606:4700:a8::1
2026-08-08T21:48:48Z INF Tunnel connection curve preferences: [X25519MLKEM768 CurveID(65074) CurveP256] connIndex=0 event=0 ip=2606:4700:a8::1
2026-08-08T21:48:48Z ERR failed to run the datagram handler error="context canceled" connIndex=0 event=0 ip=2606:4700:a8::1
2026-08-08T21:48:48Z ERR failed to serve tunnel connection error="control stream encountered a failure while serving" connIndex=0 event=0 ip=2606:4700:a8::1
2026-08-08T21:48:48Z ERR Serve tunnel error error="control stream encountered a failure while serving" connIndex=0 event=0 ip=2606:4700:a8::1
2026-08-08T21:48:48Z INF Retrying connection in up to 1m4s connIndex=0 event=0 ip=2606:4700:a8::1
2026-08-08T21:49:19Z INF Tunnel connection curve preferences: [X25519MLKEM768 CurveID(65074) CurveP256] connIndex=0 event=0 ip=2606:4700:a8::1
2026-08-08T21:49:19Z ERR failed to run the datagram handler error="context canceled" connIndex=0 event=0 ip=2606:4700:a8::1
2026-08-08T21:49:19Z ERR failed to serve tunnel connection error="control stream encountered a failure while serving" connIndex=0 event=0 ip=2606:4700:a8::1
2026-08-08T21:49:19Z ERR Serve tunnel error error="control stream encountered a failure while serving" connIndex=0 event=0 ip=2606:4700:a8::1
2026-08-08T21:49:19Z INF Retrying connection in up to 1m4s connIndex=0 event=0 ip=2606:4700:a8::1
2026-08-08T21:49:30Z INF Tunnel connection curve preferences: [X25519MLKEM768 CurveID(65074) CurveP256] connIndex=0 event=0 ip=2606:4700:a8::1
2026-08-08T21:49:30Z ERR failed to run the datagram handler error="context canceled" connIndex=0 event=0 ip=2606:4700:a8::1
2026-08-08T21:49:30Z ERR failed to serve tunnel connection error="control stream encountered a failure while serving" connIndex=0 event=0 ip=2606:4700:a8::1
2026-08-08T21:49:30Z ERR Serve tunnel error error="control stream encountered a failure while serving" connIndex=0 event=0 ip=2606:4700:a8::1
2026-08-08T21:49:30Z INF Retrying connection in up to 1m4s connIndex=0 event=0 ip=2606:4700:a8::1
2026-08-08T21:49:52Z INF Tunnel connection curve preferences: [X25519MLKEM768 CurveID(65074) CurveP256] connIndex=0 event=0 ip=2606:4700:a8::1
2026-08-08T21:49:52Z ERR failed to run the datagram handler error="context canceled" connIndex=0 event=0 ip=2606:4700:a8::1
2026-08-08T21:49:52Z ERR failed to serve tunnel connection error="control stream encountered a failure while serving" connIndex=0 event=0 ip=2606:4700:a8::1
2026-08-08T21:49:52Z ERR Serve tunnel error error="control stream encountered a failure while serving" connIndex=0 event=0 ip=2606:4700:a8::1
2026-08-08T21:49:52Z INF Retrying connection in up to 1m4s connIndex=0 event=0 ip=2606:4700:a8::1
2026-08-08T21:50:05Z INF Tunnel connection curve preferences: [X25519MLKEM768 CurveID(65074) CurveP256] connIndex=0 event=0 ip=2606:4700:a8::1
2026-08-08T21:50:05Z ERR failed to run the datagram handler error="context canceled" connIndex=0 event=0 ip=2606:4700:a8::1
2026-08-08T21:50:05Z ERR failed to serve tunnel connection error="control stream encountered a failure while serving" connIndex=0 event=0 ip=2606:4700:a8::1
2026-08-08T21:50:05Z ERR Serve tunnel error error="control stream encountered a failure while serving" connIndex=0 event=0 ip=2606:4700:a8::1
2026-08-08T21:50:05Z INF Retrying connection in up to 1m4s connIndex=0 event=0 ip=2606:4700:a8::1
2026-08-08T21:50:34Z INF Tunnel connection curve preferences: [X25519MLKEM768 CurveID(65074) CurveP256] connIndex=0 event=0 ip=2606:4700:a8::1
2026-08-08T21:50:34Z ERR failed to run the datagram handler error="context canceled" connIndex=0 event=0 ip=2606:4700:a8::1
2026-08-08T21:50:34Z ERR failed to serve tunnel connection error="control stream encountered a failure while serving" connIndex=0 event=0 ip=2606:4700:a8::1
2026-08-08T21:50:34Z ERR Serve tunnel error error="control stream encountered a failure while serving" connIndex=0 event=0 ip=2606:4700:a8::1
2026-08-08T21:50:34Z INF Retrying connection in up to 1m4s connIndex=0 event=0 ip=2606:4700:a8::1
2026-08-08T21:50:49Z INF Tunnel connection curve preferences: [X25519MLKEM768 CurveID(65074) CurveP256] connIndex=0 event=0 ip=2606:4700:a8::1
2026-08-08T21:50:49Z ERR failed to run the datagram handler error="context canceled" connIndex=0 event=0 ip=2606:4700:a8::1
2026-08-08T21:50:49Z ERR failed to serve tunnel connection error="control stream encountered a failure while serving" connIndex=0 event=0 ip=2606:4700:a8::1
2026-08-08T21:50:49Z ERR Serve tunnel error error="control stream encountered a failure while serving" connIndex=0 event=0 ip=2606:4700:a8::1
2026-08-08T21:50:49Z INF Retrying connection in up to 1m4s connIndex=0 event=0 ip=2606:4700:a8::1
2026-08-08T21:51:00Z INF Tunnel connection curve preferences: [X25519MLKEM768 CurveID(65074) CurveP256] connIndex=0 event=0 ip=2606:4700:a8::1
2026-08-08T21:51:00Z ERR failed to run the datagram handler error="context canceled" connIndex=0 event=0 ip=2606:4700:a8::1
2026-08-08T21:51:00Z ERR failed to serve tunnel connection error="control stream encountered a failure while serving" connIndex=0 event=0 ip=2606:4700:a8::1
2026-08-08T21:51:00Z ERR Serve tunnel error error="control stream encountered a failure while serving" connIndex=0 event=0 ip=2606:4700:a8::1
2026-08-08T21:51:00Z INF Retrying connection in up to 1m4s connIndex=0 event=0 ip=2606:4700:a8::1
2026-08-08T21:51:23Z INF Tunnel connection curve preferences: [X25519MLKEM768 CurveID(65074) CurveP256] connIndex=0 event=0 ip=2606:4700:a8::1
2026-08-08T21:51:23Z ERR failed to run the datagram handler error="context canceled" connIndex=0 event=0 ip=2606:4700:a8::1
2026-08-08T21:51:23Z ERR failed to serve tunnel connection error="control stream encountered a failure while serving" connIndex=0 event=0 ip=2606:4700:a8::1
2026-08-08T21:51:23Z ERR Serve tunnel error error="control stream encountered a failure while serving" connIndex=0 event=0 ip=2606:4700:a8::1
2026-08-08T21:51:23Z INF Retrying connection in up to 1m4s connIndex=0 event=0 ip=2606:4700:a8::1
2026-08-08T21:51:44Z INF Tunnel connection curve preferences: [X25519MLKEM768 CurveID(65074) CurveP256] connIndex=0 event=0 ip=2606:4700:a8::1
2026-08-08T21:51:44Z ERR failed to run the datagram handler error="context canceled" connIndex=0 event=0 ip=2606:4700:a8::1
2026-08-08T21:51:44Z ERR failed to serve tunnel connection error="control stream encountered a failure while serving" connIndex=0 event=0 ip=2606:4700:a8::1
2026-08-08T21:51:44Z ERR Serve tunnel error error="control stream encountered a failure while serving" connIndex=0 event=0 ip=2606:4700:a8::1
2026-08-08T21:51:44Z INF Retrying connection in up to 1m4s connIndex=0 event=0 ip=2606:4700:a8::1
2026-08-08T21:52:07Z INF Tunnel connection curve preferences: [X25519MLKEM768 CurveID(65074) CurveP256] connIndex=0 event=0 ip=2606:4700:a8::1
2026-08-08T21:52:07Z ERR failed to run the datagram handler error="context canceled" connIndex=0 event=0 ip=2606:4700:a8::1
2026-08-08T21:52:07Z ERR failed to serve tunnel connection error="control stream encountered a failure while serving" connIndex=0 event=0 ip=2606:4700:a8::1
2026-08-08T21:52:07Z ERR Serve tunnel error error="control stream encountered a failure while serving" connIndex=0 event=0 ip=2606:4700:a8::1
2026-08-08T21:52:07Z INF Retrying connection in up to 1m4s connIndex=0 event=0 ip=2606:4700:a8::1
2026-08-08T21:52:25Z INF Tunnel connection curve preferences: [X25519MLKEM768 CurveID(65074) CurveP256] connIndex=0 event=0 ip=2606:4700:a8::1
2026-08-08T21:52:25Z ERR failed to run the datagram handler error="context canceled" connIndex=0 event=0 ip=2606:4700:a8::1
2026-08-08T21:52:25Z ERR failed to serve tunnel connection error="control stream encountered a failure while serving" connIndex=0 event=0 ip=2606:4700:a8::1
2026-08-08T21:52:25Z ERR Serve tunnel error error="control stream encountered a failure while serving" connIndex=0 event=0 ip=2606:4700:a8::1
2026-08-08T21:52:25Z INF Retrying connection in up to 1m4s connIndex=0 event=0 ip=2606:4700:a8::1
2026-08-08T21:52:34Z INF Tunnel connection curve preferences: [X25519MLKEM768 CurveID(65074) CurveP256] connIndex=0 event=0 ip=2606:4700:a8::1
2026-08-08T21:52:35Z ERR failed to run the datagram handler error="context canceled" connIndex=0 event=0 ip=2606:4700:a8::1
2026-08-08T21:52:35Z ERR failed to serve tunnel connection error="control stream encountered a failure while serving" connIndex=0 event=0 ip=2606:4700:a8::1
2026-08-08T21:52:35Z ERR Serve tunnel error error="control stream encountered a failure while serving" connIndex=0 event=0 ip=2606:4700:a8::1
2026-08-08T21:52:35Z INF Retrying connection in up to 1m4s connIndex=0 event=0 ip=2606:4700:a8::1
2026-08-08T21:52:44Z INF Tunnel connection curve preferences: [X25519MLKEM768 CurveID(65074) CurveP256] connIndex=0 event=0 ip=2606:4700:a8::1
2026-08-08T21:52:44Z ERR failed to run the datagram handler error="context canceled" connIndex=0 event=0 ip=2606:4700:a8::1
2026-08-08T21:52:44Z ERR failed to serve tunnel connection error="control stream encountered a failure while serving" connIndex=0 event=0 ip=2606:4700:a8::1
2026-08-08T21:52:44Z ERR Serve tunnel error error="control stream encountered a failure while serving" connIndex=0 event=0 ip=2606:4700:a8::1
2026-08-08T21:52:44Z INF Retrying connection in up to 1m4s connIndex=0 event=0 ip=2606:4700:a8::1
2026-08-08T21:52:58Z INF Tunnel connection curve preferences: [X25519MLKEM768 CurveID(65074) CurveP256] connIndex=0 event=0 ip=2606:4700:a8::1
2026-08-08T21:52:58Z ERR failed to run the datagram handler error="context canceled" connIndex=0 event=0 ip=2606:4700:a8::1
2026-08-08T21:52:58Z ERR failed to serve tunnel connection error="control stream encountered a failure while serving" connIndex=0 event=0 ip=2606:4700:a8::1
2026-08-08T21:52:58Z ERR Serve tunnel error error="control stream encountered a failure while serving" connIndex=0 event=0 ip=2606:4700:a8::1
2026-08-08T21:52:58Z INF Retrying connection in up to 1m4s connIndex=0 event=0 ip=2606:4700:a8::1
2026-08-08T21:53:20Z INF Tunnel connection curve preferences: [X25519MLKEM768 CurveID(65074) CurveP256] connIndex=0 event=0 ip=2606:4700:a8::1
2026-08-08T21:53:20Z ERR failed to run the datagram handler error="context canceled" connIndex=0 event=0 ip=2606:4700:a8::1
2026-08-08T21:53:20Z ERR failed to serve tunnel connection error="control stream encountered a failure while serving" connIndex=0 event=0 ip=2606:4700:a8::1
2026-08-08T21:53:20Z ERR Serve tunnel error error="control stream encountered a failure while serving" connIndex=0 event=0 ip=2606:4700:a8::1
2026-08-08T21:53:20Z INF Retrying connection in up to 1m4s connIndex=0 event=0 ip=2606:4700:a8::1
2026-08-08T21:53:41Z INF Tunnel connection curve preferences: [X25519MLKEM768 CurveID(65074) CurveP256] connIndex=0 event=0 ip=2606:4700:a8::1
2026-08-08T21:53:41Z ERR failed to run the datagram handler error="context canceled" connIndex=0 event=0 ip=2606:4700:a8::1
2026-08-08T21:53:41Z ERR failed to serve tunnel connection error="control stream encountered a failure while serving" connIndex=0 event=0 ip=2606:4700:a8::1
2026-08-08T21:53:41Z ERR Serve tunnel error error="control stream encountered a failure while serving" connIndex=0 event=0 ip=2606:4700:a8::1
2026-08-08T21:53:41Z INF Retrying connection in up to 1m4s connIndex=0 event=0 ip=2606:4700:a8::1
2026-08-08T21:54:08Z INF Tunnel connection curve preferences: [X25519MLKEM768 CurveID(65074) CurveP256] connIndex=0 event=0 ip=2606:4700:a8::1
2026-08-08T21:54:08Z ERR failed to run the datagram handler error="context canceled" connIndex=0 event=0 ip=2606:4700:a8::1
2026-08-08T21:54:08Z ERR failed to serve tunnel connection error="control stream encountered a failure while serving" connIndex=0 event=0 ip=2606:4700:a8::1
2026-08-08T21:54:08Z ERR Serve tunnel error error="control stream encountered a failure while serving" connIndex=0 event=0 ip=2606:4700:a8::1
2026-08-08T21:54:08Z INF Retrying connection in up to 1m4s connIndex=0 event=0 ip=2606:4700:a8::1
2026-08-08T21:54:18Z INF Tunnel connection curve preferences: [X25519MLKEM768 CurveID(65074) CurveP256] connIndex=0 event=0 ip=2606:4700:a8::1
2026-08-08T21:54:18Z ERR failed to run the datagram handler error="context canceled" connIndex=0 event=0 ip=2606:4700:a8::1
2026-08-08T21:54:18Z ERR failed to serve tunnel connection error="control stream encountered a failure while serving" connIndex=0 event=0 ip=2606:4700:a8::1
2026-08-08T21:54:18Z ERR Serve tunnel error error="control stream encountered a failure while serving" connIndex=0 event=0 ip=2606:4700:a8::1
2026-08-08T21:54:18Z INF Retrying connection in up to 1m4s connIndex=0 event=0 ip=2606:4700:a8::1
2026-08-08T21:54:39Z INF Tunnel connection curve preferences: [X25519MLKEM768 CurveID(65074) CurveP256] connIndex=0 event=0 ip=2606:4700:a8::1
2026-08-08T21:54:39Z ERR failed to run the datagram handler error="context canceled" connIndex=0 event=0 ip=2606:4700:a8::1
2026-08-08T21:54:39Z ERR failed to serve tunnel connection error="control stream encountered a failure while serving" connIndex=0 event=0 ip=2606:4700:a8::1
2026-08-08T21:54:39Z ERR Serve tunnel error error="control stream encountered a failure while serving" connIndex=0 event=0 ip=2606:4700:a8::1
2026-08-08T21:54:39Z INF Retrying connection in up to 1m4s connIndex=0 event=0 ip=2606:4700:a8::1
2026-08-08T21:54:43Z INF Tunnel connection curve preferences: [X25519MLKEM768 CurveID(65074) CurveP256] connIndex=0 event=0 ip=2606:4700:a8::1
2026-08-08T21:54:43Z ERR failed to run the datagram handler error="context canceled" connIndex=0 event=0 ip=2606:4700:a8::1
2026-08-08T21:54:43Z ERR failed to serve tunnel connection error="control stream encountered a failure while serving" connIndex=0 event=0 ip=2606:4700:a8::1
2026-08-08T21:54:43Z ERR Serve tunnel error error="control stream encountered a failure while serving" connIndex=0 event=0 ip=2606:4700:a8::1
2026-08-08T21:54:43Z INF Retrying connection in up to 1m4s connIndex=0 event=0 ip=2606:4700:a8::1
2026-08-08T21:54:43Z INF Tunnel connection curve preferences: [X25519MLKEM768 CurveID(65074) CurveP256] connIndex=0 event=0 ip=2606:4700:a8::1
2026-08-08T21:54:43Z ERR failed to run the datagram handler error="context canceled" connIndex=0 event=0 ip=2606:4700:a8::1
2026-08-08T21:54:43Z ERR failed to serve tunnel connection error="control stream encountered a failure while serving" connIndex=0 event=0 ip=2606:4700:a8::1
2026-08-08T21:54:43Z ERR Serve tunnel error error="control stream encountered a failure while serving" connIndex=0 event=0 ip=2606:4700:a8::1
2026-08-08T21:54:43Z INF Retrying connection in up to 1m4s connIndex=0 event=0 ip=2606:4700:a8::1
2026-08-08T21:54:58Z INF Tunnel connection curve preferences: [X25519MLKEM768 CurveID(65074) CurveP256] connIndex=0 event=0 ip=2606:4700:a8::1
2026-08-08T21:54:58Z ERR failed to run the datagram handler error="context canceled" connIndex=0 event=0 ip=2606:4700:a8::1
2026-08-08T21:54:58Z ERR failed to serve tunnel connection error="control stream encountered a failure while serving" connIndex=0 event=0 ip=2606:4700:a8::1
2026-08-08T21:54:58Z ERR Serve tunnel error error="control stream encountered a failure while serving" connIndex=0 event=0 ip=2606:4700:a8::1
2026-08-08T21:54:58Z INF Retrying connection in up to 1m4s connIndex=0 event=0 ip=2606:4700:a8::1
2026-08-08T21:55:12Z INF Tunnel connection curve preferences: [X25519MLKEM768 CurveID(65074) CurveP256] connIndex=0 event=0 ip=2606:4700:a8::1
2026-08-08T21:55:12Z ERR failed to run the datagram handler error="context canceled" connIndex=0 event=0 ip=2606:4700:a8::1
2026-08-08T21:55:12Z ERR failed to serve tunnel connection error="control stream encountered a failure while serving" connIndex=0 event=0 ip=2606:4700:a8::1
2026-08-08T21:55:12Z ERR Serve tunnel error error="control stream encountered a failure while serving" connIndex=0 event=0 ip=2606:4700:a8::1
2026-08-08T21:55:12Z INF Retrying connection in up to 1m4s connIndex=0 event=0 ip=2606:4700:a8::1
2026-08-08T21:55:32Z INF Tunnel connection curve preferences: [X25519MLKEM768 CurveID(65074) CurveP256] connIndex=0 event=0 ip=2606:4700:a8::1
2026-08-08T21:55:32Z ERR failed to run the datagram handler error="context canceled" connIndex=0 event=0 ip=2606:4700:a8::1
2026-08-08T21:55:32Z ERR failed to serve tunnel connection error="control stream encountered a failure while serving" connIndex=0 event=0 ip=2606:4700:a8::1
2026-08-08T21:55:32Z ERR Serve tunnel error error="control stream encountered a failure while serving" connIndex=0 event=0 ip=2606:4700:a8::1
2026-08-08T21:55:32Z INF Retrying connection in up to 1m4s connIndex=0 event=0 ip=2606:4700:a8::1
2026-08-08T21:55:42Z INF Tunnel connection curve preferences: [X25519MLKEM768 CurveID(65074) CurveP256] connIndex=0 event=0 ip=2606:4700:a8::1
2026-08-08T21:55:42Z ERR failed to run the datagram handler error="context canceled" connIndex=0 event=0 ip=2606:4700:a8::1
2026-08-08T21:55:42Z ERR failed to serve tunnel connection error="control stream encountered a failure while serving" connIndex=0 event=0 ip=2606:4700:a8::1
2026-08-08T21:55:42Z ERR Serve tunnel error error="control stream encountered a failure while serving" connIndex=0 event=0 ip=2606:4700:a8::1
2026-08-08T21:55:42Z INF Retrying connection in up to 1m4s connIndex=0 event=0 ip=2606:4700:a8::1
2026-08-08T21:55:47Z INF Tunnel connection curve preferences: [X25519MLKEM768 CurveID(65074) CurveP256] connIndex=0 event=0 ip=2606:4700:a8::1
2026-08-08T21:55:48Z ERR failed to run the datagram handler error="context canceled" connIndex=0 event=0 ip=2606:4700:a8::1
2026-08-08T21:55:48Z ERR failed to serve tunnel connection error="control stream encountered a failure while serving" connIndex=0 event=0 ip=2606:4700:a8::1
2026-08-08T21:55:48Z ERR Serve tunnel error error="control stream encountered a failure while serving" connIndex=0 event=0 ip=2606:4700:a8::1
2026-08-08T21:55:48Z INF Retrying connection in up to 1m4s connIndex=0 event=0 ip=2606:4700:a8::1
2026-08-08T21:55:52Z INF Tunnel connection curve preferences: [X25519MLKEM768 CurveID(65074) CurveP256] connIndex=0 event=0 ip=2606:4700:a8::1
2026-08-08T21:55:52Z ERR failed to run the datagram handler error="context canceled" connIndex=0 event=0 ip=2606:4700:a8::1
2026-08-08T21:55:52Z ERR failed to serve tunnel connection error="control stream encountered a failure while serving" connIndex=0 event=0 ip=2606:4700:a8::1
2026-08-08T21:55:52Z ERR Serve tunnel error error="control stream encountered a failure while serving" connIndex=0 event=0 ip=2606:4700:a8::1
2026-08-08T21:55:52Z INF Retrying connection in up to 1m4s connIndex=0 event=0 ip=2606:4700:a8::1
2026-08-08T21:56:09Z INF Tunnel connection curve preferences: [X25519MLKEM768 CurveID(65074) CurveP256] connIndex=0 event=0 ip=2606:4700:a8::1
2026-08-08T21:56:09Z ERR failed to run the datagram handler error="context canceled" connIndex=0 event=0 ip=2606:4700:a8::1
2026-08-08T21:56:09Z ERR failed to serve tunnel connection error="control stream encountered a failure while serving" connIndex=0 event=0 ip=2606:4700:a8::1
2026-08-08T21:56:09Z ERR Serve tunnel error error="control stream encountered a failure while serving" connIndex=0 event=0 ip=2606:4700:a8::1
2026-08-08T21:56:09Z INF Retrying connection in up to 1m4s connIndex=0 event=0 ip=2606:4700:a8::1
2026-08-08T21:56:14Z INF Tunnel connection curve preferences: [X25519MLKEM768 CurveID(65074) CurveP256] connIndex=0 event=0 ip=2606:4700:a8::1
2026-08-08T21:56:14Z ERR failed to run the datagram handler error="context canceled" connIndex=0 event=0 ip=2606:4700:a8::1
2026-08-08T21:56:14Z ERR failed to serve tunnel connection error="control stream encountered a failure while serving" connIndex=0 event=0 ip=2606:4700:a8::1
2026-08-08T21:56:14Z ERR Serve tunnel error error="control stream encountered a failure while serving" connIndex=0 event=0 ip=2606:4700:a8::1
2026-08-08T21:56:14Z INF Retrying connection in up to 1m4s connIndex=0 event=0 ip=2606:4700:a8::1
2026-08-08T21:56:36Z INF Tunnel connection curve preferences: [X25519MLKEM768 CurveID(65074) CurveP256] connIndex=0 event=0 ip=2606:4700:a8::1
2026-08-08T21:56:36Z ERR failed to run the datagram handler error="context canceled" connIndex=0 event=0 ip=2606:4700:a8::1
2026-08-08T21:56:36Z ERR failed to serve tunnel connection error="control stream encountered a failure while serving" connIndex=0 event=0 ip=2606:4700:a8::1
2026-08-08T21:56:36Z ERR Serve tunnel error error="control stream encountered a failure while serving" connIndex=0 event=0 ip=2606:4700:a8::1
2026-08-08T21:56:36Z INF Retrying connection in up to 1m4s connIndex=0 event=0 ip=2606:4700:a8::1
2026-08-08T21:56:40Z INF Tunnel connection curve preferences: [X25519MLKEM768 CurveID(65074) CurveP256] connIndex=0 event=0 ip=2606:4700:a8::1
2026-08-08T21:56:40Z ERR failed to run the datagram handler error="context canceled" connIndex=0 event=0 ip=2606:4700:a8::1
2026-08-08T21:56:40Z ERR failed to serve tunnel connection error="control stream encountered a failure while serving" connIndex=0 event=0 ip=2606:4700:a8::1
2026-08-08T21:56:40Z ERR Serve tunnel error error="control stream encountered a failure while serving" connIndex=0 event=0 ip=2606:4700:a8::1
2026-08-08T21:56:40Z INF Retrying connection in up to 1m4s connIndex=0 event=0 ip=2606:4700:a8::1
2026-08-08T21:57:08Z INF Tunnel connection curve preferences: [X25519MLKEM768 CurveID(65074) CurveP256] connIndex=0 event=0 ip=2606:4700:a8::1
2026-08-08T21:57:08Z ERR failed to run the datagram handler error="context canceled" connIndex=0 event=0 ip=2606:4700:a8::1
2026-08-08T21:57:08Z ERR failed to serve tunnel connection error="control stream encountered a failure while serving" connIndex=0 event=0 ip=2606:4700:a8::1
2026-08-08T21:57:08Z ERR Serve tunnel error error="control stream encountered a failure while serving" connIndex=0 event=0 ip=2606:4700:a8::1
2026-08-08T21:57:08Z INF Retrying connection in up to 1m4s connIndex=0 event=0 ip=2606:4700:a8::1
2026-08-08T21:57:15Z INF Tunnel connection curve preferences: [X25519MLKEM768 CurveID(65074) CurveP256] connIndex=0 event=0 ip=2606:4700:a8::1
2026-08-08T21:57:15Z ERR failed to run the datagram handler error="context canceled" connIndex=0 event=0 ip=2606:4700:a8::1
2026-08-08T21:57:15Z ERR failed to serve tunnel connection error="control stream encountered a failure while serving" connIndex=0 event=0 ip=2606:4700:a8::1
2026-08-08T21:57:15Z ERR Serve tunnel error error="control stream encountered a failure while serving" connIndex=0 event=0 ip=2606:4700:a8::1
2026-08-08T21:57:15Z INF Retrying connection in up to 1m4s connIndex=0 event=0 ip=2606:4700:a8::1
2026-08-08T21:57:39Z INF Tunnel connection curve preferences: [X25519MLKEM768 CurveID(65074) CurveP256] connIndex=0 event=0 ip=2606:4700:a8::1
2026-08-08T21:57:39Z ERR failed to run the datagram handler error="context canceled" connIndex=0 event=0 ip=2606:4700:a8::1
2026-08-08T21:57:39Z ERR failed to serve tunnel connection error="control stream encountered a failure while serving" connIndex=0 event=0 ip=2606:4700:a8::1
2026-08-08T21:57:39Z ERR Serve tunnel error error="control stream encountered a failure while serving" connIndex=0 event=0 ip=2606:4700:a8::1
2026-08-08T21:57:39Z INF Retrying connection in up to 1m4s connIndex=0 event=0 ip=2606:4700:a8::1
2026-08-08T21:57:56Z INF Tunnel connection curve preferences: [X25519MLKEM768 CurveID(65074) CurveP256] connIndex=0 event=0 ip=2606:4700:a8::1
2026-08-08T21:57:56Z ERR failed to run the datagram handler error="context canceled" connIndex=0 event=0 ip=2606:4700:a8::1
2026-08-08T21:57:56Z ERR failed to serve tunnel connection error="control stream encountered a failure while serving" connIndex=0 event=0 ip=2606:4700:a8::1
2026-08-08T21:57:56Z ERR Serve tunnel error error="control stream encountered a failure while serving" connIndex=0 event=0 ip=2606:4700:a8::1
2026-08-08T21:57:56Z INF Retrying connection in up to 1m4s connIndex=0 event=0 ip=2606:4700:a8::1
2026-08-08T21:58:25Z INF Tunnel connection curve preferences: [X25519MLKEM768 CurveID(65074) CurveP256] connIndex=0 event=0 ip=2606:4700:a8::1
2026-08-08T21:58:25Z ERR failed to run the datagram handler error="context canceled" connIndex=0 event=0 ip=2606:4700:a8::1
2026-08-08T21:58:25Z ERR failed to serve tunnel connection error="control stream encountered a failure while serving" connIndex=0 event=0 ip=2606:4700:a8::1
2026-08-08T21:58:25Z ERR Serve tunnel error error="control stream encountered a failure while serving" connIndex=0 event=0 ip=2606:4700:a8::1
2026-08-08T21:58:25Z INF Retrying connection in up to 1m4s connIndex=0 event=0 ip=2606:4700:a8::1
2026-08-08T21:58:31Z INF Tunnel connection curve preferences: [X25519MLKEM768 CurveID(65074) CurveP256] connIndex=0 event=0 ip=2606:4700:a8::1
2026-08-08T21:58:32Z ERR failed to run the datagram handler error="context canceled" connIndex=0 event=0 ip=2606:4700:a8::1
2026-08-08T21:58:32Z ERR failed to serve tunnel connection error="control stream encountered a failure while serving" connIndex=0 event=0 ip=2606:4700:a8::1
2026-08-08T21:58:32Z ERR Serve tunnel error error="control stream encountered a failure while serving" connIndex=0 event=0 ip=2606:4700:a8::1
2026-08-08T21:58:32Z INF Retrying connection in up to 1m4s connIndex=0 event=0 ip=2606:4700:a8::1
2026-08-08T21:58:55Z INF Tunnel connection curve preferences: [X25519MLKEM768 CurveID(65074) CurveP256] connIndex=0 event=0 ip=2606:4700:a8::1
2026-08-08T21:58:55Z ERR failed to run the datagram handler error="context canceled" connIndex=0 event=0 ip=2606:4700:a8::1
2026-08-08T21:58:55Z ERR failed to serve tunnel connection error="control stream encountered a failure while serving" connIndex=0 event=0 ip=2606:4700:a8::1
2026-08-08T21:58:55Z ERR Serve tunnel error error="control stream encountered a failure while serving" connIndex=0 event=0 ip=2606:4700:a8::1
2026-08-08T21:58:55Z INF Retrying connection in up to 1m4s connIndex=0 event=0 ip=2606:4700:a8::1
2026-08-08T21:59:12Z INF Tunnel connection curve preferences: [X25519MLKEM768 CurveID(65074) CurveP256] connIndex=0 event=0 ip=2606:4700:a8::1
2026-08-08T21:59:12Z ERR failed to run the datagram handler error="context canceled" connIndex=0 event=0 ip=2606:4700:a8::1
2026-08-08T21:59:12Z ERR failed to serve tunnel connection error="control stream encountered a failure while serving" connIndex=0 event=0 ip=2606:4700:a8::1
2026-08-08T21:59:12Z ERR Serve tunnel error error="control stream encountered a failure while serving" connIndex=0 event=0 ip=2606:4700:a8::1
2026-08-08T21:59:12Z INF Retrying connection in up to 1m4s connIndex=0 event=0 ip=2606:4700:a8::1
2026-08-08T21:59:17Z INF Tunnel connection curve preferences: [X25519MLKEM768 CurveID(65074) CurveP256] connIndex=0 event=0 ip=2606:4700:a8::1
2026-08-08T21:59:17Z ERR failed to run the datagram handler error="context canceled" connIndex=0 event=0 ip=2606:4700:a8::1
2026-08-08T21:59:17Z ERR failed to serve tunnel connection error="control stream encountered a failure while serving" connIndex=0 event=0 ip=2606:4700:a8::1
2026-08-08T21:59:17Z ERR Serve tunnel error error="control stream encountered a failure while serving" connIndex=0 event=0 ip=2606:4700:a8::1
2026-08-08T21:59:17Z INF Retrying connection in up to 1m4s connIndex=0 event=0 ip=2606:4700:a8::1
2026-08-08T21:59:31Z INF Tunnel connection curve preferences: [X25519MLKEM768 CurveID(65074) CurveP256] connIndex=0 event=0 ip=2606:4700:a8::1
2026-08-08T21:59:31Z ERR failed to run the datagram handler error="context canceled" connIndex=0 event=0 ip=2606:4700:a8::1
2026-08-08T21:59:31Z ERR failed to serve tunnel connection error="control stream encountered a failure while serving" connIndex=0 event=0 ip=2606:4700:a8::1
2026-08-08T21:59:31Z ERR Serve tunnel error error="control stream encountered a failure while serving" connIndex=0 event=0 ip=2606:4700:a8::1
2026-08-08T21:59:31Z INF Retrying connection in up to 1m4s connIndex=0 event=0 ip=2606:4700:a8::1
2026-08-08T21:59:47Z INF Tunnel connection curve preferences: [X25519MLKEM768 CurveID(65074) CurveP256] connIndex=0 event=0 ip=2606:4700:a8::1
2026-08-08T21:59:47Z ERR failed to run the datagram handler error="context canceled" connIndex=0 event=0 ip=2606:4700:a8::1
2026-08-08T21:59:47Z ERR failed to serve tunnel connection error="control stream encountered a failure while serving" connIndex=0 event=0 ip=2606:4700:a8::1
2026-08-08T21:59:47Z ERR Serve tunnel error error="control stream encountered a failure while serving" connIndex=0 event=0 ip=2606:4700:a8::1
2026-08-08T21:59:47Z INF Retrying connection in up to 1m4s connIndex=0 event=0 ip=2606:4700:a8::1
2026-08-08T22:00:18Z INF Tunnel connection curve preferences: [X25519MLKEM768 CurveID(65074) CurveP256] connIndex=0 event=0 ip=2606:4700:a8::1
2026-08-08T22:00:19Z ERR failed to run the datagram handler error="context canceled" connIndex=0 event=0 ip=2606:4700:a8::1
2026-08-08T22:00:19Z ERR failed to serve tunnel connection error="control stream encountered a failure while serving" connIndex=0 event=0 ip=2606:4700:a8::1
2026-08-08T22:00:19Z ERR Serve tunnel error error="control stream encountered a failure while serving" connIndex=0 event=0 ip=2606:4700:a8::1
2026-08-08T22:00:19Z INF Retrying connection in up to 1m4s connIndex=0 event=0 ip=2606:4700:a8::1
2026-08-08T22:00:41Z INF Tunnel connection curve preferences: [X25519MLKEM768 CurveID(65074) CurveP256] connIndex=0 event=0 ip=2606:4700:a8::1
2026-08-08T22:00:41Z ERR failed to run the datagram handler error="context canceled" connIndex=0 event=0 ip=2606:4700:a8::1
2026-08-08T22:00:41Z ERR failed to serve tunnel connection error="control stream encountered a failure while serving" connIndex=0 event=0 ip=2606:4700:a8::1
2026-08-08T22:00:41Z ERR Serve tunnel error error="control stream encountered a failure while serving" connIndex=0 event=0 ip=2606:4700:a8::1
2026-08-08T22:00:41Z INF Retrying connection in up to 1m4s connIndex=0 event=0 ip=2606:4700:a8::1
2026-08-08T22:01:05Z INF Tunnel connection curve preferences: [X25519MLKEM768 CurveID(65074) CurveP256] connIndex=0 event=0 ip=2606:4700:a8::1
2026-08-08T22:01:05Z ERR failed to run the datagram handler error="context canceled" connIndex=0 event=0 ip=2606:4700:a8::1
2026-08-08T22:01:05Z ERR failed to serve tunnel connection error="control stream encountered a failure while serving" connIndex=0 event=0 ip=2606:4700:a8::1
2026-08-08T22:01:05Z ERR Serve tunnel error error="control stream encountered a failure while serving" connIndex=0 event=0 ip=2606:4700:a8::1
2026-08-08T22:01:05Z INF Retrying connection in up to 1m4s connIndex=0 event=0 ip=2606:4700:a8::1
2026-08-08T22:01:13Z INF Tunnel connection curve preferences: [X25519MLKEM768 CurveID(65074) CurveP256] connIndex=0 event=0 ip=2606:4700:a8::1
2026-08-08T22:01:13Z ERR failed to run the datagram handler error="context canceled" connIndex=0 event=0 ip=2606:4700:a8::1
2026-08-08T22:01:13Z ERR failed to serve tunnel connection error="control stream encountered a failure while serving" connIndex=0 event=0 ip=2606:4700:a8::1
2026-08-08T22:01:13Z ERR Serve tunnel error error="control stream encountered a failure while serving" connIndex=0 event=0 ip=2606:4700:a8::1
2026-08-08T22:01:13Z INF Retrying connection in up to 1m4s connIndex=0 event=0 ip=2606:4700:a8::1
2026-08-08T22:01:25Z INF Tunnel connection curve preferences: [X25519MLKEM768 CurveID(65074) CurveP256] connIndex=0 event=0 ip=2606:4700:a8::1
2026-08-08T22:01:26Z ERR failed to run the datagram handler error="context canceled" connIndex=0 event=0 ip=2606:4700:a8::1
2026-08-08T22:01:26Z ERR failed to serve tunnel connection error="control stream encountered a failure while serving" connIndex=0 event=0 ip=2606:4700:a8::1
2026-08-08T22:01:26Z ERR Serve tunnel error error="control stream encountered a failure while serving" connIndex=0 event=0 ip=2606:4700:a8::1
2026-08-08T22:01:26Z INF Retrying connection in up to 1m4s connIndex=0 event=0 ip=2606:4700:a8::1
2026-08-08T22:01:45Z INF Tunnel connection curve preferences: [X25519MLKEM768 CurveID(65074) CurveP256] connIndex=0 event=0 ip=2606:4700:a8::1
2026-08-08T22:01:45Z ERR failed to run the datagram handler error="context canceled" connIndex=0 event=0 ip=2606:4700:a8::1
2026-08-08T22:01:45Z ERR failed to serve tunnel connection error="control stream encountered a failure while serving" connIndex=0 event=0 ip=2606:4700:a8::1
2026-08-08T22:01:45Z ERR Serve tunnel error error="control stream encountered a failure while serving" connIndex=0 event=0 ip=2606:4700:a8::1
2026-08-08T22:01:45Z INF Retrying connection in up to 1m4s connIndex=0 event=0 ip=2606:4700:a8::1
2026-08-08T22:02:05Z INF Tunnel connection curve preferences: [X25519MLKEM768 CurveID(65074) CurveP256] connIndex=0 event=0 ip=2606:4700:a8::1
2026-08-08T22:02:05Z ERR failed to run the datagram handler error="context canceled" connIndex=0 event=0 ip=2606:4700:a8::1
2026-08-08T22:02:05Z ERR failed to serve tunnel connection error="control stream encountered a failure while serving" connIndex=0 event=0 ip=2606:4700:a8::1
2026-08-08T22:02:05Z ERR Serve tunnel error error="control stream encountered a failure while serving" connIndex=0 event=0 ip=2606:4700:a8::1
2026-08-08T22:02:05Z INF Retrying connection in up to 1m4s connIndex=0 event=0 ip=2606:4700:a8::1
2026-08-08T22:02:21Z INF Tunnel connection curve preferences: [X25519MLKEM768 CurveID(65074) CurveP256] connIndex=0 event=0 ip=2606:4700:a8::1
2026-08-08T22:02:22Z ERR failed to run the datagram handler error="context canceled" connIndex=0 event=0 ip=2606:4700:a8::1
2026-08-08T22:02:22Z ERR failed to serve tunnel connection error="control stream encountered a failure while serving" connIndex=0 event=0 ip=2606:4700:a8::1
2026-08-08T22:02:22Z ERR Serve tunnel error error="control stream encountered a failure while serving" connIndex=0 event=0 ip=2606:4700:a8::1
2026-08-08T22:02:22Z INF Retrying connection in up to 1m4s connIndex=0 event=0 ip=2606:4700:a8::1
2026-08-08T22:02:48Z INF Tunnel connection curve preferences: [X25519MLKEM768 CurveID(65074) CurveP256] connIndex=0 event=0 ip=2606:4700:a8::1
2026-08-08T22:02:48Z ERR failed to run the datagram handler error="context canceled" connIndex=0 event=0 ip=2606:4700:a8::1
2026-08-08T22:02:48Z ERR failed to serve tunnel connection error="control stream encountered a failure while serving" connIndex=0 event=0 ip=2606:4700:a8::1
2026-08-08T22:02:48Z ERR Serve tunnel error error="control stream encountered a failure while serving" connIndex=0 event=0 ip=2606:4700:a8::1
2026-08-08T22:02:48Z INF Retrying connection in up to 1m4s connIndex=0 event=0 ip=2606:4700:a8::1
2026-08-08T22:03:03Z INF Tunnel connection curve preferences: [X25519MLKEM768 CurveID(65074) CurveP256] connIndex=0 event=0 ip=2606:4700:a8::1
2026-08-08T22:03:04Z ERR failed to run the datagram handler error="context canceled" connIndex=0 event=0 ip=2606:4700:a8::1
2026-08-08T22:03:04Z ERR failed to serve tunnel connection error="control stream encountered a failure while serving" connIndex=0 event=0 ip=2606:4700:a8::1
2026-08-08T22:03:04Z ERR Serve tunnel error error="control stream encountered a failure while serving" connIndex=0 event=0 ip=2606:4700:a8::1
2026-08-08T22:03:04Z INF Retrying connection in up to 1m4s connIndex=0 event=0 ip=2606:4700:a8::1
2026-08-08T22:03:15Z INF Tunnel connection curve preferences: [X25519MLKEM768 CurveID(65074) CurveP256] connIndex=0 event=0 ip=2606:4700:a8::1
2026-08-08T22:03:16Z ERR failed to run the datagram handler error="context canceled" connIndex=0 event=0 ip=2606:4700:a8::1
2026-08-08T22:03:16Z ERR failed to serve tunnel connection error="control stream encountered a failure while serving" connIndex=0 event=0 ip=2606:4700:a8::1
2026-08-08T22:03:16Z ERR Serve tunnel error error="control stream encountered a failure while serving" connIndex=0 event=0 ip=2606:4700:a8::1
2026-08-08T22:03:16Z INF Retrying connection in up to 1m4s connIndex=0 event=0 ip=2606:4700:a8::1
2026-08-08T22:03:46Z INF Tunnel connection curve preferences: [X25519MLKEM768 CurveID(65074) CurveP256] connIndex=0 event=0 ip=2606:4700:a8::1
2026-08-08T22:03:46Z ERR failed to run the datagram handler error="context canceled" connIndex=0 event=0 ip=2606:4700:a8::1
2026-08-08T22:03:46Z ERR failed to serve tunnel connection error="control stream encountered a failure while serving" connIndex=0 event=0 ip=2606:4700:a8::1
2026-08-08T22:03:46Z ERR Serve tunnel error error="control stream encountered a failure while serving" connIndex=0 event=0 ip=2606:4700:a8::1
2026-08-08T22:03:46Z INF Retrying connection in up to 1m4s connIndex=0 event=0 ip=2606:4700:a8::1
2026-08-08T22:04:12Z INF Tunnel connection curve preferences: [X25519MLKEM768 CurveID(65074) CurveP256] connIndex=0 event=0 ip=2606:4700:a8::1
2026-08-08T22:04:12Z ERR failed to run the datagram handler error="context canceled" connIndex=0 event=0 ip=2606:4700:a8::1
2026-08-08T22:04:12Z ERR failed to serve tunnel connection error="control stream encountered a failure while serving" connIndex=0 event=0 ip=2606:4700:a8::1
2026-08-08T22:04:12Z ERR Serve tunnel error error="control stream encountered a failure while serving" connIndex=0 event=0 ip=2606:4700:a8::1
2026-08-08T22:04:12Z INF Retrying connection in up to 1m4s connIndex=0 event=0 ip=2606:4700:a8::1
2026-08-08T22:04:39Z INF Tunnel connection curve preferences: [X25519MLKEM768 CurveID(65074) CurveP256] connIndex=0 event=0 ip=2606:4700:a8::1
2026-08-08T22:04:40Z ERR failed to run the datagram handler error="context canceled" connIndex=0 event=0 ip=2606:4700:a8::1
2026-08-08T22:04:40Z ERR failed to serve tunnel connection error="control stream encountered a failure while serving" connIndex=0 event=0 ip=2606:4700:a8::1
2026-08-08T22:04:40Z ERR Serve tunnel error error="control stream encountered a failure while serving" connIndex=0 event=0 ip=2606:4700:a8::1
2026-08-08T22:04:40Z INF Retrying connection in up to 1m4s connIndex=0 event=0 ip=2606:4700:a8::1
2026-08-08T22:04:44Z INF Tunnel connection curve preferences: [X25519MLKEM768 CurveID(65074) CurveP256] connIndex=0 event=0 ip=2606:4700:a8::1
2026-08-08T22:04:44Z ERR failed to run the datagram handler error="context canceled" connIndex=0 event=0 ip=2606:4700:a8::1
2026-08-08T22:04:44Z ERR failed to serve tunnel connection error="control stream encountered a failure while serving" connIndex=0 event=0 ip=2606:4700:a8::1
2026-08-08T22:04:44Z ERR Serve tunnel error error="control stream encountered a failure while serving" connIndex=0 event=0 ip=2606:4700:a8::1
2026-08-08T22:04:44Z INF Retrying connection in up to 1m4s connIndex=0 event=0 ip=2606:4700:a8::1
2026-08-08T22:05:00Z INF Tunnel connection curve preferences: [X25519MLKEM768 CurveID(65074) CurveP256] connIndex=0 event=0 ip=2606:4700:a8::1
2026-08-08T22:05:00Z ERR failed to run the datagram handler error="context canceled" connIndex=0 event=0 ip=2606:4700:a8::1
2026-08-08T22:05:00Z ERR failed to serve tunnel connection error="control stream encountered a failure while serving" connIndex=0 event=0 ip=2606:4700:a8::1
2026-08-08T22:05:00Z ERR Serve tunnel error error="control stream encountered a failure while serving" connIndex=0 event=0 ip=2606:4700:a8::1
2026-08-08T22:05:00Z INF Retrying connection in up to 1m4s connIndex=0 event=0 ip=2606:4700:a8::1
2026-08-08T22:05:09Z INF Tunnel connection curve preferences: [X25519MLKEM768 CurveID(65074) CurveP256] connIndex=0 event=0 ip=2606:4700:a8::1
2026-08-08T22:05:09Z ERR failed to run the datagram handler error="context canceled" connIndex=0 event=0 ip=2606:4700:a8::1
2026-08-08T22:05:09Z ERR failed to serve tunnel connection error="control stream encountered a failure while serving" connIndex=0 event=0 ip=2606:4700:a8::1
2026-08-08T22:05:09Z ERR Serve tunnel error error="control stream encountered a failure while serving" connIndex=0 event=0 ip=2606:4700:a8::1
2026-08-08T22:05:09Z INF Retrying connection in up to 1m4s connIndex=0 event=0 ip=2606:4700:a8::1
2026-08-08T22:05:25Z INF Tunnel connection curve preferences: [X25519MLKEM768 CurveID(65074) CurveP256] connIndex=0 event=0 ip=2606:4700:a8::1
2026-08-08T22:05:26Z ERR failed to run the datagram handler error="context canceled" connIndex=0 event=0 ip=2606:4700:a8::1
2026-08-08T22:05:26Z ERR failed to serve tunnel connection error="control stream encountered a failure while serving" connIndex=0 event=0 ip=2606:4700:a8::1
2026-08-08T22:05:26Z ERR Serve tunnel error error="control stream encountered a failure while serving" connIndex=0 event=0 ip=2606:4700:a8::1
2026-08-08T22:05:26Z INF Retrying connection in up to 1m4s connIndex=0 event=0 ip=2606:4700:a8::1
2026-08-08T22:05:46Z INF Tunnel connection curve preferences: [X25519MLKEM768 CurveID(65074) CurveP256] connIndex=0 event=0 ip=2606:4700:a8::1
2026-08-08T22:05:46Z ERR failed to run the datagram handler error="context canceled" connIndex=0 event=0 ip=2606:4700:a8::1
2026-08-08T22:05:46Z ERR failed to serve tunnel connection error="control stream encountered a failure while serving" connIndex=0 event=0 ip=2606:4700:a8::1
2026-08-08T22:05:46Z ERR Serve tunnel error error="control stream encountered a failure while serving" connIndex=0 event=0 ip=2606:4700:a8::1
2026-08-08T22:05:46Z INF Retrying connection in up to 1m4s connIndex=0 event=0 ip=2606:4700:a8::1
2026-08-08T22:06:00Z INF Tunnel connection curve preferences: [X25519MLKEM768 CurveID(65074) CurveP256] connIndex=0 event=0 ip=2606:4700:a8::1
2026-08-08T22:06:00Z ERR failed to run the datagram handler error="context canceled" connIndex=0 event=0 ip=2606:4700:a8::1
2026-08-08T22:06:00Z ERR failed to serve tunnel connection error="control stream encountered a failure while serving" connIndex=0 event=0 ip=2606:4700:a8::1
2026-08-08T22:06:00Z ERR Serve tunnel error error="control stream encountered a failure while serving" connIndex=0 event=0 ip=2606:4700:a8::1
2026-08-08T22:06:00Z INF Retrying connection in up to 1m4s connIndex=0 event=0 ip=2606:4700:a8::1
2026-08-08T22:06:19Z INF Tunnel connection curve preferences: [X25519MLKEM768 CurveID(65074) CurveP256] connIndex=0 event=0 ip=2606:4700:a8::1
2026-08-08T22:06:19Z ERR failed to run the datagram handler error="context canceled" connIndex=0 event=0 ip=2606:4700:a8::1
2026-08-08T22:06:19Z ERR failed to serve tunnel connection error="control stream encountered a failure while serving" connIndex=0 event=0 ip=2606:4700:a8::1
2026-08-08T22:06:19Z ERR Serve tunnel error error="control stream encountered a failure while serving" connIndex=0 event=0 ip=2606:4700:a8::1
2026-08-08T22:06:19Z INF Retrying connection in up to 1m4s connIndex=0 event=0 ip=2606:4700:a8::1
2026-08-08T22:06:37Z INF Tunnel connection curve preferences: [X25519MLKEM768 CurveID(65074) CurveP256] connIndex=0 event=0 ip=2606:4700:a8::1
2026-08-08T22:06:37Z ERR failed to run the datagram handler error="context canceled" connIndex=0 event=0 ip=2606:4700:a8::1
2026-08-08T22:06:37Z ERR failed to serve tunnel connection error="control stream encountered a failure while serving" connIndex=0 event=0 ip=2606:4700:a8::1
2026-08-08T22:06:37Z ERR Serve tunnel error error="control stream encountered a failure while serving" connIndex=0 event=0 ip=2606:4700:a8::1
2026-08-08T22:06:37Z INF Retrying connection in up to 1m4s connIndex=0 event=0 ip=2606:4700:a8::1
2026-08-08T22:06:59Z INF Tunnel connection curve preferences: [X25519MLKEM768 CurveID(65074) CurveP256] connIndex=0 event=0 ip=2606:4700:a8::1
2026-08-08T22:06:59Z ERR failed to run the datagram handler error="context canceled" connIndex=0 event=0 ip=2606:4700:a8::1
2026-08-08T22:06:59Z ERR failed to serve tunnel connection error="control stream encountered a failure while serving" connIndex=0 event=0 ip=2606:4700:a8::1
2026-08-08T22:06:59Z ERR Serve tunnel error error="control stream encountered a failure while serving" connIndex=0 event=0 ip=2606:4700:a8::1
2026-08-08T22:06:59Z INF Retrying connection in up to 1m4s connIndex=0 event=0 ip=2606:4700:a8::1
2026-08-08T22:07:14Z INF Tunnel connection curve preferences: [X25519MLKEM768 CurveID(65074) CurveP256] connIndex=0 event=0 ip=2606:4700:a8::1
2026-08-08T22:07:14Z ERR failed to run the datagram handler error="context canceled" connIndex=0 event=0 ip=2606:4700:a8::1
2026-08-08T22:07:14Z ERR failed to serve tunnel connection error="control stream encountered a failure while serving" connIndex=0 event=0 ip=2606:4700:a8::1
2026-08-08T22:07:14Z ERR Serve tunnel error error="control stream encountered a failure while serving" connIndex=0 event=0 ip=2606:4700:a8::1
2026-08-08T22:07:14Z INF Retrying connection in up to 1m4s connIndex=0 event=0 ip=2606:4700:a8::1
2026-08-08T22:07:44Z INF Tunnel connection curve preferences: [X25519MLKEM768 CurveID(65074) CurveP256] connIndex=0 event=0 ip=2606:4700:a8::1
2026-08-08T22:07:45Z ERR failed to run the datagram handler error="context canceled" connIndex=0 event=0 ip=2606:4700:a8::1
2026-08-08T22:07:45Z ERR failed to serve tunnel connection error="control stream encountered a failure while serving" connIndex=0 event=0 ip=2606:4700:a8::1
2026-08-08T22:07:45Z ERR Serve tunnel error error="control stream encountered a failure while serving" connIndex=0 event=0 ip=2606:4700:a8::1
2026-08-08T22:07:45Z INF Retrying connection in up to 1m4s connIndex=0 event=0 ip=2606:4700:a8::1
2026-08-08T22:07:53Z INF Tunnel connection curve preferences: [X25519MLKEM768 CurveID(65074) CurveP256] connIndex=0 event=0 ip=2606:4700:a8::1
2026-08-08T22:07:53Z ERR failed to run the datagram handler error="context canceled" connIndex=0 event=0 ip=2606:4700:a8::1
2026-08-08T22:07:53Z ERR failed to serve tunnel connection error="control stream encountered a failure while serving" connIndex=0 event=0 ip=2606:4700:a8::1
2026-08-08T22:07:53Z ERR Serve tunnel error error="control stream encountered a failure while serving" connIndex=0 event=0 ip=2606:4700:a8::1
2026-08-08T22:07:53Z INF Retrying connection in up to 1m4s connIndex=0 event=0 ip=2606:4700:a8::1
2026-08-08T22:07:56Z INF Tunnel connection curve preferences: [X25519MLKEM768 CurveID(65074) CurveP256] connIndex=0 event=0 ip=2606:4700:a8::1
2026-08-08T22:07:56Z ERR failed to run the datagram handler error="context canceled" connIndex=0 event=0 ip=2606:4700:a8::1
2026-08-08T22:07:56Z ERR failed to serve tunnel connection error="control stream encountered a failure while serving" connIndex=0 event=0 ip=2606:4700:a8::1
2026-08-08T22:07:56Z ERR Serve tunnel error error="control stream encountered a failure while serving" connIndex=0 event=0 ip=2606:4700:a8::1
2026-08-08T22:07:56Z INF Retrying connection in up to 1m4s connIndex=0 event=0 ip=2606:4700:a8::1
2026-08-08T22:08:06Z INF Tunnel connection curve preferences: [X25519MLKEM768 CurveID(65074) CurveP256] connIndex=0 event=0 ip=2606:4700:a8::1
2026-08-08T22:08:06Z ERR failed to run the datagram handler error="context canceled" connIndex=0 event=0 ip=2606:4700:a8::1
2026-08-08T22:08:06Z ERR failed to serve tunnel connection error="control stream encountered a failure while serving" connIndex=0 event=0 ip=2606:4700:a8::1
2026-08-08T22:08:06Z ERR Serve tunnel error error="control stream encountered a failure while serving" connIndex=0 event=0 ip=2606:4700:a8::1
2026-08-08T22:08:06Z INF Retrying connection in up to 1m4s connIndex=0 event=0 ip=2606:4700:a8::1
2026-08-08T22:08:11Z INF Tunnel connection curve preferences: [X25519MLKEM768 CurveID(65074) CurveP256] connIndex=0 event=0 ip=2606:4700:a8::1
2026-08-08T22:08:11Z ERR failed to run the datagram handler error="context canceled" connIndex=0 event=0 ip=2606:4700:a8::1
2026-08-08T22:08:11Z ERR failed to serve tunnel connection error="control stream encountered a failure while serving" connIndex=0 event=0 ip=2606:4700:a8::1
2026-08-08T22:08:11Z ERR Serve tunnel error error="control stream encountered a failure while serving" connIndex=0 event=0 ip=2606:4700:a8::1
2026-08-08T22:08:11Z INF Retrying connection in up to 1m4s connIndex=0 event=0 ip=2606:4700:a8::1
2026-08-08T22:08:38Z INF Tunnel connection curve preferences: [X25519MLKEM768 CurveID(65074) CurveP256] connIndex=0 event=0 ip=2606:4700:a8::1
2026-08-08T22:08:38Z ERR failed to run the datagram handler error="context canceled" connIndex=0 event=0 ip=2606:4700:a8::1
2026-08-08T22:08:38Z ERR failed to serve tunnel connection error="control stream encountered a failure while serving" connIndex=0 event=0 ip=2606:4700:a8::1
2026-08-08T22:08:38Z ERR Serve tunnel error error="control stream encountered a failure while serving" connIndex=0 event=0 ip=2606:4700:a8::1
2026-08-08T22:08:38Z INF Retrying connection in up to 1m4s connIndex=0 event=0 ip=2606:4700:a8::1
2026-08-08T22:08:39Z INF Tunnel connection curve preferences: [X25519MLKEM768 CurveID(65074) CurveP256] connIndex=0 event=0 ip=2606:4700:a8::1
2026-08-08T22:08:39Z ERR failed to run the datagram handler error="context canceled" connIndex=0 event=0 ip=2606:4700:a8::1
2026-08-08T22:08:39Z ERR failed to serve tunnel connection error="control stream encountered a failure while serving" connIndex=0 event=0 ip=2606:4700:a8::1
2026-08-08T22:08:39Z ERR Serve tunnel error error="control stream encountered a failure while serving" connIndex=0 event=0 ip=2606:4700:a8::1
2026-08-08T22:08:39Z INF Retrying connection in up to 1m4s connIndex=0 event=0 ip=2606:4700:a8::1
2026-08-08T22:08:56Z INF Tunnel connection curve preferences: [X25519MLKEM768 CurveID(65074) CurveP256] connIndex=0 event=0 ip=2606:4700:a8::1
2026-08-08T22:08:56Z ERR failed to run the datagram handler error="context canceled" connIndex=0 event=0 ip=2606:4700:a8::1
2026-08-08T22:08:56Z ERR failed to serve tunnel connection error="control stream encountered a failure while serving" connIndex=0 event=0 ip=2606:4700:a8::1
2026-08-08T22:08:56Z ERR Serve tunnel error error="control stream encountered a failure while serving" connIndex=0 event=0 ip=2606:4700:a8::1
2026-08-08T22:08:56Z INF Retrying connection in up to 1m4s connIndex=0 event=0 ip=2606:4700:a8::1
2026-08-08T22:09:27Z INF Tunnel connection curve preferences: [X25519MLKEM768 CurveID(65074) CurveP256] connIndex=0 event=0 ip=2606:4700:a8::1
2026-08-08T22:09:27Z ERR failed to run the datagram handler error="context canceled" connIndex=0 event=0 ip=2606:4700:a8::1
2026-08-08T22:09:27Z ERR failed to serve tunnel connection error="control stream encountered a failure while serving" connIndex=0 event=0 ip=2606:4700:a8::1
2026-08-08T22:09:27Z ERR Serve tunnel error error="control stream encountered a failure while serving" connIndex=0 event=0 ip=2606:4700:a8::1
2026-08-08T22:09:27Z INF Retrying connection in up to 1m4s connIndex=0 event=0 ip=2606:4700:a8::1
2026-08-08T22:09:28Z INF Tunnel connection curve preferences: [X25519MLKEM768 CurveID(65074) CurveP256] connIndex=0 event=0 ip=2606:4700:a8::1
2026-08-08T22:09:28Z ERR failed to run the datagram handler error="context canceled" connIndex=0 event=0 ip=2606:4700:a8::1
2026-08-08T22:09:28Z ERR failed to serve tunnel connection error="control stream encountered a failure while serving" connIndex=0 event=0 ip=2606:4700:a8::1
2026-08-08T22:09:28Z ERR Serve tunnel error error="control stream encountered a failure while serving" connIndex=0 event=0 ip=2606:4700:a8::1
2026-08-08T22:09:28Z INF Retrying connection in up to 1m4s connIndex=0 event=0 ip=2606:4700:a8::1
2026-08-08T22:09:39Z INF Tunnel connection curve preferences: [X25519MLKEM768 CurveID(65074) CurveP256] connIndex=0 event=0 ip=2606:4700:a8::1
2026-08-08T22:09:39Z ERR failed to run the datagram handler error="context canceled" connIndex=0 event=0 ip=2606:4700:a8::1
2026-08-08T22:09:39Z ERR failed to serve tunnel connection error="control stream encountered a failure while serving" connIndex=0 event=0 ip=2606:4700:a8::1
2026-08-08T22:09:39Z ERR Serve tunnel error error="control stream encountered a failure while serving" connIndex=0 event=0 ip=2606:4700:a8::1
2026-08-08T22:09:39Z INF Retrying connection in up to 1m4s connIndex=0 event=0 ip=2606:4700:a8::1
2026-08-08T22:09:51Z INF Tunnel connection curve preferences: [X25519MLKEM768 CurveID(65074) CurveP256] connIndex=0 event=0 ip=2606:4700:a8::1
2026-08-08T22:09:51Z ERR failed to run the datagram handler error="context canceled" connIndex=0 event=0 ip=2606:4700:a8::1
2026-08-08T22:09:51Z ERR failed to serve tunnel connection error="control stream encountered a failure while serving" connIndex=0 event=0 ip=2606:4700:a8::1
2026-08-08T22:09:51Z ERR Serve tunnel error error="control stream encountered a failure while serving" connIndex=0 event=0 ip=2606:4700:a8::1
2026-08-08T22:09:51Z INF Retrying connection in up to 1m4s connIndex=0 event=0 ip=2606:4700:a8::1
2026-08-08T22:10:16Z INF Tunnel connection curve preferences: [X25519MLKEM768 CurveID(65074) CurveP256] connIndex=0 event=0 ip=2606:4700:a8::1
2026-08-08T22:10:16Z ERR failed to run the datagram handler error="context canceled" connIndex=0 event=0 ip=2606:4700:a8::1
2026-08-08T22:10:16Z ERR failed to serve tunnel connection error="control stream encountered a failure while serving" connIndex=0 event=0 ip=2606:4700:a8::1
2026-08-08T22:10:16Z ERR Serve tunnel error error="control stream encountered a failure while serving" connIndex=0 event=0 ip=2606:4700:a8::1
2026-08-08T22:10:16Z INF Retrying connection in up to 1m4s connIndex=0 event=0 ip=2606:4700:a8::1
2026-08-08T22:10:26Z INF Tunnel connection curve preferences: [X25519MLKEM768 CurveID(65074) CurveP256] connIndex=0 event=0 ip=2606:4700:a8::1
2026-08-08T22:10:26Z ERR failed to run the datagram handler error="context canceled" connIndex=0 event=0 ip=2606:4700:a8::1
2026-08-08T22:10:26Z ERR failed to serve tunnel connection error="control stream encountered a failure while serving" connIndex=0 event=0 ip=2606:4700:a8::1
2026-08-08T22:10:26Z ERR Serve tunnel error error="control stream encountered a failure while serving" connIndex=0 event=0 ip=2606:4700:a8::1
2026-08-08T22:10:26Z INF Retrying connection in up to 1m4s connIndex=0 event=0 ip=2606:4700:a8::1
2026-08-08T22:10:33Z INF Tunnel connection curve preferences: [X25519MLKEM768 CurveID(65074) CurveP256] connIndex=0 event=0 ip=2606:4700:a8::1
2026-08-08T22:10:33Z ERR failed to run the datagram handler error="context canceled" connIndex=0 event=0 ip=2606:4700:a8::1
2026-08-08T22:10:33Z ERR failed to serve tunnel connection error="control stream encountered a failure while serving" connIndex=0 event=0 ip=2606:4700:a8::1
2026-08-08T22:10:33Z ERR Serve tunnel error error="control stream encountered a failure while serving" connIndex=0 event=0 ip=2606:4700:a8::1
2026-08-08T22:10:33Z INF Retrying connection in up to 1m4s connIndex=0 event=0 ip=2606:4700:a8::1
2026-08-08T22:10:45Z INF Tunnel connection curve preferences: [X25519MLKEM768 CurveID(65074) CurveP256] connIndex=0 event=0 ip=2606:4700:a8::1
2026-08-08T22:10:45Z ERR failed to run the datagram handler error="context canceled" connIndex=0 event=0 ip=2606:4700:a8::1
2026-08-08T22:10:45Z ERR failed to serve tunnel connection error="control stream encountered a failure while serving" connIndex=0 event=0 ip=2606:4700:a8::1
2026-08-08T22:10:45Z ERR Serve tunnel error error="control stream encountered a failure while serving" connIndex=0 event=0 ip=2606:4700:a8::1
2026-08-08T22:10:45Z INF Retrying connection in up to 1m4s connIndex=0 event=0 ip=2606:4700:a8::1
2026-08-08T22:11:02Z INF Tunnel connection curve preferences: [X25519MLKEM768 CurveID(65074) CurveP256] connIndex=0 event=0 ip=2606:4700:a8::1
2026-08-08T22:11:02Z ERR failed to run the datagram handler error="context canceled" connIndex=0 event=0 ip=2606:4700:a8::1
2026-08-08T22:11:02Z ERR failed to serve tunnel connection error="control stream encountered a failure while serving" connIndex=0 event=0 ip=2606:4700:a8::1
2026-08-08T22:11:02Z ERR Serve tunnel error error="control stream encountered a failure while serving" connIndex=0 event=0 ip=2606:4700:a8::1
2026-08-08T22:11:02Z INF Retrying connection in up to 1m4s connIndex=0 event=0 ip=2606:4700:a8::1
2026-08-08T22:11:04Z INF Tunnel connection curve preferences: [X25519MLKEM768 CurveID(65074) CurveP256] connIndex=0 event=0 ip=2606:4700:a8::1
2026-08-08T22:11:04Z ERR failed to run the datagram handler error="context canceled" connIndex=0 event=0 ip=2606:4700:a8::1
2026-08-08T22:11:04Z ERR failed to serve tunnel connection error="control stream encountered a failure while serving" connIndex=0 event=0 ip=2606:4700:a8::1
2026-08-08T22:11:04Z ERR Serve tunnel error error="control stream encountered a failure while serving" connIndex=0 event=0 ip=2606:4700:a8::1
2026-08-08T22:11:04Z INF Retrying connection in up to 1m4s connIndex=0 event=0 ip=2606:4700:a8::1
2026-08-08T22:11:33Z INF Tunnel connection curve preferences: [X25519MLKEM768 CurveID(65074) CurveP256] connIndex=0 event=0 ip=2606:4700:a8::1
2026-08-08T22:11:33Z ERR failed to run the datagram handler error="context canceled" connIndex=0 event=0 ip=2606:4700:a8::1
2026-08-08T22:11:33Z ERR failed to serve tunnel connection error="control stream encountered a failure while serving" connIndex=0 event=0 ip=2606:4700:a8::1
2026-08-08T22:11:33Z ERR Serve tunnel error error="control stream encountered a failure while serving" connIndex=0 event=0 ip=2606:4700:a8::1
2026-08-08T22:11:33Z INF Retrying connection in up to 1m4s connIndex=0 event=0 ip=2606:4700:a8::1
2026-08-08T22:12:00Z INF Tunnel connection curve preferences: [X25519MLKEM768 CurveID(65074) CurveP256] connIndex=0 event=0 ip=2606:4700:a8::1
2026-08-08T22:12:00Z ERR failed to run the datagram handler error="context canceled" connIndex=0 event=0 ip=2606:4700:a8::1
2026-08-08T22:12:00Z ERR failed to serve tunnel connection error="control stream encountered a failure while serving" connIndex=0 event=0 ip=2606:4700:a8::1
2026-08-08T22:12:00Z ERR Serve tunnel error error="control stream encountered a failure while serving" connIndex=0 event=0 ip=2606:4700:a8::1
2026-08-08T22:12:00Z INF Retrying connection in up to 1m4s connIndex=0 event=0 ip=2606:4700:a8::1
2026-08-08T22:12:05Z INF Tunnel connection curve preferences: [X25519MLKEM768 CurveID(65074) CurveP256] connIndex=0 event=0 ip=2606:4700:a8::1
2026-08-08T22:12:05Z ERR failed to run the datagram handler error="context canceled" connIndex=0 event=0 ip=2606:4700:a8::1
2026-08-08T22:12:05Z ERR failed to serve tunnel connection error="control stream encountered a failure while serving" connIndex=0 event=0 ip=2606:4700:a8::1
2026-08-08T22:12:05Z ERR Serve tunnel error error="control stream encountered a failure while serving" connIndex=0 event=0 ip=2606:4700:a8::1
2026-08-08T22:12:05Z INF Retrying connection in up to 1m4s connIndex=0 event=0 ip=2606:4700:a8::1
2026-08-08T22:12:31Z INF Tunnel connection curve preferences: [X25519MLKEM768 CurveID(65074) CurveP256] connIndex=0 event=0 ip=2606:4700:a8::1
2026-08-08T22:12:31Z ERR failed to run the datagram handler error="context canceled" connIndex=0 event=0 ip=2606:4700:a8::1
2026-08-08T22:12:31Z ERR failed to serve tunnel connection error="control stream encountered a failure while serving" connIndex=0 event=0 ip=2606:4700:a8::1
2026-08-08T22:12:31Z ERR Serve tunnel error error="control stream encountered a failure while serving" connIndex=0 event=0 ip=2606:4700:a8::1
2026-08-08T22:12:31Z INF Retrying connection in up to 1m4s connIndex=0 event=0 ip=2606:4700:a8::1
2026-08-08T22:12:52Z INF Tunnel connection curve preferences: [X25519MLKEM768 CurveID(65074) CurveP256] connIndex=0 event=0 ip=2606:4700:a8::1
2026-08-08T22:12:52Z ERR failed to run the datagram handler error="context canceled" connIndex=0 event=0 ip=2606:4700:a8::1
2026-08-08T22:12:52Z ERR failed to serve tunnel connection error="control stream encountered a failure while serving" connIndex=0 event=0 ip=2606:4700:a8::1
2026-08-08T22:12:52Z ERR Serve tunnel error error="control stream encountered a failure while serving" connIndex=0 event=0 ip=2606:4700:a8::1
2026-08-08T22:12:52Z INF Retrying connection in up to 1m4s connIndex=0 event=0 ip=2606:4700:a8::1
2026-08-08T22:12:53Z INF Tunnel connection curve preferences: [X25519MLKEM768 CurveID(65074) CurveP256] connIndex=0 event=0 ip=2606:4700:a8::1
2026-08-08T22:12:53Z ERR failed to run the datagram handler error="context canceled" connIndex=0 event=0 ip=2606:4700:a8::1
2026-08-08T22:12:53Z ERR failed to serve tunnel connection error="control stream encountered a failure while serving" connIndex=0 event=0 ip=2606:4700:a8::1
2026-08-08T22:12:53Z ERR Serve tunnel error error="control stream encountered a failure while serving" connIndex=0 event=0 ip=2606:4700:a8::1
2026-08-08T22:12:53Z INF Retrying connection in up to 1m4s connIndex=0 event=0 ip=2606:4700:a8::1
2026-08-08T22:13:03Z INF Tunnel connection curve preferences: [X25519MLKEM768 CurveID(65074) CurveP256] connIndex=0 event=0 ip=2606:4700:a8::1
2026-08-08T22:13:03Z ERR failed to run the datagram handler error="context canceled" connIndex=0 event=0 ip=2606:4700:a8::1
2026-08-08T22:13:03Z ERR failed to serve tunnel connection error="control stream encountered a failure while serving" connIndex=0 event=0 ip=2606:4700:a8::1
2026-08-08T22:13:03Z ERR Serve tunnel error error="control stream encountered a failure while serving" connIndex=0 event=0 ip=2606:4700:a8::1
2026-08-08T22:13:03Z INF Retrying connection in up to 1m4s connIndex=0 event=0 ip=2606:4700:a8::1
2026-08-08T22:13:04Z INF Tunnel connection curve preferences: [X25519MLKEM768 CurveID(65074) CurveP256] connIndex=0 event=0 ip=2606:4700:a8::1
2026-08-08T22:13:04Z ERR failed to run the datagram handler error="context canceled" connIndex=0 event=0 ip=2606:4700:a8::1
2026-08-08T22:13:04Z ERR failed to serve tunnel connection error="control stream encountered a failure while serving" connIndex=0 event=0 ip=2606:4700:a8::1
2026-08-08T22:13:04Z ERR Serve tunnel error error="control stream encountered a failure while serving" connIndex=0 event=0 ip=2606:4700:a8::1
2026-08-08T22:13:04Z INF Retrying connection in up to 1m4s connIndex=0 event=0 ip=2606:4700:a8::1
2026-08-08T22:13:28Z INF Tunnel connection curve preferences: [X25519MLKEM768 CurveID(65074) CurveP256] connIndex=0 event=0 ip=2606:4700:a8::1
2026-08-08T22:13:28Z ERR failed to run the datagram handler error="context canceled" connIndex=0 event=0 ip=2606:4700:a8::1
2026-08-08T22:13:28Z ERR failed to serve tunnel connection error="control stream encountered a failure while serving" connIndex=0 event=0 ip=2606:4700:a8::1
2026-08-08T22:13:28Z ERR Serve tunnel error error="control stream encountered a failure while serving" connIndex=0 event=0 ip=2606:4700:a8::1
2026-08-08T22:13:28Z INF Retrying connection in up to 1m4s connIndex=0 event=0 ip=2606:4700:a8::1
2026-08-08T22:13:32Z INF Tunnel connection curve preferences: [X25519MLKEM768 CurveID(65074) CurveP256] connIndex=0 event=0 ip=2606:4700:a8::1
2026-08-08T22:13:32Z ERR failed to run the datagram handler error="context canceled" connIndex=0 event=0 ip=2606:4700:a8::1
2026-08-08T22:13:32Z ERR failed to serve tunnel connection error="control stream encountered a failure while serving" connIndex=0 event=0 ip=2606:4700:a8::1
2026-08-08T22:13:32Z ERR Serve tunnel error error="control stream encountered a failure while serving" connIndex=0 event=0 ip=2606:4700:a8::1
2026-08-08T22:13:32Z INF Retrying connection in up to 1m4s connIndex=0 event=0 ip=2606:4700:a8::1
2026-08-08T22:13:59Z INF Tunnel connection curve preferences: [X25519MLKEM768 CurveID(65074) CurveP256] connIndex=0 event=0 ip=2606:4700:a8::1
2026-08-08T22:13:59Z ERR failed to run the datagram handler error="context canceled" connIndex=0 event=0 ip=2606:4700:a8::1
2026-08-08T22:13:59Z ERR failed to serve tunnel connection error="control stream encountered a failure while serving" connIndex=0 event=0 ip=2606:4700:a8::1
2026-08-08T22:13:59Z ERR Serve tunnel error error="control stream encountered a failure while serving" connIndex=0 event=0 ip=2606:4700:a8::1
2026-08-08T22:13:59Z INF Retrying connection in up to 1m4s connIndex=0 event=0 ip=2606:4700:a8::1
2026-08-08T22:14:09Z INF Tunnel connection curve preferences: [X25519MLKEM768 CurveID(65074) CurveP256] connIndex=0 event=0 ip=2606:4700:a8::1
2026-08-08T22:14:09Z ERR failed to run the datagram handler error="context canceled" connIndex=0 event=0 ip=2606:4700:a8::1
2026-08-08T22:14:09Z ERR failed to serve tunnel connection error="control stream encountered a failure while serving" connIndex=0 event=0 ip=2606:4700:a8::1
2026-08-08T22:14:09Z ERR Serve tunnel error error="control stream encountered a failure while serving" connIndex=0 event=0 ip=2606:4700:a8::1
2026-08-08T22:14:09Z INF Retrying connection in up to 1m4s connIndex=0 event=0 ip=2606:4700:a8::1
2026-08-08T22:14:35Z INF Tunnel connection curve preferences: [X25519MLKEM768 CurveID(65074) CurveP256] connIndex=0 event=0 ip=2606:4700:a8::1
2026-08-08T22:14:35Z ERR failed to run the datagram handler error="context canceled" connIndex=0 event=0 ip=2606:4700:a8::1
2026-08-08T22:14:35Z ERR failed to serve tunnel connection error="control stream encountered a failure while serving" connIndex=0 event=0 ip=2606:4700:a8::1
2026-08-08T22:14:35Z ERR Serve tunnel error error="control stream encountered a failure while serving" connIndex=0 event=0 ip=2606:4700:a8::1
2026-08-08T22:14:35Z INF Retrying connection in up to 1m4s connIndex=0 event=0 ip=2606:4700:a8::1
2026-08-08T22:15:04Z INF Tunnel connection curve preferences: [X25519MLKEM768 CurveID(65074) CurveP256] connIndex=0 event=0 ip=2606:4700:a8::1
2026-08-08T22:15:04Z ERR failed to run the datagram handler error="context canceled" connIndex=0 event=0 ip=2606:4700:a8::1
2026-08-08T22:15:04Z ERR failed to serve tunnel connection error="control stream encountered a failure while serving" connIndex=0 event=0 ip=2606:4700:a8::1
2026-08-08T22:15:04Z ERR Serve tunnel error error="control stream encountered a failure while serving" connIndex=0 event=0 ip=2606:4700:a8::1
2026-08-08T22:15:04Z INF Retrying connection in up to 1m4s connIndex=0 event=0 ip=2606:4700:a8::1
2026-08-08T22:15:20Z INF Tunnel connection curve preferences: [X25519MLKEM768 CurveID(65074) CurveP256] connIndex=0 event=0 ip=2606:4700:a8::1
2026-08-08T22:15:20Z ERR failed to run the datagram handler error="context canceled" connIndex=0 event=0 ip=2606:4700:a8::1
2026-08-08T22:15:20Z ERR failed to serve tunnel connection error="control stream encountered a failure while serving" connIndex=0 event=0 ip=2606:4700:a8::1
2026-08-08T22:15:20Z ERR Serve tunnel error error="control stream encountered a failure while serving" connIndex=0 event=0 ip=2606:4700:a8::1
2026-08-08T22:15:20Z INF Retrying connection in up to 1m4s connIndex=0 event=0 ip=2606:4700:a8::1
2026-08-08T22:15:44Z INF Tunnel connection curve preferences: [X25519MLKEM768 CurveID(65074) CurveP256] connIndex=0 event=0 ip=2606:4700:a8::1
2026-08-08T22:15:45Z ERR failed to run the datagram handler error="context canceled" connIndex=0 event=0 ip=2606:4700:a8::1
2026-08-08T22:15:45Z ERR failed to serve tunnel connection error="control stream encountered a failure while serving" connIndex=0 event=0 ip=2606:4700:a8::1
2026-08-08T22:15:45Z ERR Serve tunnel error error="control stream encountered a failure while serving" connIndex=0 event=0 ip=2606:4700:a8::1
2026-08-08T22:15:45Z INF Retrying connection in up to 1m4s connIndex=0 event=0 ip=2606:4700:a8::1
2026-08-08T22:15:52Z INF Tunnel connection curve preferences: [X25519MLKEM768 CurveID(65074) CurveP256] connIndex=0 event=0 ip=2606:4700:a8::1
2026-08-08T22:15:52Z ERR failed to run the datagram handler error="context canceled" connIndex=0 event=0 ip=2606:4700:a8::1
2026-08-08T22:15:52Z ERR failed to serve tunnel connection error="control stream encountered a failure while serving" connIndex=0 event=0 ip=2606:4700:a8::1
2026-08-08T22:15:52Z ERR Serve tunnel error error="control stream encountered a failure while serving" connIndex=0 event=0 ip=2606:4700:a8::1
2026-08-08T22:15:52Z INF Retrying connection in up to 1m4s connIndex=0 event=0 ip=2606:4700:a8::1
2026-08-08T22:15:52Z INF Tunnel connection curve preferences: [X25519MLKEM768 CurveID(65074) CurveP256] connIndex=0 event=0 ip=2606:4700:a8::1
2026-08-08T22:15:52Z ERR failed to run the datagram handler error="context canceled" connIndex=0 event=0 ip=2606:4700:a8::1
2026-08-08T22:15:52Z ERR failed to serve tunnel connection error="control stream encountered a failure while serving" connIndex=0 event=0 ip=2606:4700:a8::1
2026-08-08T22:15:52Z ERR Serve tunnel error error="control stream encountered a failure while serving" connIndex=0 event=0 ip=2606:4700:a8::1
2026-08-08T22:15:52Z INF Retrying connection in up to 1m4s connIndex=0 event=0 ip=2606:4700:a8::1
2026-08-08T22:15:57Z INF Tunnel connection curve preferences: [X25519MLKEM768 CurveID(65074) CurveP256] connIndex=0 event=0 ip=2606:4700:a8::1
2026-08-08T22:15:57Z ERR failed to run the datagram handler error="context canceled" connIndex=0 event=0 ip=2606:4700:a8::1
2026-08-08T22:15:57Z ERR failed to serve tunnel connection error="control stream encountered a failure while serving" connIndex=0 event=0 ip=2606:4700:a8::1
2026-08-08T22:15:57Z ERR Serve tunnel error error="control stream encountered a failure while serving" connIndex=0 event=0 ip=2606:4700:a8::1
2026-08-08T22:15:57Z INF Retrying connection in up to 1m4s connIndex=0 event=0 ip=2606:4700:a8::1
2026-08-08T22:16:23Z INF Tunnel connection curve preferences: [X25519MLKEM768 CurveID(65074) CurveP256] connIndex=0 event=0 ip=2606:4700:a8::1
2026-08-08T22:16:23Z ERR failed to run the datagram handler error="context canceled" connIndex=0 event=0 ip=2606:4700:a8::1
2026-08-08T22:16:23Z ERR failed to serve tunnel connection error="control stream encountered a failure while serving" connIndex=0 event=0 ip=2606:4700:a8::1
2026-08-08T22:16:23Z ERR Serve tunnel error error="control stream encountered a failure while serving" connIndex=0 event=0 ip=2606:4700:a8::1
2026-08-08T22:16:23Z INF Retrying connection in up to 1m4s connIndex=0 event=0 ip=2606:4700:a8::1
2026-08-08T22:16:41Z INF Tunnel connection curve preferences: [X25519MLKEM768 CurveID(65074) CurveP256] connIndex=0 event=0 ip=2606:4700:a8::1
2026-08-08T22:16:41Z ERR failed to run the datagram handler error="context canceled" connIndex=0 event=0 ip=2606:4700:a8::1
2026-08-08T22:16:41Z ERR failed to serve tunnel connection error="control stream encountered a failure while serving" connIndex=0 event=0 ip=2606:4700:a8::1
2026-08-08T22:16:41Z ERR Serve tunnel error error="control stream encountered a failure while serving" connIndex=0 event=0 ip=2606:4700:a8::1
2026-08-08T22:16:41Z INF Retrying connection in up to 1m4s connIndex=0 event=0 ip=2606:4700:a8::1
2026-08-08T22:16:44Z INF Tunnel connection curve preferences: [X25519MLKEM768 CurveID(65074) CurveP256] connIndex=0 event=0 ip=2606:4700:a8::1
2026-08-08T22:16:44Z ERR failed to run the datagram handler error="context canceled" connIndex=0 event=0 ip=2606:4700:a8::1
2026-08-08T22:16:44Z ERR failed to serve tunnel connection error="control stream encountered a failure while serving" connIndex=0 event=0 ip=2606:4700:a8::1
2026-08-08T22:16:44Z ERR Serve tunnel error error="control stream encountered a failure while serving" connIndex=0 event=0 ip=2606:4700:a8::1
2026-08-08T22:16:44Z INF Retrying connection in up to 1m4s connIndex=0 event=0 ip=2606:4700:a8::1
2026-08-08T22:17:06Z INF Tunnel connection curve preferences: [X25519MLKEM768 CurveID(65074) CurveP256] connIndex=0 event=0 ip=2606:4700:a8::1
2026-08-08T22:17:06Z ERR failed to run the datagram handler error="context canceled" connIndex=0 event=0 ip=2606:4700:a8::1
2026-08-08T22:17:06Z ERR failed to serve tunnel connection error="control stream encountered a failure while serving" connIndex=0 event=0 ip=2606:4700:a8::1
2026-08-08T22:17:06Z ERR Serve tunnel error error="control stream encountered a failure while serving" connIndex=0 event=0 ip=2606:4700:a8::1
2026-08-08T22:17:06Z INF Retrying connection in up to 1m4s connIndex=0 event=0 ip=2606:4700:a8::1
2026-08-08T22:17:20Z INF Tunnel connection curve preferences: [X25519MLKEM768 CurveID(65074) CurveP256] connIndex=0 event=0 ip=2606:4700:a8::1
2026-08-08T22:17:20Z ERR failed to run the datagram handler error="context canceled" connIndex=0 event=0 ip=2606:4700:a8::1
2026-08-08T22:17:20Z ERR failed to serve tunnel connection error="control stream encountered a failure while serving" connIndex=0 event=0 ip=2606:4700:a8::1
2026-08-08T22:17:20Z ERR Serve tunnel error error="control stream encountered a failure while serving" connIndex=0 event=0 ip=2606:4700:a8::1
2026-08-08T22:17:20Z INF Retrying connection in up to 1m4s connIndex=0 event=0 ip=2606:4700:a8::1
2026-08-08T22:17:44Z INF Tunnel connection curve preferences: [X25519MLKEM768 CurveID(65074) CurveP256] connIndex=0 event=0 ip=2606:4700:a8::1
2026-08-08T22:17:44Z ERR failed to run the datagram handler error="context canceled" connIndex=0 event=0 ip=2606:4700:a8::1
2026-08-08T22:17:44Z ERR failed to serve tunnel connection error="control stream encountered a failure while serving" connIndex=0 event=0 ip=2606:4700:a8::1
2026-08-08T22:17:44Z ERR Serve tunnel error error="control stream encountered a failure while serving" connIndex=0 event=0 ip=2606:4700:a8::1
2026-08-08T22:17:44Z INF Retrying connection in up to 1m4s connIndex=0 event=0 ip=2606:4700:a8::1
2026-08-08T22:18:15Z INF Tunnel connection curve preferences: [X25519MLKEM768 CurveID(65074) CurveP256] connIndex=0 event=0 ip=2606:4700:a8::1
2026-08-08T22:18:15Z ERR failed to run the datagram handler error="context canceled" connIndex=0 event=0 ip=2606:4700:a8::1
2026-08-08T22:18:15Z ERR failed to serve tunnel connection error="control stream encountered a failure while serving" connIndex=0 event=0 ip=2606:4700:a8::1
2026-08-08T22:18:15Z ERR Serve tunnel error error="control stream encountered a failure while serving" connIndex=0 event=0 ip=2606:4700:a8::1
2026-08-08T22:18:15Z INF Retrying connection in up to 1m4s connIndex=0 event=0 ip=2606:4700:a8::1
2026-08-08T22:18:21Z INF Tunnel connection curve preferences: [X25519MLKEM768 CurveID(65074) CurveP256] connIndex=0 event=0 ip=2606:4700:a8::1
2026-08-08T22:18:21Z ERR failed to run the datagram handler error="context canceled" connIndex=0 event=0 ip=2606:4700:a8::1
2026-08-08T22:18:21Z ERR failed to serve tunnel connection error="control stream encountered a failure while serving" connIndex=0 event=0 ip=2606:4700:a8::1
2026-08-08T22:18:21Z ERR Serve tunnel error error="control stream encountered a failure while serving" connIndex=0 event=0 ip=2606:4700:a8::1
2026-08-08T22:18:21Z INF Retrying connection in up to 1m4s connIndex=0 event=0 ip=2606:4700:a8::1
2026-08-08T22:18:45Z INF Tunnel connection curve preferences: [X25519MLKEM768 CurveID(65074) CurveP256] connIndex=0 event=0 ip=2606:4700:a8::1
2026-08-08T22:18:45Z ERR failed to run the datagram handler error="context canceled" connIndex=0 event=0 ip=2606:4700:a8::1
2026-08-08T22:18:45Z ERR failed to serve tunnel connection error="control stream encountered a failure while serving" connIndex=0 event=0 ip=2606:4700:a8::1
2026-08-08T22:18:45Z ERR Serve tunnel error error="control stream encountered a failure while serving" connIndex=0 event=0 ip=2606:4700:a8::1
2026-08-08T22:18:45Z INF Retrying connection in up to 1m4s connIndex=0 event=0 ip=2606:4700:a8::1
2026-08-08T22:19:13Z INF Tunnel connection curve preferences: [X25519MLKEM768 CurveID(65074) CurveP256] connIndex=0 event=0 ip=2606:4700:a8::1
2026-08-08T22:19:13Z ERR failed to run the datagram handler error="context canceled" connIndex=0 event=0 ip=2606:4700:a8::1
2026-08-08T22:19:13Z ERR failed to serve tunnel connection error="control stream encountered a failure while serving" connIndex=0 event=0 ip=2606:4700:a8::1
2026-08-08T22:19:13Z ERR Serve tunnel error error="control stream encountered a failure while serving" connIndex=0 event=0 ip=2606:4700:a8::1
2026-08-08T22:19:13Z INF Retrying connection in up to 1m4s connIndex=0 event=0 ip=2606:4700:a8::1
2026-08-08T22:19:24Z INF Tunnel connection curve preferences: [X25519MLKEM768 CurveID(65074) CurveP256] connIndex=0 event=0 ip=2606:4700:a8::1
2026-08-08T22:19:24Z ERR failed to run the datagram handler error="context canceled" connIndex=0 event=0 ip=2606:4700:a8::1
2026-08-08T22:19:24Z ERR failed to serve tunnel connection error="control stream encountered a failure while serving" connIndex=0 event=0 ip=2606:4700:a8::1
2026-08-08T22:19:24Z ERR Serve tunnel error error="control stream encountered a failure while serving" connIndex=0 event=0 ip=2606:4700:a8::1
2026-08-08T22:19:24Z INF Retrying connection in up to 1m4s connIndex=0 event=0 ip=2606:4700:a8::1
2026-08-08T22:19:29Z INF Tunnel connection curve preferences: [X25519MLKEM768 CurveID(65074) CurveP256] connIndex=0 event=0 ip=2606:4700:a8::1
2026-08-08T22:19:29Z ERR failed to run the datagram handler error="context canceled" connIndex=0 event=0 ip=2606:4700:a8::1
2026-08-08T22:19:29Z ERR failed to serve tunnel connection error="control stream encountered a failure while serving" connIndex=0 event=0 ip=2606:4700:a8::1
2026-08-08T22:19:29Z ERR Serve tunnel error error="control stream encountered a failure while serving" connIndex=0 event=0 ip=2606:4700:a8::1
2026-08-08T22:19:29Z INF Retrying connection in up to 1m4s connIndex=0 event=0 ip=2606:4700:a8::1
2026-08-08T22:19:47Z INF Tunnel connection curve preferences: [X25519MLKEM768 CurveID(65074) CurveP256] connIndex=0 event=0 ip=2606:4700:a8::1
2026-08-08T22:19:47Z ERR failed to run the datagram handler error="context canceled" connIndex=0 event=0 ip=2606:4700:a8::1
2026-08-08T22:19:47Z ERR failed to serve tunnel connection error="control stream encountered a failure while serving" connIndex=0 event=0 ip=2606:4700:a8::1
2026-08-08T22:19:47Z ERR Serve tunnel error error="control stream encountered a failure while serving" connIndex=0 event=0 ip=2606:4700:a8::1
2026-08-08T22:19:47Z INF Retrying connection in up to 1m4s connIndex=0 event=0 ip=2606:4700:a8::1
2026-08-08T22:19:47Z INF Tunnel connection curve preferences: [X25519MLKEM768 CurveID(65074) CurveP256] connIndex=0 event=0 ip=2606:4700:a8::1
2026-08-08T22:19:47Z ERR failed to run the datagram handler error="context canceled" connIndex=0 event=0 ip=2606:4700:a8::1
2026-08-08T22:19:47Z ERR failed to serve tunnel connection error="control stream encountered a failure while serving" connIndex=0 event=0 ip=2606:4700:a8::1
2026-08-08T22:19:47Z ERR Serve tunnel error error="control stream encountered a failure while serving" connIndex=0 event=0 ip=2606:4700:a8::1
2026-08-08T22:19:47Z INF Retrying connection in up to 1m4s connIndex=0 event=0 ip=2606:4700:a8::1
2026-08-08T22:19:54Z INF Tunnel connection curve preferences: [X25519MLKEM768 CurveID(65074) CurveP256] connIndex=0 event=0 ip=2606:4700:a8::1
2026-08-08T22:19:55Z ERR failed to run the datagram handler error="context canceled" connIndex=0 event=0 ip=2606:4700:a8::1
2026-08-08T22:19:55Z ERR failed to serve tunnel connection error="control stream encountered a failure while serving" connIndex=0 event=0 ip=2606:4700:a8::1
2026-08-08T22:19:55Z ERR Serve tunnel error error="control stream encountered a failure while serving" connIndex=0 event=0 ip=2606:4700:a8::1
2026-08-08T22:19:55Z INF Retrying connection in up to 1m4s connIndex=0 event=0 ip=2606:4700:a8::1
2026-08-08T22:19:59Z INF Tunnel connection curve preferences: [X25519MLKEM768 CurveID(65074) CurveP256] connIndex=0 event=0 ip=2606:4700:a8::1
2026-08-08T22:19:59Z ERR failed to run the datagram handler error="context canceled" connIndex=0 event=0 ip=2606:4700:a8::1
2026-08-08T22:19:59Z ERR failed to serve tunnel connection error="control stream encountered a failure while serving" connIndex=0 event=0 ip=2606:4700:a8::1
2026-08-08T22:19:59Z ERR Serve tunnel error error="control stream encountered a failure while serving" connIndex=0 event=0 ip=2606:4700:a8::1
2026-08-08T22:19:59Z INF Retrying connection in up to 1m4s connIndex=0 event=0 ip=2606:4700:a8::1
2026-08-08T22:20:28Z INF Tunnel connection curve preferences: [X25519MLKEM768 CurveID(65074) CurveP256] connIndex=0 event=0 ip=2606:4700:a8::1
2026-08-08T22:20:28Z ERR failed to run the datagram handler error="context canceled" connIndex=0 event=0 ip=2606:4700:a8::1
2026-08-08T22:20:28Z ERR failed to serve tunnel connection error="control stream encountered a failure while serving" connIndex=0 event=0 ip=2606:4700:a8::1
2026-08-08T22:20:28Z ERR Serve tunnel error error="control stream encountered a failure while serving" connIndex=0 event=0 ip=2606:4700:a8::1
2026-08-08T22:20:28Z INF Retrying connection in up to 1m4s connIndex=0 event=0 ip=2606:4700:a8::1
2026-08-08T22:20:39Z INF Tunnel connection curve preferences: [X25519MLKEM768 CurveID(65074) CurveP256] connIndex=0 event=0 ip=2606:4700:a8::1
2026-08-08T22:20:39Z ERR failed to run the datagram handler error="context canceled" connIndex=0 event=0 ip=2606:4700:a8::1
2026-08-08T22:20:39Z ERR failed to serve tunnel connection error="control stream encountered a failure while serving" connIndex=0 event=0 ip=2606:4700:a8::1
2026-08-08T22:20:39Z ERR Serve tunnel error error="control stream encountered a failure while serving" connIndex=0 event=0 ip=2606:4700:a8::1
2026-08-08T22:20:39Z INF Retrying connection in up to 1m4s connIndex=0 event=0 ip=2606:4700:a8::1
2026-08-08T22:20:54Z INF Tunnel connection curve preferences: [X25519MLKEM768 CurveID(65074) CurveP256] connIndex=0 event=0 ip=2606:4700:a8::1
2026-08-08T22:20:55Z ERR failed to run the datagram handler error="context canceled" connIndex=0 event=0 ip=2606:4700:a8::1
2026-08-08T22:20:55Z ERR failed to serve tunnel connection error="control stream encountered a failure while serving" connIndex=0 event=0 ip=2606:4700:a8::1
2026-08-08T22:20:55Z ERR Serve tunnel error error="control stream encountered a failure while serving" connIndex=0 event=0 ip=2606:4700:a8::1
2026-08-08T22:20:55Z INF Retrying connection in up to 1m4s connIndex=0 event=0 ip=2606:4700:a8::1
2026-08-08T22:21:20Z INF Tunnel connection curve preferences: [X25519MLKEM768 CurveID(65074) CurveP256] connIndex=0 event=0 ip=2606:4700:a8::1
2026-08-08T22:21:20Z ERR failed to run the datagram handler error="context canceled" connIndex=0 event=0 ip=2606:4700:a8::1
2026-08-08T22:21:20Z ERR failed to serve tunnel connection error="control stream encountered a failure while serving" connIndex=0 event=0 ip=2606:4700:a8::1
2026-08-08T22:21:20Z ERR Serve tunnel error error="control stream encountered a failure while serving" connIndex=0 event=0 ip=2606:4700:a8::1
2026-08-08T22:21:20Z INF Retrying connection in up to 1m4s connIndex=0 event=0 ip=2606:4700:a8::1
2026-08-08T22:21:24Z INF Tunnel connection curve preferences: [X25519MLKEM768 CurveID(65074) CurveP256] connIndex=0 event=0 ip=2606:4700:a8::1
2026-08-08T22:21:24Z ERR failed to run the datagram handler error="context canceled" connIndex=0 event=0 ip=2606:4700:a8::1
2026-08-08T22:21:24Z ERR failed to serve tunnel connection error="control stream encountered a failure while serving" connIndex=0 event=0 ip=2606:4700:a8::1
2026-08-08T22:21:24Z ERR Serve tunnel error error="control stream encountered a failure while serving" connIndex=0 event=0 ip=2606:4700:a8::1
2026-08-08T22:21:24Z INF Retrying connection in up to 1m4s connIndex=0 event=0 ip=2606:4700:a8::1
2026-08-08T22:21:49Z INF Tunnel connection curve preferences: [X25519MLKEM768 CurveID(65074) CurveP256] connIndex=0 event=0 ip=2606:4700:a8::1
2026-08-08T22:21:49Z ERR failed to run the datagram handler error="context canceled" connIndex=0 event=0 ip=2606:4700:a8::1
2026-08-08T22:21:49Z ERR failed to serve tunnel connection error="control stream encountered a failure while serving" connIndex=0 event=0 ip=2606:4700:a8::1
2026-08-08T22:21:49Z ERR Serve tunnel error error="control stream encountered a failure while serving" connIndex=0 event=0 ip=2606:4700:a8::1
2026-08-08T22:21:49Z INF Retrying connection in up to 1m4s connIndex=0 event=0 ip=2606:4700:a8::1
2026-08-08T22:22:18Z INF Tunnel connection curve preferences: [X25519MLKEM768 CurveID(65074) CurveP256] connIndex=0 event=0 ip=2606:4700:a8::1
2026-08-08T22:22:18Z ERR failed to run the datagram handler error="context canceled" connIndex=0 event=0 ip=2606:4700:a8::1
2026-08-08T22:22:18Z ERR failed to serve tunnel connection error="control stream encountered a failure while serving" connIndex=0 event=0 ip=2606:4700:a8::1
2026-08-08T22:22:18Z ERR Serve tunnel error error="control stream encountered a failure while serving" connIndex=0 event=0 ip=2606:4700:a8::1
2026-08-08T22:22:18Z INF Retrying connection in up to 1m4s connIndex=0 event=0 ip=2606:4700:a8::1
2026-08-08T22:22:46Z INF Tunnel connection curve preferences: [X25519MLKEM768 CurveID(65074) CurveP256] connIndex=0 event=0 ip=2606:4700:a8::1
2026-08-08T22:22:46Z ERR failed to run the datagram handler error="context canceled" connIndex=0 event=0 ip=2606:4700:a8::1
2026-08-08T22:22:46Z ERR failed to serve tunnel connection error="control stream encountered a failure while serving" connIndex=0 event=0 ip=2606:4700:a8::1
2026-08-08T22:22:46Z ERR Serve tunnel error error="control stream encountered a failure while serving" connIndex=0 event=0 ip=2606:4700:a8::1
2026-08-08T22:22:46Z INF Retrying connection in up to 1m4s connIndex=0 event=0 ip=2606:4700:a8::1
2026-08-08T22:23:10Z INF Tunnel connection curve preferences: [X25519MLKEM768 CurveID(65074) CurveP256] connIndex=0 event=0 ip=2606:4700:a8::1
2026-08-08T22:23:10Z ERR failed to run the datagram handler error="context canceled" connIndex=0 event=0 ip=2606:4700:a8::1
2026-08-08T22:23:10Z ERR failed to serve tunnel connection error="control stream encountered a failure while serving" connIndex=0 event=0 ip=2606:4700:a8::1
2026-08-08T22:23:10Z ERR Serve tunnel error error="control stream encountered a failure while serving" connIndex=0 event=0 ip=2606:4700:a8::1
2026-08-08T22:23:10Z INF Retrying connection in up to 1m4s connIndex=0 event=0 ip=2606:4700:a8::1
2026-08-08T22:23:31Z INF Tunnel connection curve preferences: [X25519MLKEM768 CurveID(65074) CurveP256] connIndex=0 event=0 ip=2606:4700:a8::1
2026-08-08T22:23:31Z ERR failed to run the datagram handler error="context canceled" connIndex=0 event=0 ip=2606:4700:a8::1
2026-08-08T22:23:31Z ERR failed to serve tunnel connection error="control stream encountered a failure while serving" connIndex=0 event=0 ip=2606:4700:a8::1
2026-08-08T22:23:31Z ERR Serve tunnel error error="control stream encountered a failure while serving" connIndex=0 event=0 ip=2606:4700:a8::1
2026-08-08T22:23:31Z INF Retrying connection in up to 1m4s connIndex=0 event=0 ip=2606:4700:a8::1
2026-08-08T22:23:37Z INF Tunnel connection curve preferences: [X25519MLKEM768 CurveID(65074) CurveP256] connIndex=0 event=0 ip=2606:4700:a8::1
2026-08-08T22:23:37Z ERR failed to run the datagram handler error="context canceled" connIndex=0 event=0 ip=2606:4700:a8::1
2026-08-08T22:23:37Z ERR failed to serve tunnel connection error="control stream encountered a failure while serving" connIndex=0 event=0 ip=2606:4700:a8::1
2026-08-08T22:23:37Z ERR Serve tunnel error error="control stream encountered a failure while serving" connIndex=0 event=0 ip=2606:4700:a8::1
2026-08-08T22:23:37Z INF Retrying connection in up to 1m4s connIndex=0 event=0 ip=2606:4700:a8::1
2026-08-08T22:23:52Z INF Tunnel connection curve preferences: [X25519MLKEM768 CurveID(65074) CurveP256] connIndex=0 event=0 ip=2606:4700:a8::1
2026-08-08T22:23:52Z ERR failed to run the datagram handler error="context canceled" connIndex=0 event=0 ip=2606:4700:a8::1
2026-08-08T22:23:52Z ERR failed to serve tunnel connection error="control stream encountered a failure while serving" connIndex=0 event=0 ip=2606:4700:a8::1
2026-08-08T22:23:52Z ERR Serve tunnel error error="control stream encountered a failure while serving" connIndex=0 event=0 ip=2606:4700:a8::1
2026-08-08T22:23:52Z INF Retrying connection in up to 1m4s connIndex=0 event=0 ip=2606:4700:a8::1
2026-08-08T22:24:20Z INF Tunnel connection curve preferences: [X25519MLKEM768 CurveID(65074) CurveP256] connIndex=0 event=0 ip=2606:4700:a8::1
2026-08-08T22:24:20Z ERR failed to run the datagram handler error="context canceled" connIndex=0 event=0 ip=2606:4700:a8::1
2026-08-08T22:24:20Z ERR failed to serve tunnel connection error="control stream encountered a failure while serving" connIndex=0 event=0 ip=2606:4700:a8::1
2026-08-08T22:24:20Z ERR Serve tunnel error error="control stream encountered a failure while serving" connIndex=0 event=0 ip=2606:4700:a8::1
2026-08-08T22:24:20Z INF Retrying connection in up to 1m4s connIndex=0 event=0 ip=2606:4700:a8::1
2026-08-08T22:24:26Z INF Tunnel connection curve preferences: [X25519MLKEM768 CurveID(65074) CurveP256] connIndex=0 event=0 ip=2606:4700:a8::1
2026-08-08T22:24:26Z ERR failed to run the datagram handler error="context canceled" connIndex=0 event=0 ip=2606:4700:a8::1
2026-08-08T22:24:26Z ERR failed to serve tunnel connection error="control stream encountered a failure while serving" connIndex=0 event=0 ip=2606:4700:a8::1
2026-08-08T22:24:26Z ERR Serve tunnel error error="control stream encountered a failure while serving" connIndex=0 event=0 ip=2606:4700:a8::1
2026-08-08T22:24:26Z INF Retrying connection in up to 1m4s connIndex=0 event=0 ip=2606:4700:a8::1
2026-08-08T22:24:55Z INF Tunnel connection curve preferences: [X25519MLKEM768 CurveID(65074) CurveP256] connIndex=0 event=0 ip=2606:4700:a8::1
2026-08-08T22:24:55Z ERR failed to run the datagram handler error="context canceled" connIndex=0 event=0 ip=2606:4700:a8::1
2026-08-08T22:24:55Z ERR failed to serve tunnel connection error="control stream encountered a failure while serving" connIndex=0 event=0 ip=2606:4700:a8::1
2026-08-08T22:24:55Z ERR Serve tunnel error error="control stream encountered a failure while serving" connIndex=0 event=0 ip=2606:4700:a8::1
2026-08-08T22:24:55Z INF Retrying connection in up to 1m4s connIndex=0 event=0 ip=2606:4700:a8::1
2026-08-08T22:25:08Z INF Tunnel connection curve preferences: [X25519MLKEM768 CurveID(65074) CurveP256] connIndex=0 event=0 ip=2606:4700:a8::1
2026-08-08T22:25:08Z ERR failed to run the datagram handler error="context canceled" connIndex=0 event=0 ip=2606:4700:a8::1
2026-08-08T22:25:08Z ERR failed to serve tunnel connection error="control stream encountered a failure while serving" connIndex=0 event=0 ip=2606:4700:a8::1
2026-08-08T22:25:08Z ERR Serve tunnel error error="control stream encountered a failure while serving" connIndex=0 event=0 ip=2606:4700:a8::1
2026-08-08T22:25:08Z INF Retrying connection in up to 1m4s connIndex=0 event=0 ip=2606:4700:a8::1
2026-08-08T22:25:21Z INF Tunnel connection curve preferences: [X25519MLKEM768 CurveID(65074) CurveP256] connIndex=0 event=0 ip=2606:4700:a8::1
2026-08-08T22:25:21Z ERR failed to run the datagram handler error="context canceled" connIndex=0 event=0 ip=2606:4700:a8::1
2026-08-08T22:25:21Z ERR failed to serve tunnel connection error="control stream encountered a failure while serving" connIndex=0 event=0 ip=2606:4700:a8::1
2026-08-08T22:25:21Z ERR Serve tunnel error error="control stream encountered a failure while serving" connIndex=0 event=0 ip=2606:4700:a8::1
2026-08-08T22:25:21Z INF Retrying connection in up to 1m4s connIndex=0 event=0 ip=2606:4700:a8::1
2026-08-08T22:25:23Z INF Tunnel connection curve preferences: [X25519MLKEM768 CurveID(65074) CurveP256] connIndex=0 event=0 ip=2606:4700:a8::1
2026-08-08T22:25:23Z ERR failed to run the datagram handler error="context canceled" connIndex=0 event=0 ip=2606:4700:a8::1
2026-08-08T22:25:23Z ERR failed to serve tunnel connection error="control stream encountered a failure while serving" connIndex=0 event=0 ip=2606:4700:a8::1
2026-08-08T22:25:23Z ERR Serve tunnel error error="control stream encountered a failure while serving" connIndex=0 event=0 ip=2606:4700:a8::1
2026-08-08T22:25:23Z INF Retrying connection in up to 1m4s connIndex=0 event=0 ip=2606:4700:a8::1
2026-08-08T22:25:24Z INF Tunnel connection curve preferences: [X25519MLKEM768 CurveID(65074) CurveP256] connIndex=0 event=0 ip=2606:4700:a8::1
2026-08-08T22:25:25Z ERR failed to run the datagram handler error="context canceled" connIndex=0 event=0 ip=2606:4700:a8::1
2026-08-08T22:25:25Z ERR failed to serve tunnel connection error="control stream encountered a failure while serving" connIndex=0 event=0 ip=2606:4700:a8::1
2026-08-08T22:25:25Z ERR Serve tunnel error error="control stream encountered a failure while serving" connIndex=0 event=0 ip=2606:4700:a8::1
2026-08-08T22:25:25Z INF Retrying connection in up to 1m4s connIndex=0 event=0 ip=2606:4700:a8::1
2026-08-08T22:25:55Z INF Tunnel connection curve preferences: [X25519MLKEM768 CurveID(65074) CurveP256] connIndex=0 event=0 ip=2606:4700:a8::1
2026-08-08T22:25:55Z ERR failed to run the datagram handler error="context canceled" connIndex=0 event=0 ip=2606:4700:a8::1
2026-08-08T22:25:55Z ERR failed to serve tunnel connection error="control stream encountered a failure while serving" connIndex=0 event=0 ip=2606:4700:a8::1
2026-08-08T22:25:55Z ERR Serve tunnel error error="control stream encountered a failure while serving" connIndex=0 event=0 ip=2606:4700:a8::1
2026-08-08T22:25:55Z INF Retrying connection in up to 1m4s connIndex=0 event=0 ip=2606:4700:a8::1
2026-08-08T22:25:58Z INF Tunnel connection curve preferences: [X25519MLKEM768 CurveID(65074) CurveP256] connIndex=0 event=0 ip=2606:4700:a8::1
2026-08-08T22:25:58Z ERR failed to run the datagram handler error="context canceled" connIndex=0 event=0 ip=2606:4700:a8::1
2026-08-08T22:25:58Z ERR failed to serve tunnel connection error="control stream encountered a failure while serving" connIndex=0 event=0 ip=2606:4700:a8::1
2026-08-08T22:25:58Z ERR Serve tunnel error error="control stream encountered a failure while serving" connIndex=0 event=0 ip=2606:4700:a8::1
2026-08-08T22:25:58Z INF Retrying connection in up to 1m4s connIndex=0 event=0 ip=2606:4700:a8::1
2026-08-08T22:26:19Z INF Tunnel connection curve preferences: [X25519MLKEM768 CurveID(65074) CurveP256] connIndex=0 event=0 ip=2606:4700:a8::1
2026-08-08T22:26:19Z ERR failed to run the datagram handler error="context canceled" connIndex=0 event=0 ip=2606:4700:a8::1
2026-08-08T22:26:19Z ERR failed to serve tunnel connection error="control stream encountered a failure while serving" connIndex=0 event=0 ip=2606:4700:a8::1
2026-08-08T22:26:19Z ERR Serve tunnel error error="control stream encountered a failure while serving" connIndex=0 event=0 ip=2606:4700:a8::1
2026-08-08T22:26:19Z INF Retrying connection in up to 1m4s connIndex=0 event=0 ip=2606:4700:a8::1
2026-08-08T22:26:47Z INF Tunnel connection curve preferences: [X25519MLKEM768 CurveID(65074) CurveP256] connIndex=0 event=0 ip=2606:4700:a8::1
2026-08-08T22:26:47Z ERR failed to run the datagram handler error="context canceled" connIndex=0 event=0 ip=2606:4700:a8::1
2026-08-08T22:26:47Z ERR failed to serve tunnel connection error="control stream encountered a failure while serving" connIndex=0 event=0 ip=2606:4700:a8::1
2026-08-08T22:26:47Z ERR Serve tunnel error error="control stream encountered a failure while serving" connIndex=0 event=0 ip=2606:4700:a8::1
2026-08-08T22:26:47Z INF Retrying connection in up to 1m4s connIndex=0 event=0 ip=2606:4700:a8::1
2026-08-08T22:26:59Z INF Tunnel connection curve preferences: [X25519MLKEM768 CurveID(65074) CurveP256] connIndex=0 event=0 ip=2606:4700:a8::1
2026-08-08T22:26:59Z ERR failed to run the datagram handler error="context canceled" connIndex=0 event=0 ip=2606:4700:a8::1
2026-08-08T22:26:59Z ERR failed to serve tunnel connection error="control stream encountered a failure while serving" connIndex=0 event=0 ip=2606:4700:a8::1
2026-08-08T22:26:59Z ERR Serve tunnel error error="control stream encountered a failure while serving" connIndex=0 event=0 ip=2606:4700:a8::1
2026-08-08T22:26:59Z INF Retrying connection in up to 1m4s connIndex=0 event=0 ip=2606:4700:a8::1
2026-08-08T22:27:07Z INF Tunnel connection curve preferences: [X25519MLKEM768 CurveID(65074) CurveP256] connIndex=0 event=0 ip=2606:4700:a8::1
2026-08-08T22:27:07Z ERR failed to run the datagram handler error="context canceled" connIndex=0 event=0 ip=2606:4700:a8::1
2026-08-08T22:27:07Z ERR failed to serve tunnel connection error="control stream encountered a failure while serving" connIndex=0 event=0 ip=2606:4700:a8::1
2026-08-08T22:27:07Z ERR Serve tunnel error error="control stream encountered a failure while serving" connIndex=0 event=0 ip=2606:4700:a8::1
2026-08-08T22:27:07Z INF Retrying connection in up to 1m4s connIndex=0 event=0 ip=2606:4700:a8::1
2026-08-08T22:27:21Z INF Tunnel connection curve preferences: [X25519MLKEM768 CurveID(65074) CurveP256] connIndex=0 event=0 ip=2606:4700:a8::1
2026-08-08T22:27:22Z ERR failed to run the datagram handler error="context canceled" connIndex=0 event=0 ip=2606:4700:a8::1
2026-08-08T22:27:22Z ERR failed to serve tunnel connection error="control stream encountered a failure while serving" connIndex=0 event=0 ip=2606:4700:a8::1
2026-08-08T22:27:22Z ERR Serve tunnel error error="control stream encountered a failure while serving" connIndex=0 event=0 ip=2606:4700:a8::1
2026-08-08T22:27:22Z INF Retrying connection in up to 1m4s connIndex=0 event=0 ip=2606:4700:a8::1
2026-08-08T22:27:33Z INF Tunnel connection curve preferences: [X25519MLKEM768 CurveID(65074) CurveP256] connIndex=0 event=0 ip=2606:4700:a8::1
2026-08-08T22:27:33Z ERR failed to run the datagram handler error="context canceled" connIndex=0 event=0 ip=2606:4700:a8::1
2026-08-08T22:27:33Z ERR failed to serve tunnel connection error="control stream encountered a failure while serving" connIndex=0 event=0 ip=2606:4700:a8::1
2026-08-08T22:27:33Z ERR Serve tunnel error error="control stream encountered a failure while serving" connIndex=0 event=0 ip=2606:4700:a8::1
2026-08-08T22:27:33Z INF Retrying connection in up to 1m4s connIndex=0 event=0 ip=2606:4700:a8::1
2026-08-08T22:27:54Z INF Tunnel connection curve preferences: [X25519MLKEM768 CurveID(65074) CurveP256] connIndex=0 event=0 ip=2606:4700:a8::1
2026-08-08T22:27:54Z ERR failed to run the datagram handler error="context canceled" connIndex=0 event=0 ip=2606:4700:a8::1
2026-08-08T22:27:54Z ERR failed to serve tunnel connection error="control stream encountered a failure while serving" connIndex=0 event=0 ip=2606:4700:a8::1
2026-08-08T22:27:54Z ERR Serve tunnel error error="control stream encountered a failure while serving" connIndex=0 event=0 ip=2606:4700:a8::1
2026-08-08T22:27:54Z INF Retrying connection in up to 1m4s connIndex=0 event=0 ip=2606:4700:a8::1
2026-08-08T22:28:23Z INF Tunnel connection curve preferences: [X25519MLKEM768 CurveID(65074) CurveP256] connIndex=0 event=0 ip=2606:4700:a8::1
2026-08-08T22:28:23Z ERR failed to run the datagram handler error="context canceled" connIndex=0 event=0 ip=2606:4700:a8::1
2026-08-08T22:28:23Z ERR failed to serve tunnel connection error="control stream encountered a failure while serving" connIndex=0 event=0 ip=2606:4700:a8::1
2026-08-08T22:28:23Z ERR Serve tunnel error error="control stream encountered a failure while serving" connIndex=0 event=0 ip=2606:4700:a8::1
2026-08-08T22:28:23Z INF Retrying connection in up to 1m4s connIndex=0 event=0 ip=2606:4700:a8::1
2026-08-08T22:28:38Z INF Tunnel connection curve preferences: [X25519MLKEM768 CurveID(65074) CurveP256] connIndex=0 event=0 ip=2606:4700:a8::1
2026-08-08T22:28:38Z ERR failed to run the datagram handler error="context canceled" connIndex=0 event=0 ip=2606:4700:a8::1
2026-08-08T22:28:38Z ERR failed to serve tunnel connection error="control stream encountered a failure while serving" connIndex=0 event=0 ip=2606:4700:a8::1
2026-08-08T22:28:38Z ERR Serve tunnel error error="control stream encountered a failure while serving" connIndex=0 event=0 ip=2606:4700:a8::1
2026-08-08T22:28:38Z INF Retrying connection in up to 1m4s connIndex=0 event=0 ip=2606:4700:a8::1
2026-08-08T22:29:04Z INF Tunnel connection curve preferences: [X25519MLKEM768 CurveID(65074) CurveP256] connIndex=0 event=0 ip=2606:4700:a8::1
2026-08-08T22:29:04Z ERR failed to run the datagram handler error="context canceled" connIndex=0 event=0 ip=2606:4700:a8::1
2026-08-08T22:29:04Z ERR failed to serve tunnel connection error="control stream encountered a failure while serving" connIndex=0 event=0 ip=2606:4700:a8::1
2026-08-08T22:29:04Z ERR Serve tunnel error error="control stream encountered a failure while serving" connIndex=0 event=0 ip=2606:4700:a8::1
2026-08-08T22:29:04Z INF Retrying connection in up to 1m4s connIndex=0 event=0 ip=2606:4700:a8::1
2026-08-08T22:29:30Z INF Tunnel connection curve preferences: [X25519MLKEM768 CurveID(65074) CurveP256] connIndex=0 event=0 ip=2606:4700:a8::1
2026-08-08T22:29:30Z ERR failed to run the datagram handler error="context canceled" connIndex=0 event=0 ip=2606:4700:a8::1
2026-08-08T22:29:30Z ERR failed to serve tunnel connection error="control stream encountered a failure while serving" connIndex=0 event=0 ip=2606:4700:a8::1
2026-08-08T22:29:30Z ERR Serve tunnel error error="control stream encountered a failure while serving" connIndex=0 event=0 ip=2606:4700:a8::1
2026-08-08T22:29:30Z INF Retrying connection in up to 1m4s connIndex=0 event=0 ip=2606:4700:a8::1
2026-08-08T22:29:34Z INF Tunnel connection curve preferences: [X25519MLKEM768 CurveID(65074) CurveP256] connIndex=0 event=0 ip=2606:4700:a8::1
2026-08-08T22:29:35Z ERR failed to run the datagram handler error="context canceled" connIndex=0 event=0 ip=2606:4700:a8::1
2026-08-08T22:29:35Z ERR failed to serve tunnel connection error="control stream encountered a failure while serving" connIndex=0 event=0 ip=2606:4700:a8::1
2026-08-08T22:29:35Z ERR Serve tunnel error error="control stream encountered a failure while serving" connIndex=0 event=0 ip=2606:4700:a8::1
2026-08-08T22:29:35Z INF Retrying connection in up to 1m4s connIndex=0 event=0 ip=2606:4700:a8::1
2026-08-08T22:29:39Z INF Tunnel connection curve preferences: [X25519MLKEM768 CurveID(65074) CurveP256] connIndex=0 event=0 ip=2606:4700:a8::1
2026-08-08T22:29:39Z ERR failed to run the datagram handler error="context canceled" connIndex=0 event=0 ip=2606:4700:a8::1
2026-08-08T22:29:39Z ERR failed to serve tunnel connection error="control stream encountered a failure while serving" connIndex=0 event=0 ip=2606:4700:a8::1
2026-08-08T22:29:39Z ERR Serve tunnel error error="control stream encountered a failure while serving" connIndex=0 event=0 ip=2606:4700:a8::1
2026-08-08T22:29:39Z INF Retrying connection in up to 1m4s connIndex=0 event=0 ip=2606:4700:a8::1
2026-08-08T22:29:49Z INF Tunnel connection curve preferences: [X25519MLKEM768 CurveID(65074) CurveP256] connIndex=0 event=0 ip=2606:4700:a8::1
2026-08-08T22:29:49Z ERR failed to run the datagram handler error="context canceled" connIndex=0 event=0 ip=2606:4700:a8::1
2026-08-08T22:29:49Z ERR failed to serve tunnel connection error="control stream encountered a failure while serving" connIndex=0 event=0 ip=2606:4700:a8::1
2026-08-08T22:29:49Z ERR Serve tunnel error error="control stream encountered a failure while serving" connIndex=0 event=0 ip=2606:4700:a8::1
2026-08-08T22:29:49Z INF Retrying connection in up to 1m4s connIndex=0 event=0 ip=2606:4700:a8::1
2026-08-08T22:30:02Z INF Tunnel connection curve preferences: [X25519MLKEM768 CurveID(65074) CurveP256] connIndex=0 event=0 ip=2606:4700:a8::1
2026-08-08T22:30:02Z ERR failed to run the datagram handler error="context canceled" connIndex=0 event=0 ip=2606:4700:a8::1
2026-08-08T22:30:02Z ERR failed to serve tunnel connection error="control stream encountered a failure while serving" connIndex=0 event=0 ip=2606:4700:a8::1
2026-08-08T22:30:02Z ERR Serve tunnel error error="control stream encountered a failure while serving" connIndex=0 event=0 ip=2606:4700:a8::1
2026-08-08T22:30:02Z INF Retrying connection in up to 1m4s connIndex=0 event=0 ip=2606:4700:a8::1
2026-08-08T22:30:22Z INF Tunnel connection curve preferences: [X25519MLKEM768 CurveID(65074) CurveP256] connIndex=0 event=0 ip=2606:4700:a8::1
2026-08-08T22:30:22Z ERR failed to run the datagram handler error="context canceled" connIndex=0 event=0 ip=2606:4700:a8::1
2026-08-08T22:30:22Z ERR failed to serve tunnel connection error="control stream encountered a failure while serving" connIndex=0 event=0 ip=2606:4700:a8::1
2026-08-08T22:30:22Z ERR Serve tunnel error error="control stream encountered a failure while serving" connIndex=0 event=0 ip=2606:4700:a8::1
2026-08-08T22:30:22Z INF Retrying connection in up to 1m4s connIndex=0 event=0 ip=2606:4700:a8::1
2026-08-08T22:30:53Z INF Tunnel connection curve preferences: [X25519MLKEM768 CurveID(65074) CurveP256] connIndex=0 event=0 ip=2606:4700:a8::1
2026-08-08T22:30:54Z ERR failed to run the datagram handler error="context canceled" connIndex=0 event=0 ip=2606:4700:a8::1
2026-08-08T22:30:54Z ERR failed to serve tunnel connection error="control stream encountered a failure while serving" connIndex=0 event=0 ip=2606:4700:a8::1
2026-08-08T22:30:54Z ERR Serve tunnel error error="control stream encountered a failure while serving" connIndex=0 event=0 ip=2606:4700:a8::1
2026-08-08T22:30:54Z INF Retrying connection in up to 1m4s connIndex=0 event=0 ip=2606:4700:a8::1
2026-08-08T22:30:56Z INF Tunnel connection curve preferences: [X25519MLKEM768 CurveID(65074) CurveP256] connIndex=0 event=0 ip=2606:4700:a8::1
2026-08-08T22:30:56Z ERR failed to run the datagram handler error="context canceled" connIndex=0 event=0 ip=2606:4700:a8::1
2026-08-08T22:30:56Z ERR failed to serve tunnel connection error="control stream encountered a failure while serving" connIndex=0 event=0 ip=2606:4700:a8::1
2026-08-08T22:30:56Z ERR Serve tunnel error error="control stream encountered a failure while serving" connIndex=0 event=0 ip=2606:4700:a8::1
2026-08-08T22:30:56Z INF Retrying connection in up to 1m4s connIndex=0 event=0 ip=2606:4700:a8::1
2026-08-08T22:31:05Z INF Tunnel connection curve preferences: [X25519MLKEM768 CurveID(65074) CurveP256] connIndex=0 event=0 ip=2606:4700:a8::1
2026-08-08T22:31:05Z ERR failed to run the datagram handler error="context canceled" connIndex=0 event=0 ip=2606:4700:a8::1
2026-08-08T22:31:05Z ERR failed to serve tunnel connection error="control stream encountered a failure while serving" connIndex=0 event=0 ip=2606:4700:a8::1
2026-08-08T22:31:05Z ERR Serve tunnel error error="control stream encountered a failure while serving" connIndex=0 event=0 ip=2606:4700:a8::1
2026-08-08T22:31:05Z INF Retrying connection in up to 1m4s connIndex=0 event=0 ip=2606:4700:a8::1
2026-08-08T22:31:21Z INF Tunnel connection curve preferences: [X25519MLKEM768 CurveID(65074) CurveP256] connIndex=0 event=0 ip=2606:4700:a8::1
2026-08-08T22:31:21Z ERR failed to run the datagram handler error="context canceled" connIndex=0 event=0 ip=2606:4700:a8::1
2026-08-08T22:31:21Z ERR failed to serve tunnel connection error="control stream encountered a failure while serving" connIndex=0 event=0 ip=2606:4700:a8::1
2026-08-08T22:31:21Z ERR Serve tunnel error error="control stream encountered a failure while serving" connIndex=0 event=0 ip=2606:4700:a8::1
2026-08-08T22:31:21Z INF Retrying connection in up to 1m4s connIndex=0 event=0 ip=2606:4700:a8::1
2026-08-08T22:31:41Z INF Tunnel connection curve preferences: [X25519MLKEM768 CurveID(65074) CurveP256] connIndex=0 event=0 ip=2606:4700:a8::1
2026-08-08T22:31:41Z ERR failed to run the datagram handler error="context canceled" connIndex=0 event=0 ip=2606:4700:a8::1
2026-08-08T22:31:41Z ERR failed to serve tunnel connection error="control stream encountered a failure while serving" connIndex=0 event=0 ip=2606:4700:a8::1
2026-08-08T22:31:41Z ERR Serve tunnel error error="control stream encountered a failure while serving" connIndex=0 event=0 ip=2606:4700:a8::1
2026-08-08T22:31:41Z INF Retrying connection in up to 1m4s connIndex=0 event=0 ip=2606:4700:a8::1
2026-08-08T22:32:04Z INF Tunnel connection curve preferences: [X25519MLKEM768 CurveID(65074) CurveP256] connIndex=0 event=0 ip=2606:4700:a8::1
2026-08-08T22:32:04Z ERR failed to run the datagram handler error="context canceled" connIndex=0 event=0 ip=2606:4700:a8::1
2026-08-08T22:32:04Z ERR failed to serve tunnel connection error="control stream encountered a failure while serving" connIndex=0 event=0 ip=2606:4700:a8::1
2026-08-08T22:32:04Z ERR Serve tunnel error error="control stream encountered a failure while serving" connIndex=0 event=0 ip=2606:4700:a8::1
2026-08-08T22:32:04Z INF Retrying connection in up to 1m4s connIndex=0 event=0 ip=2606:4700:a8::1
2026-08-08T22:32:24Z INF Tunnel connection curve preferences: [X25519MLKEM768 CurveID(65074) CurveP256] connIndex=0 event=0 ip=2606:4700:a8::1
2026-08-08T22:32:24Z ERR failed to run the datagram handler error="context canceled" connIndex=0 event=0 ip=2606:4700:a8::1
2026-08-08T22:32:24Z ERR failed to serve tunnel connection error="control stream encountered a failure while serving" connIndex=0 event=0 ip=2606:4700:a8::1
2026-08-08T22:32:24Z ERR Serve tunnel error error="control stream encountered a failure while serving" connIndex=0 event=0 ip=2606:4700:a8::1
2026-08-08T22:32:24Z INF Retrying connection in up to 1m4s connIndex=0 event=0 ip=2606:4700:a8::1
2026-08-08T22:32:28Z INF Tunnel connection curve preferences: [X25519MLKEM768 CurveID(65074) CurveP256] connIndex=0 event=0 ip=2606:4700:a8::1
2026-08-08T22:32:28Z ERR failed to run the datagram handler error="context canceled" connIndex=0 event=0 ip=2606:4700:a8::1
2026-08-08T22:32:28Z ERR failed to serve tunnel connection error="control stream encountered a failure while serving" connIndex=0 event=0 ip=2606:4700:a8::1
2026-08-08T22:32:28Z ERR Serve tunnel error error="control stream encountered a failure while serving" connIndex=0 event=0 ip=2606:4700:a8::1
2026-08-08T22:32:28Z INF Retrying connection in up to 1m4s connIndex=0 event=0 ip=2606:4700:a8::1
2026-08-08T22:32:28Z INF Tunnel connection curve preferences: [X25519MLKEM768 CurveID(65074) CurveP256] connIndex=0 event=0 ip=2606:4700:a8::1
2026-08-08T22:32:28Z ERR failed to run the datagram handler error="context canceled" connIndex=0 event=0 ip=2606:4700:a8::1
2026-08-08T22:32:28Z ERR failed to serve tunnel connection error="control stream encountered a failure while serving" connIndex=0 event=0 ip=2606:4700:a8::1
2026-08-08T22:32:28Z ERR Serve tunnel error error="control stream encountered a failure while serving" connIndex=0 event=0 ip=2606:4700:a8::1
2026-08-08T22:32:28Z INF Retrying connection in up to 1m4s connIndex=0 event=0 ip=2606:4700:a8::1
2026-08-08T22:32:28Z INF Tunnel connection curve preferences: [X25519MLKEM768 CurveID(65074) CurveP256] connIndex=0 event=0 ip=2606:4700:a8::1
2026-08-08T22:32:28Z ERR failed to run the datagram handler error="context canceled" connIndex=0 event=0 ip=2606:4700:a8::1
2026-08-08T22:32:28Z ERR failed to serve tunnel connection error="control stream encountered a failure while serving" connIndex=0 event=0 ip=2606:4700:a8::1
2026-08-08T22:32:28Z ERR Serve tunnel error error="control stream encountered a failure while serving" connIndex=0 event=0 ip=2606:4700:a8::1
2026-08-08T22:32:28Z INF Retrying connection in up to 1m4s connIndex=0 event=0 ip=2606:4700:a8::1
2026-08-08T22:32:40Z INF Tunnel connection curve preferences: [X25519MLKEM768 CurveID(65074) CurveP256] connIndex=0 event=0 ip=2606:4700:a8::1
2026-08-08T22:32:40Z ERR failed to run the datagram handler error="context canceled" connIndex=0 event=0 ip=2606:4700:a8::1
2026-08-08T22:32:40Z ERR failed to serve tunnel connection error="control stream encountered a failure while serving" connIndex=0 event=0 ip=2606:4700:a8::1
2026-08-08T22:32:40Z ERR Serve tunnel error error="control stream encountered a failure while serving" connIndex=0 event=0 ip=2606:4700:a8::1
2026-08-08T22:32:40Z INF Retrying connection in up to 1m4s connIndex=0 event=0 ip=2606:4700:a8::1
2026-08-08T22:32:44Z INF Tunnel connection curve preferences: [X25519MLKEM768 CurveID(65074) CurveP256] connIndex=0 event=0 ip=2606:4700:a8::1
2026-08-08T22:32:44Z ERR failed to run the datagram handler error="context canceled" connIndex=0 event=0 ip=2606:4700:a8::1
2026-08-08T22:32:44Z ERR failed to serve tunnel connection error="control stream encountered a failure while serving" connIndex=0 event=0 ip=2606:4700:a8::1
2026-08-08T22:32:44Z ERR Serve tunnel error error="control stream encountered a failure while serving" connIndex=0 event=0 ip=2606:4700:a8::1
2026-08-08T22:32:44Z INF Retrying connection in up to 1m4s connIndex=0 event=0 ip=2606:4700:a8::1
2026-08-08T22:32:55Z INF Tunnel connection curve preferences: [X25519MLKEM768 CurveID(65074) CurveP256] connIndex=0 event=0 ip=2606:4700:a8::1
2026-08-08T22:32:55Z ERR failed to run the datagram handler error="context canceled" connIndex=0 event=0 ip=2606:4700:a8::1
2026-08-08T22:32:55Z ERR failed to serve tunnel connection error="control stream encountered a failure while serving" connIndex=0 event=0 ip=2606:4700:a8::1
2026-08-08T22:32:55Z ERR Serve tunnel error error="control stream encountered a failure while serving" connIndex=0 event=0 ip=2606:4700:a8::1
2026-08-08T22:32:55Z INF Retrying connection in up to 1m4s connIndex=0 event=0 ip=2606:4700:a8::1
2026-08-08T22:33:22Z INF Tunnel connection curve preferences: [X25519MLKEM768 CurveID(65074) CurveP256] connIndex=0 event=0 ip=2606:4700:a8::1
2026-08-08T22:33:22Z ERR failed to run the datagram handler error="context canceled" connIndex=0 event=0 ip=2606:4700:a8::1
2026-08-08T22:33:22Z ERR failed to serve tunnel connection error="control stream encountered a failure while serving" connIndex=0 event=0 ip=2606:4700:a8::1
2026-08-08T22:33:22Z ERR Serve tunnel error error="control stream encountered a failure while serving" connIndex=0 event=0 ip=2606:4700:a8::1
2026-08-08T22:33:22Z INF Retrying connection in up to 1m4s connIndex=0 event=0 ip=2606:4700:a8::1
2026-08-08T22:33:44Z INF Tunnel connection curve preferences: [X25519MLKEM768 CurveID(65074) CurveP256] connIndex=0 event=0 ip=2606:4700:a8::1
2026-08-08T22:33:44Z ERR failed to run the datagram handler error="context canceled" connIndex=0 event=0 ip=2606:4700:a8::1
2026-08-08T22:33:44Z ERR failed to serve tunnel connection error="control stream encountered a failure while serving" connIndex=0 event=0 ip=2606:4700:a8::1
2026-08-08T22:33:44Z ERR Serve tunnel error error="control stream encountered a failure while serving" connIndex=0 event=0 ip=2606:4700:a8::1
2026-08-08T22:33:44Z INF Retrying connection in up to 1m4s connIndex=0 event=0 ip=2606:4700:a8::1
2026-08-08T22:34:14Z INF Tunnel connection curve preferences: [X25519MLKEM768 CurveID(65074) CurveP256] connIndex=0 event=0 ip=2606:4700:a8::1
2026-08-08T22:34:14Z ERR failed to run the datagram handler error="context canceled" connIndex=0 event=0 ip=2606:4700:a8::1
2026-08-08T22:34:14Z ERR failed to serve tunnel connection error="control stream encountered a failure while serving" connIndex=0 event=0 ip=2606:4700:a8::1
2026-08-08T22:34:14Z ERR Serve tunnel error error="control stream encountered a failure while serving" connIndex=0 event=0 ip=2606:4700:a8::1
2026-08-08T22:34:14Z INF Retrying connection in up to 1m4s connIndex=0 event=0 ip=2606:4700:a8::1
2026-08-08T22:34:41Z INF Tunnel connection curve preferences: [X25519MLKEM768 CurveID(65074) CurveP256] connIndex=0 event=0 ip=2606:4700:a8::1
2026-08-08T22:34:41Z ERR failed to run the datagram handler error="context canceled" connIndex=0 event=0 ip=2606:4700:a8::1
2026-08-08T22:34:41Z ERR failed to serve tunnel connection error="control stream encountered a failure while serving" connIndex=0 event=0 ip=2606:4700:a8::1
2026-08-08T22:34:41Z ERR Serve tunnel error error="control stream encountered a failure while serving" connIndex=0 event=0 ip=2606:4700:a8::1
2026-08-08T22:34:41Z INF Retrying connection in up to 1m4s connIndex=0 event=0 ip=2606:4700:a8::1
2026-08-08T22:35:12Z INF Tunnel connection curve preferences: [X25519MLKEM768 CurveID(65074) CurveP256] connIndex=0 event=0 ip=2606:4700:a8::1
2026-08-08T22:35:12Z ERR failed to run the datagram handler error="context canceled" connIndex=0 event=0 ip=2606:4700:a8::1
2026-08-08T22:35:12Z ERR failed to serve tunnel connection error="control stream encountered a failure while serving" connIndex=0 event=0 ip=2606:4700:a8::1
2026-08-08T22:35:12Z ERR Serve tunnel error error="control stream encountered a failure while serving" connIndex=0 event=0 ip=2606:4700:a8::1
2026-08-08T22:35:12Z INF Retrying connection in up to 1m4s connIndex=0 event=0 ip=2606:4700:a8::1
2026-08-08T22:35:42Z INF Tunnel connection curve preferences: [X25519MLKEM768 CurveID(65074) CurveP256] connIndex=0 event=0 ip=2606:4700:a8::1
2026-08-08T22:35:42Z ERR failed to run the datagram handler error="context canceled" connIndex=0 event=0 ip=2606:4700:a8::1
2026-08-08T22:35:42Z ERR failed to serve tunnel connection error="control stream encountered a failure while serving" connIndex=0 event=0 ip=2606:4700:a8::1
2026-08-08T22:35:42Z ERR Serve tunnel error error="control stream encountered a failure while serving" connIndex=0 event=0 ip=2606:4700:a8::1
2026-08-08T22:35:42Z INF Retrying connection in up to 1m4s connIndex=0 event=0 ip=2606:4700:a8::1
2026-08-08T22:35:52Z INF Tunnel connection curve preferences: [X25519MLKEM768 CurveID(65074) CurveP256] connIndex=0 event=0 ip=2606:4700:a8::1
2026-08-08T22:35:52Z ERR failed to run the datagram handler error="context canceled" connIndex=0 event=0 ip=2606:4700:a8::1
2026-08-08T22:35:52Z ERR failed to serve tunnel connection error="control stream encountered a failure while serving" connIndex=0 event=0 ip=2606:4700:a8::1
2026-08-08T22:35:52Z ERR Serve tunnel error error="control stream encountered a failure while serving" connIndex=0 event=0 ip=2606:4700:a8::1
2026-08-08T22:35:52Z INF Retrying connection in up to 1m4s connIndex=0 event=0 ip=2606:4700:a8::1
2026-08-08T22:36:18Z INF Tunnel connection curve preferences: [X25519MLKEM768 CurveID(65074) CurveP256] connIndex=0 event=0 ip=2606:4700:a8::1
2026-08-08T22:36:18Z ERR failed to run the datagram handler error="context canceled" connIndex=0 event=0 ip=2606:4700:a8::1
2026-08-08T22:36:18Z ERR failed to serve tunnel connection error="control stream encountered a failure while serving" connIndex=0 event=0 ip=2606:4700:a8::1
2026-08-08T22:36:18Z ERR Serve tunnel error error="control stream encountered a failure while serving" connIndex=0 event=0 ip=2606:4700:a8::1
2026-08-08T22:36:18Z INF Retrying connection in up to 1m4s connIndex=0 event=0 ip=2606:4700:a8::1
2026-08-08T22:36:28Z INF Tunnel connection curve preferences: [X25519MLKEM768 CurveID(65074) CurveP256] connIndex=0 event=0 ip=2606:4700:a8::1
2026-08-08T22:36:29Z ERR failed to run the datagram handler error="context canceled" connIndex=0 event=0 ip=2606:4700:a8::1
2026-08-08T22:36:29Z ERR failed to serve tunnel connection error="control stream encountered a failure while serving" connIndex=0 event=0 ip=2606:4700:a8::1
2026-08-08T22:36:29Z ERR Serve tunnel error error="control stream encountered a failure while serving" connIndex=0 event=0 ip=2606:4700:a8::1
2026-08-08T22:36:29Z INF Retrying connection in up to 1m4s connIndex=0 event=0 ip=2606:4700:a8::1
2026-08-08T22:36:29Z INF Tunnel connection curve preferences: [X25519MLKEM768 CurveID(65074) CurveP256] connIndex=0 event=0 ip=2606:4700:a8::1
2026-08-08T22:36:29Z ERR failed to run the datagram handler error="context canceled" connIndex=0 event=0 ip=2606:4700:a8::1
2026-08-08T22:36:29Z ERR failed to serve tunnel connection error="control stream encountered a failure while serving" connIndex=0 event=0 ip=2606:4700:a8::1
2026-08-08T22:36:29Z ERR Serve tunnel error error="control stream encountered a failure while serving" connIndex=0 event=0 ip=2606:4700:a8::1
2026-08-08T22:36:29Z INF Retrying connection in up to 1m4s connIndex=0 event=0 ip=2606:4700:a8::1
2026-08-08T22:36:30Z INF Tunnel connection curve preferences: [X25519MLKEM768 CurveID(65074) CurveP256] connIndex=0 event=0 ip=2606:4700:a8::1
2026-08-08T22:36:30Z ERR failed to run the datagram handler error="context canceled" connIndex=0 event=0 ip=2606:4700:a8::1
2026-08-08T22:36:30Z ERR failed to serve tunnel connection error="control stream encountered a failure while serving" connIndex=0 event=0 ip=2606:4700:a8::1
2026-08-08T22:36:30Z ERR Serve tunnel error error="control stream encountered a failure while serving" connIndex=0 event=0 ip=2606:4700:a8::1
2026-08-08T22:36:30Z INF Retrying connection in up to 1m4s connIndex=0 event=0 ip=2606:4700:a8::1
2026-08-08T22:36:35Z INF Tunnel connection curve preferences: [X25519MLKEM768 CurveID(65074) CurveP256] connIndex=0 event=0 ip=2606:4700:a8::1
2026-08-08T22:36:35Z ERR failed to run the datagram handler error="context canceled" connIndex=0 event=0 ip=2606:4700:a8::1
2026-08-08T22:36:35Z ERR failed to serve tunnel connection error="control stream encountered a failure while serving" connIndex=0 event=0 ip=2606:4700:a8::1
2026-08-08T22:36:35Z ERR Serve tunnel error error="control stream encountered a failure while serving" connIndex=0 event=0 ip=2606:4700:a8::1
2026-08-08T22:36:35Z INF Retrying connection in up to 1m4s connIndex=0 event=0 ip=2606:4700:a8::1
2026-08-08T22:36:43Z INF Tunnel connection curve preferences: [X25519MLKEM768 CurveID(65074) CurveP256] connIndex=0 event=0 ip=2606:4700:a8::1
2026-08-08T22:36:43Z ERR failed to run the datagram handler error="context canceled" connIndex=0 event=0 ip=2606:4700:a8::1
2026-08-08T22:36:43Z ERR failed to serve tunnel connection error="control stream encountered a failure while serving" connIndex=0 event=0 ip=2606:4700:a8::1
2026-08-08T22:36:43Z ERR Serve tunnel error error="control stream encountered a failure while serving" connIndex=0 event=0 ip=2606:4700:a8::1
2026-08-08T22:36:43Z INF Retrying connection in up to 1m4s connIndex=0 event=0 ip=2606:4700:a8::1
2026-08-08T22:37:14Z INF Tunnel connection curve preferences: [X25519MLKEM768 CurveID(65074) CurveP256] connIndex=0 event=0 ip=2606:4700:a8::1
2026-08-08T22:37:14Z ERR failed to run the datagram handler error="context canceled" connIndex=0 event=0 ip=2606:4700:a8::1
2026-08-08T22:37:14Z ERR failed to serve tunnel connection error="control stream encountered a failure while serving" connIndex=0 event=0 ip=2606:4700:a8::1
2026-08-08T22:37:14Z ERR Serve tunnel error error="control stream encountered a failure while serving" connIndex=0 event=0 ip=2606:4700:a8::1
2026-08-08T22:37:14Z INF Retrying connection in up to 1m4s connIndex=0 event=0 ip=2606:4700:a8::1
2026-08-08T22:37:32Z INF Tunnel connection curve preferences: [X25519MLKEM768 CurveID(65074) CurveP256] connIndex=0 event=0 ip=2606:4700:a8::1
2026-08-08T22:37:32Z ERR failed to run the datagram handler error="context canceled" connIndex=0 event=0 ip=2606:4700:a8::1
2026-08-08T22:37:32Z ERR failed to serve tunnel connection error="control stream encountered a failure while serving" connIndex=0 event=0 ip=2606:4700:a8::1
2026-08-08T22:37:32Z ERR Serve tunnel error error="control stream encountered a failure while serving" connIndex=0 event=0 ip=2606:4700:a8::1
2026-08-08T22:37:32Z INF Retrying connection in up to 1m4s connIndex=0 event=0 ip=2606:4700:a8::1
2026-08-08T22:37:44Z INF Tunnel connection curve preferences: [X25519MLKEM768 CurveID(65074) CurveP256] connIndex=0 event=0 ip=2606:4700:a8::1
2026-08-08T22:37:44Z ERR failed to run the datagram handler error="context canceled" connIndex=0 event=0 ip=2606:4700:a8::1
2026-08-08T22:37:44Z ERR failed to serve tunnel connection error="control stream encountered a failure while serving" connIndex=0 event=0 ip=2606:4700:a8::1
2026-08-08T22:37:44Z ERR Serve tunnel error error="control stream encountered a failure while serving" connIndex=0 event=0 ip=2606:4700:a8::1
2026-08-08T22:37:44Z INF Retrying connection in up to 1m4s connIndex=0 event=0 ip=2606:4700:a8::1
2026-08-08T22:37:49Z INF Tunnel connection curve preferences: [X25519MLKEM768 CurveID(65074) CurveP256] connIndex=0 event=0 ip=2606:4700:a8::1
2026-08-08T22:37:49Z ERR failed to run the datagram handler error="context canceled" connIndex=0 event=0 ip=2606:4700:a8::1
2026-08-08T22:37:49Z ERR failed to serve tunnel connection error="control stream encountered a failure while serving" connIndex=0 event=0 ip=2606:4700:a8::1
2026-08-08T22:37:49Z ERR Serve tunnel error error="control stream encountered a failure while serving" connIndex=0 event=0 ip=2606:4700:a8::1
2026-08-08T22:37:49Z INF Retrying connection in up to 1m4s connIndex=0 event=0 ip=2606:4700:a8::1
2026-08-08T22:38:18Z INF Tunnel connection curve preferences: [X25519MLKEM768 CurveID(65074) CurveP256] connIndex=0 event=0 ip=2606:4700:a8::1
2026-08-08T22:38:18Z ERR failed to run the datagram handler error="context canceled" connIndex=0 event=0 ip=2606:4700:a8::1
2026-08-08T22:38:18Z ERR failed to serve tunnel connection error="control stream encountered a failure while serving" connIndex=0 event=0 ip=2606:4700:a8::1
2026-08-08T22:38:18Z ERR Serve tunnel error error="control stream encountered a failure while serving" connIndex=0 event=0 ip=2606:4700:a8::1
2026-08-08T22:38:18Z INF Retrying connection in up to 1m4s connIndex=0 event=0 ip=2606:4700:a8::1
2026-08-08T22:38:42Z INF Tunnel connection curve preferences: [X25519MLKEM768 CurveID(65074) CurveP256] connIndex=0 event=0 ip=2606:4700:a8::1
2026-08-08T22:38:42Z ERR failed to run the datagram handler error="context canceled" connIndex=0 event=0 ip=2606:4700:a8::1
2026-08-08T22:38:42Z ERR failed to serve tunnel connection error="control stream encountered a failure while serving" connIndex=0 event=0 ip=2606:4700:a8::1
2026-08-08T22:38:42Z ERR Serve tunnel error error="control stream encountered a failure while serving" connIndex=0 event=0 ip=2606:4700:a8::1
2026-08-08T22:38:42Z INF Retrying connection in up to 1m4s connIndex=0 event=0 ip=2606:4700:a8::1
2026-08-08T22:39:03Z INF Tunnel connection curve preferences: [X25519MLKEM768 CurveID(65074) CurveP256] connIndex=0 event=0 ip=2606:4700:a8::1
2026-08-08T22:39:03Z ERR failed to run the datagram handler error="context canceled" connIndex=0 event=0 ip=2606:4700:a8::1
2026-08-08T22:39:03Z ERR failed to serve tunnel connection error="control stream encountered a failure while serving" connIndex=0 event=0 ip=2606:4700:a8::1
2026-08-08T22:39:03Z ERR Serve tunnel error error="control stream encountered a failure while serving" connIndex=0 event=0 ip=2606:4700:a8::1
2026-08-08T22:39:03Z INF Retrying connection in up to 1m4s connIndex=0 event=0 ip=2606:4700:a8::1
2026-08-08T22:39:20Z INF Tunnel connection curve preferences: [X25519MLKEM768 CurveID(65074) CurveP256] connIndex=0 event=0 ip=2606:4700:a8::1
2026-08-08T22:39:21Z ERR failed to run the datagram handler error="context canceled" connIndex=0 event=0 ip=2606:4700:a8::1
2026-08-08T22:39:21Z ERR failed to serve tunnel connection error="control stream encountered a failure while serving" connIndex=0 event=0 ip=2606:4700:a8::1
2026-08-08T22:39:21Z ERR Serve tunnel error error="control stream encountered a failure while serving" connIndex=0 event=0 ip=2606:4700:a8::1
2026-08-08T22:39:21Z INF Retrying connection in up to 1m4s connIndex=0 event=0 ip=2606:4700:a8::1
2026-08-08T22:39:21Z INF Tunnel connection curve preferences: [X25519MLKEM768 CurveID(65074) CurveP256] connIndex=0 event=0 ip=2606:4700:a8::1
2026-08-08T22:39:21Z ERR failed to run the datagram handler error="context canceled" connIndex=0 event=0 ip=2606:4700:a8::1
2026-08-08T22:39:21Z ERR failed to serve tunnel connection error="control stream encountered a failure while serving" connIndex=0 event=0 ip=2606:4700:a8::1
2026-08-08T22:39:21Z ERR Serve tunnel error error="control stream encountered a failure while serving" connIndex=0 event=0 ip=2606:4700:a8::1
2026-08-08T22:39:21Z INF Retrying connection in up to 1m4s connIndex=0 event=0 ip=2606:4700:a8::1
2026-08-08T22:39:28Z INF Tunnel connection curve preferences: [X25519MLKEM768 CurveID(65074) CurveP256] connIndex=0 event=0 ip=2606:4700:a8::1
2026-08-08T22:39:28Z ERR failed to run the datagram handler error="context canceled" connIndex=0 event=0 ip=2606:4700:a8::1
2026-08-08T22:39:28Z ERR failed to serve tunnel connection error="control stream encountered a failure while serving" connIndex=0 event=0 ip=2606:4700:a8::1
2026-08-08T22:39:28Z ERR Serve tunnel error error="control stream encountered a failure while serving" connIndex=0 event=0 ip=2606:4700:a8::1
2026-08-08T22:39:28Z INF Retrying connection in up to 1m4s connIndex=0 event=0 ip=2606:4700:a8::1
2026-08-08T22:39:32Z INF Tunnel connection curve preferences: [X25519MLKEM768 CurveID(65074) CurveP256] connIndex=0 event=0 ip=2606:4700:a8::1
2026-08-08T22:39:32Z ERR failed to run the datagram handler error="context canceled" connIndex=0 event=0 ip=2606:4700:a8::1
2026-08-08T22:39:32Z ERR failed to serve tunnel connection error="control stream encountered a failure while serving" connIndex=0 event=0 ip=2606:4700:a8::1
2026-08-08T22:39:32Z ERR Serve tunnel error error="control stream encountered a failure while serving" connIndex=0 event=0 ip=2606:4700:a8::1
2026-08-08T22:39:32Z INF Retrying connection in up to 1m4s connIndex=0 event=0 ip=2606:4700:a8::1
2026-08-08T22:39:53Z INF Tunnel connection curve preferences: [X25519MLKEM768 CurveID(65074) CurveP256] connIndex=0 event=0 ip=2606:4700:a8::1
2026-08-08T22:39:53Z ERR failed to run the datagram handler error="context canceled" connIndex=0 event=0 ip=2606:4700:a8::1
2026-08-08T22:39:53Z ERR failed to serve tunnel connection error="control stream encountered a failure while serving" connIndex=0 event=0 ip=2606:4700:a8::1
2026-08-08T22:39:53Z ERR Serve tunnel error error="control stream encountered a failure while serving" connIndex=0 event=0 ip=2606:4700:a8::1
2026-08-08T22:39:53Z INF Retrying connection in up to 1m4s connIndex=0 event=0 ip=2606:4700:a8::1
2026-08-08T22:40:11Z INF Tunnel connection curve preferences: [X25519MLKEM768 CurveID(65074) CurveP256] connIndex=0 event=0 ip=2606:4700:a8::1
2026-08-08T22:40:11Z ERR failed to run the datagram handler error="context canceled" connIndex=0 event=0 ip=2606:4700:a8::1
2026-08-08T22:40:11Z ERR failed to serve tunnel connection error="control stream encountered a failure while serving" connIndex=0 event=0 ip=2606:4700:a8::1
2026-08-08T22:40:11Z ERR Serve tunnel error error="control stream encountered a failure while serving" connIndex=0 event=0 ip=2606:4700:a8::1
2026-08-08T22:40:11Z INF Retrying connection in up to 1m4s connIndex=0 event=0 ip=2606:4700:a8::1
2026-08-08T22:40:40Z INF Tunnel connection curve preferences: [X25519MLKEM768 CurveID(65074) CurveP256] connIndex=0 event=0 ip=2606:4700:a8::1
2026-08-08T22:40:40Z ERR failed to run the datagram handler error="context canceled" connIndex=0 event=0 ip=2606:4700:a8::1
2026-08-08T22:40:40Z ERR failed to serve tunnel connection error="control stream encountered a failure while serving" connIndex=0 event=0 ip=2606:4700:a8::1
2026-08-08T22:40:40Z ERR Serve tunnel error error="control stream encountered a failure while serving" connIndex=0 event=0 ip=2606:4700:a8::1
2026-08-08T22:40:40Z INF Retrying connection in up to 1m4s connIndex=0 event=0 ip=2606:4700:a8::1
2026-08-08T22:41:09Z INF Tunnel connection curve preferences: [X25519MLKEM768 CurveID(65074) CurveP256] connIndex=0 event=0 ip=2606:4700:a8::1
2026-08-08T22:41:09Z ERR failed to run the datagram handler error="context canceled" connIndex=0 event=0 ip=2606:4700:a8::1
2026-08-08T22:41:09Z ERR failed to serve tunnel connection error="control stream encountered a failure while serving" connIndex=0 event=0 ip=2606:4700:a8::1
2026-08-08T22:41:09Z ERR Serve tunnel error error="control stream encountered a failure while serving" connIndex=0 event=0 ip=2606:4700:a8::1
2026-08-08T22:41:09Z INF Retrying connection in up to 1m4s connIndex=0 event=0 ip=2606:4700:a8::1
2026-08-08T22:41:29Z INF Tunnel connection curve preferences: [X25519MLKEM768 CurveID(65074) CurveP256] connIndex=0 event=0 ip=2606:4700:a8::1
2026-08-08T22:41:29Z ERR failed to run the datagram handler error="context canceled" connIndex=0 event=0 ip=2606:4700:a8::1
2026-08-08T22:41:29Z ERR failed to serve tunnel connection error="control stream encountered a failure while serving" connIndex=0 event=0 ip=2606:4700:a8::1
2026-08-08T22:41:29Z ERR Serve tunnel error error="control stream encountered a failure while serving" connIndex=0 event=0 ip=2606:4700:a8::1
2026-08-08T22:41:29Z INF Retrying connection in up to 1m4s connIndex=0 event=0 ip=2606:4700:a8::1
2026-08-08T22:41:35Z INF Tunnel connection curve preferences: [X25519MLKEM768 CurveID(65074) CurveP256] connIndex=0 event=0 ip=2606:4700:a8::1
2026-08-08T22:41:35Z ERR failed to run the datagram handler error="context canceled" connIndex=0 event=0 ip=2606:4700:a8::1
2026-08-08T22:41:35Z ERR failed to serve tunnel connection error="control stream encountered a failure while serving" connIndex=0 event=0 ip=2606:4700:a8::1
2026-08-08T22:41:35Z ERR Serve tunnel error error="control stream encountered a failure while serving" connIndex=0 event=0 ip=2606:4700:a8::1
2026-08-08T22:41:35Z INF Retrying connection in up to 1m4s connIndex=0 event=0 ip=2606:4700:a8::1
2026-08-08T22:41:59Z INF Tunnel connection curve preferences: [X25519MLKEM768 CurveID(65074) CurveP256] connIndex=0 event=0 ip=2606:4700:a8::1
2026-08-08T22:41:59Z ERR failed to run the datagram handler error="context canceled" connIndex=0 event=0 ip=2606:4700:a8::1
2026-08-08T22:41:59Z ERR failed to serve tunnel connection error="control stream encountered a failure while serving" connIndex=0 event=0 ip=2606:4700:a8::1
2026-08-08T22:41:59Z ERR Serve tunnel error error="control stream encountered a failure while serving" connIndex=0 event=0 ip=2606:4700:a8::1
2026-08-08T22:41:59Z INF Retrying connection in up to 1m4s connIndex=0 event=0 ip=2606:4700:a8::1
2026-08-08T22:42:15Z INF Tunnel connection curve preferences: [X25519MLKEM768 CurveID(65074) CurveP256] connIndex=0 event=0 ip=2606:4700:a8::1
2026-08-08T22:42:15Z ERR failed to run the datagram handler error="context canceled" connIndex=0 event=0 ip=2606:4700:a8::1
2026-08-08T22:42:15Z ERR failed to serve tunnel connection error="control stream encountered a failure while serving" connIndex=0 event=0 ip=2606:4700:a8::1
2026-08-08T22:42:15Z ERR Serve tunnel error error="control stream encountered a failure while serving" connIndex=0 event=0 ip=2606:4700:a8::1
2026-08-08T22:42:15Z INF Retrying connection in up to 1m4s connIndex=0 event=0 ip=2606:4700:a8::1
2026-08-08T22:42:28Z INF Tunnel connection curve preferences: [X25519MLKEM768 CurveID(65074) CurveP256] connIndex=0 event=0 ip=2606:4700:a8::1
2026-08-08T22:42:28Z ERR failed to run the datagram handler error="context canceled" connIndex=0 event=0 ip=2606:4700:a8::1
2026-08-08T22:42:28Z ERR failed to serve tunnel connection error="control stream encountered a failure while serving" connIndex=0 event=0 ip=2606:4700:a8::1
2026-08-08T22:42:28Z ERR Serve tunnel error error="control stream encountered a failure while serving" connIndex=0 event=0 ip=2606:4700:a8::1
2026-08-08T22:42:28Z INF Retrying connection in up to 1m4s connIndex=0 event=0 ip=2606:4700:a8::1
2026-08-08T22:42:41Z INF Tunnel connection curve preferences: [X25519MLKEM768 CurveID(65074) CurveP256] connIndex=0 event=0 ip=2606:4700:a8::1
2026-08-08T22:42:41Z ERR failed to run the datagram handler error="context canceled" connIndex=0 event=0 ip=2606:4700:a8::1
2026-08-08T22:42:41Z ERR failed to serve tunnel connection error="control stream encountered a failure while serving" connIndex=0 event=0 ip=2606:4700:a8::1
2026-08-08T22:42:41Z ERR Serve tunnel error error="control stream encountered a failure while serving" connIndex=0 event=0 ip=2606:4700:a8::1
2026-08-08T22:42:41Z INF Retrying connection in up to 1m4s connIndex=0 event=0 ip=2606:4700:a8::1
2026-08-08T22:42:49Z INF Tunnel connection curve preferences: [X25519MLKEM768 CurveID(65074) CurveP256] connIndex=0 event=0 ip=2606:4700:a8::1
2026-08-08T22:42:49Z ERR failed to run the datagram handler error="context canceled" connIndex=0 event=0 ip=2606:4700:a8::1
2026-08-08T22:42:49Z ERR failed to serve tunnel connection error="control stream encountered a failure while serving" connIndex=0 event=0 ip=2606:4700:a8::1
2026-08-08T22:42:49Z ERR Serve tunnel error error="control stream encountered a failure while serving" connIndex=0 event=0 ip=2606:4700:a8::1
2026-08-08T22:42:49Z INF Retrying connection in up to 1m4s connIndex=0 event=0 ip=2606:4700:a8::1
2026-08-08T22:43:05Z INF Tunnel connection curve preferences: [X25519MLKEM768 CurveID(65074) CurveP256] connIndex=0 event=0 ip=2606:4700:a8::1
2026-08-08T22:43:05Z ERR failed to run the datagram handler error="context canceled" connIndex=0 event=0 ip=2606:4700:a8::1
2026-08-08T22:43:05Z ERR failed to serve tunnel connection error="control stream encountered a failure while serving" connIndex=0 event=0 ip=2606:4700:a8::1
2026-08-08T22:43:05Z ERR Serve tunnel error error="control stream encountered a failure while serving" connIndex=0 event=0 ip=2606:4700:a8::1
2026-08-08T22:43:05Z INF Retrying connection in up to 1m4s connIndex=0 event=0 ip=2606:4700:a8::1
2026-08-08T22:43:14Z INF Tunnel connection curve preferences: [X25519MLKEM768 CurveID(65074) CurveP256] connIndex=0 event=0 ip=2606:4700:a8::1
2026-08-08T22:43:15Z ERR failed to run the datagram handler error="context canceled" connIndex=0 event=0 ip=2606:4700:a8::1
2026-08-08T22:43:15Z ERR failed to serve tunnel connection error="control stream encountered a failure while serving" connIndex=0 event=0 ip=2606:4700:a8::1
2026-08-08T22:43:15Z ERR Serve tunnel error error="control stream encountered a failure while serving" connIndex=0 event=0 ip=2606:4700:a8::1
2026-08-08T22:43:15Z INF Retrying connection in up to 1m4s connIndex=0 event=0 ip=2606:4700:a8::1
2026-08-08T22:43:16Z INF Tunnel connection curve preferences: [X25519MLKEM768 CurveID(65074) CurveP256] connIndex=0 event=0 ip=2606:4700:a8::1
2026-08-08T22:43:16Z ERR failed to run the datagram handler error="context canceled" connIndex=0 event=0 ip=2606:4700:a8::1
2026-08-08T22:43:16Z ERR failed to serve tunnel connection error="control stream encountered a failure while serving" connIndex=0 event=0 ip=2606:4700:a8::1
2026-08-08T22:43:16Z ERR Serve tunnel error error="control stream encountered a failure while serving" connIndex=0 event=0 ip=2606:4700:a8::1
2026-08-08T22:43:16Z INF Retrying connection in up to 1m4s connIndex=0 event=0 ip=2606:4700:a8::1
2026-08-08T22:43:25Z INF Tunnel connection curve preferences: [X25519MLKEM768 CurveID(65074) CurveP256] connIndex=0 event=0 ip=2606:4700:a8::1
2026-08-08T22:43:26Z ERR failed to run the datagram handler error="context canceled" connIndex=0 event=0 ip=2606:4700:a8::1
2026-08-08T22:43:26Z ERR failed to serve tunnel connection error="control stream encountered a failure while serving" connIndex=0 event=0 ip=2606:4700:a8::1
2026-08-08T22:43:26Z ERR Serve tunnel error error="control stream encountered a failure while serving" connIndex=0 event=0 ip=2606:4700:a8::1
2026-08-08T22:43:26Z INF Retrying connection in up to 1m4s connIndex=0 event=0 ip=2606:4700:a8::1
2026-08-08T22:43:38Z INF Tunnel connection curve preferences: [X25519MLKEM768 CurveID(65074) CurveP256] connIndex=0 event=0 ip=2606:4700:a8::1
2026-08-08T22:43:38Z ERR failed to run the datagram handler error="context canceled" connIndex=0 event=0 ip=2606:4700:a8::1
2026-08-08T22:43:38Z ERR failed to serve tunnel connection error="control stream encountered a failure while serving" connIndex=0 event=0 ip=2606:4700:a8::1
2026-08-08T22:43:38Z ERR Serve tunnel error error="control stream encountered a failure while serving" connIndex=0 event=0 ip=2606:4700:a8::1
2026-08-08T22:43:38Z INF Retrying connection in up to 1m4s connIndex=0 event=0 ip=2606:4700:a8::1
2026-08-08T22:43:50Z INF Tunnel connection curve preferences: [X25519MLKEM768 CurveID(65074) CurveP256] connIndex=0 event=0 ip=2606:4700:a8::1
2026-08-08T22:43:50Z ERR failed to run the datagram handler error="context canceled" connIndex=0 event=0 ip=2606:4700:a8::1
2026-08-08T22:43:50Z ERR failed to serve tunnel connection error="control stream encountered a failure while serving" connIndex=0 event=0 ip=2606:4700:a8::1
2026-08-08T22:43:50Z ERR Serve tunnel error error="control stream encountered a failure while serving" connIndex=0 event=0 ip=2606:4700:a8::1
2026-08-08T22:43:50Z INF Retrying connection in up to 1m4s connIndex=0 event=0 ip=2606:4700:a8::1
2026-08-08T22:44:19Z INF Tunnel connection curve preferences: [X25519MLKEM768 CurveID(65074) CurveP256] connIndex=0 event=0 ip=2606:4700:a8::1
2026-08-08T22:44:19Z ERR failed to run the datagram handler error="context canceled" connIndex=0 event=0 ip=2606:4700:a8::1
2026-08-08T22:44:19Z ERR failed to serve tunnel connection error="control stream encountered a failure while serving" connIndex=0 event=0 ip=2606:4700:a8::1
2026-08-08T22:44:19Z ERR Serve tunnel error error="control stream encountered a failure while serving" connIndex=0 event=0 ip=2606:4700:a8::1
2026-08-08T22:44:19Z INF Retrying connection in up to 1m4s connIndex=0 event=0 ip=2606:4700:a8::1
2026-08-08T22:44:30Z INF Tunnel connection curve preferences: [X25519MLKEM768 CurveID(65074) CurveP256] connIndex=0 event=0 ip=2606:4700:a8::1
2026-08-08T22:44:30Z ERR failed to run the datagram handler error="context canceled" connIndex=0 event=0 ip=2606:4700:a8::1
2026-08-08T22:44:30Z ERR failed to serve tunnel connection error="control stream encountered a failure while serving" connIndex=0 event=0 ip=2606:4700:a8::1
2026-08-08T22:44:30Z ERR Serve tunnel error error="control stream encountered a failure while serving" connIndex=0 event=0 ip=2606:4700:a8::1
2026-08-08T22:44:30Z INF Retrying connection in up to 1m4s connIndex=0 event=0 ip=2606:4700:a8::1
2026-08-08T22:44:53Z INF Tunnel connection curve preferences: [X25519MLKEM768 CurveID(65074) CurveP256] connIndex=0 event=0 ip=2606:4700:a8::1
2026-08-08T22:44:53Z ERR failed to run the datagram handler error="context canceled" connIndex=0 event=0 ip=2606:4700:a8::1
2026-08-08T22:44:53Z ERR failed to serve tunnel connection error="control stream encountered a failure while serving" connIndex=0 event=0 ip=2606:4700:a8::1
2026-08-08T22:44:53Z ERR Serve tunnel error error="control stream encountered a failure while serving" connIndex=0 event=0 ip=2606:4700:a8::1
2026-08-08T22:44:53Z INF Retrying connection in up to 1m4s connIndex=0 event=0 ip=2606:4700:a8::1
2026-08-08T22:44:58Z INF Tunnel connection curve preferences: [X25519MLKEM768 CurveID(65074) CurveP256] connIndex=0 event=0 ip=2606:4700:a8::1
2026-08-08T22:44:58Z ERR failed to run the datagram handler error="context canceled" connIndex=0 event=0 ip=2606:4700:a8::1
2026-08-08T22:44:58Z ERR failed to serve tunnel connection error="control stream encountered a failure while serving" connIndex=0 event=0 ip=2606:4700:a8::1
2026-08-08T22:44:58Z ERR Serve tunnel error error="control stream encountered a failure while serving" connIndex=0 event=0 ip=2606:4700:a8::1
2026-08-08T22:44:58Z INF Retrying connection in up to 1m4s connIndex=0 event=0 ip=2606:4700:a8::1
2026-08-08T22:45:20Z INF Tunnel connection curve preferences: [X25519MLKEM768 CurveID(65074) CurveP256] connIndex=0 event=0 ip=2606:4700:a8::1
2026-08-08T22:45:20Z ERR failed to run the datagram handler error="context canceled" connIndex=0 event=0 ip=2606:4700:a8::1
2026-08-08T22:45:20Z ERR failed to serve tunnel connection error="control stream encountered a failure while serving" connIndex=0 event=0 ip=2606:4700:a8::1
2026-08-08T22:45:20Z ERR Serve tunnel error error="control stream encountered a failure while serving" connIndex=0 event=0 ip=2606:4700:a8::1
2026-08-08T22:45:20Z INF Retrying connection in up to 1m4s connIndex=0 event=0 ip=2606:4700:a8::1
2026-08-08T22:45:39Z INF Tunnel connection curve preferences: [X25519MLKEM768 CurveID(65074) CurveP256] connIndex=0 event=0 ip=2606:4700:a8::1
2026-08-08T22:45:40Z ERR failed to run the datagram handler error="context canceled" connIndex=0 event=0 ip=2606:4700:a8::1
2026-08-08T22:45:40Z ERR failed to serve tunnel connection error="control stream encountered a failure while serving" connIndex=0 event=0 ip=2606:4700:a8::1
2026-08-08T22:45:40Z ERR Serve tunnel error error="control stream encountered a failure while serving" connIndex=0 event=0 ip=2606:4700:a8::1
2026-08-08T22:45:40Z INF Retrying connection in up to 1m4s connIndex=0 event=0 ip=2606:4700:a8::1
2026-08-08T22:46:03Z INF Tunnel connection curve preferences: [X25519MLKEM768 CurveID(65074) CurveP256] connIndex=0 event=0 ip=2606:4700:a8::1
2026-08-08T22:46:03Z ERR failed to run the datagram handler error="context canceled" connIndex=0 event=0 ip=2606:4700:a8::1
2026-08-08T22:46:03Z ERR failed to serve tunnel connection error="control stream encountered a failure while serving" connIndex=0 event=0 ip=2606:4700:a8::1
2026-08-08T22:46:03Z ERR Serve tunnel error error="control stream encountered a failure while serving" connIndex=0 event=0 ip=2606:4700:a8::1
2026-08-08T22:46:03Z INF Retrying connection in up to 1m4s connIndex=0 event=0 ip=2606:4700:a8::1
2026-08-08T22:46:20Z INF Tunnel connection curve preferences: [X25519MLKEM768 CurveID(65074) CurveP256] connIndex=0 event=0 ip=2606:4700:a8::1
2026-08-08T22:46:20Z ERR failed to run the datagram handler error="context canceled" connIndex=0 event=0 ip=2606:4700:a8::1
2026-08-08T22:46:20Z ERR failed to serve tunnel connection error="control stream encountered a failure while serving" connIndex=0 event=0 ip=2606:4700:a8::1
2026-08-08T22:46:20Z ERR Serve tunnel error error="control stream encountered a failure while serving" connIndex=0 event=0 ip=2606:4700:a8::1
2026-08-08T22:46:20Z INF Retrying connection in up to 1m4s connIndex=0 event=0 ip=2606:4700:a8::1
2026-08-08T22:46:26Z INF Tunnel connection curve preferences: [X25519MLKEM768 CurveID(65074) CurveP256] connIndex=0 event=0 ip=2606:4700:a8::1
2026-08-08T22:46:26Z ERR failed to run the datagram handler error="context canceled" connIndex=0 event=0 ip=2606:4700:a8::1
2026-08-08T22:46:26Z ERR failed to serve tunnel connection error="control stream encountered a failure while serving" connIndex=0 event=0 ip=2606:4700:a8::1
2026-08-08T22:46:26Z ERR Serve tunnel error error="control stream encountered a failure while serving" connIndex=0 event=0 ip=2606:4700:a8::1
2026-08-08T22:46:26Z INF Retrying connection in up to 1m4s connIndex=0 event=0 ip=2606:4700:a8::1
2026-08-08T22:46:33Z INF Tunnel connection curve preferences: [X25519MLKEM768 CurveID(65074) CurveP256] connIndex=0 event=0 ip=2606:4700:a8::1
2026-08-08T22:46:33Z ERR failed to run the datagram handler error="context canceled" connIndex=0 event=0 ip=2606:4700:a8::1
2026-08-08T22:46:33Z ERR failed to serve tunnel connection error="control stream encountered a failure while serving" connIndex=0 event=0 ip=2606:4700:a8::1
2026-08-08T22:46:33Z ERR Serve tunnel error error="control stream encountered a failure while serving" connIndex=0 event=0 ip=2606:4700:a8::1
2026-08-08T22:46:33Z INF Retrying connection in up to 1m4s connIndex=0 event=0 ip=2606:4700:a8::1
2026-08-08T22:46:38Z INF Tunnel connection curve preferences: [X25519MLKEM768 CurveID(65074) CurveP256] connIndex=0 event=0 ip=2606:4700:a8::1
2026-08-08T22:46:38Z ERR failed to run the datagram handler error="context canceled" connIndex=0 event=0 ip=2606:4700:a8::1
2026-08-08T22:46:38Z ERR failed to serve tunnel connection error="control stream encountered a failure while serving" connIndex=0 event=0 ip=2606:4700:a8::1
2026-08-08T22:46:38Z ERR Serve tunnel error error="control stream encountered a failure while serving" connIndex=0 event=0 ip=2606:4700:a8::1
2026-08-08T22:46:38Z INF Retrying connection in up to 1m4s connIndex=0 event=0 ip=2606:4700:a8::1
2026-08-08T22:46:39Z INF Tunnel connection curve preferences: [X25519MLKEM768 CurveID(65074) CurveP256] connIndex=0 event=0 ip=2606:4700:a8::1
2026-08-08T22:46:39Z ERR failed to run the datagram handler error="context canceled" connIndex=0 event=0 ip=2606:4700:a8::1
2026-08-08T22:46:39Z ERR failed to serve tunnel connection error="control stream encountered a failure while serving" connIndex=0 event=0 ip=2606:4700:a8::1
2026-08-08T22:46:39Z ERR Serve tunnel error error="control stream encountered a failure while serving" connIndex=0 event=0 ip=2606:4700:a8::1
2026-08-08T22:46:39Z INF Retrying connection in up to 1m4s connIndex=0 event=0 ip=2606:4700:a8::1
2026-08-08T22:47:05Z INF Tunnel connection curve preferences: [X25519MLKEM768 CurveID(65074) CurveP256] connIndex=0 event=0 ip=2606:4700:a8::1
2026-08-08T22:47:05Z ERR failed to run the datagram handler error="context canceled" connIndex=0 event=0 ip=2606:4700:a8::1
2026-08-08T22:47:05Z ERR failed to serve tunnel connection error="control stream encountered a failure while serving" connIndex=0 event=0 ip=2606:4700:a8::1
2026-08-08T22:47:05Z ERR Serve tunnel error error="control stream encountered a failure while serving" connIndex=0 event=0 ip=2606:4700:a8::1
2026-08-08T22:47:05Z INF Retrying connection in up to 1m4s connIndex=0 event=0 ip=2606:4700:a8::1
2026-08-08T22:47:31Z INF Tunnel connection curve preferences: [X25519MLKEM768 CurveID(65074) CurveP256] connIndex=0 event=0 ip=2606:4700:a8::1
2026-08-08T22:47:31Z ERR failed to run the datagram handler error="context canceled" connIndex=0 event=0 ip=2606:4700:a8::1
2026-08-08T22:47:31Z ERR failed to serve tunnel connection error="control stream encountered a failure while serving" connIndex=0 event=0 ip=2606:4700:a8::1
2026-08-08T22:47:31Z ERR Serve tunnel error error="control stream encountered a failure while serving" connIndex=0 event=0 ip=2606:4700:a8::1
2026-08-08T22:47:31Z INF Retrying connection in up to 1m4s connIndex=0 event=0 ip=2606:4700:a8::1
2026-08-08T22:47:36Z INF Tunnel connection curve preferences: [X25519MLKEM768 CurveID(65074) CurveP256] connIndex=0 event=0 ip=2606:4700:a8::1
2026-08-08T22:47:36Z ERR failed to run the datagram handler error="context canceled" connIndex=0 event=0 ip=2606:4700:a8::1
2026-08-08T22:47:36Z ERR failed to serve tunnel connection error="control stream encountered a failure while serving" connIndex=0 event=0 ip=2606:4700:a8::1
2026-08-08T22:47:36Z ERR Serve tunnel error error="control stream encountered a failure while serving" connIndex=0 event=0 ip=2606:4700:a8::1
2026-08-08T22:47:36Z INF Retrying connection in up to 1m4s connIndex=0 event=0 ip=2606:4700:a8::1
2026-08-08T22:48:00Z INF Tunnel connection curve preferences: [X25519MLKEM768 CurveID(65074) CurveP256] connIndex=0 event=0 ip=2606:4700:a8::1
2026-08-08T22:48:00Z ERR failed to run the datagram handler error="context canceled" connIndex=0 event=0 ip=2606:4700:a8::1
2026-08-08T22:48:00Z ERR failed to serve tunnel connection error="control stream encountered a failure while serving" connIndex=0 event=0 ip=2606:4700:a8::1
2026-08-08T22:48:00Z ERR Serve tunnel error error="control stream encountered a failure while serving" connIndex=0 event=0 ip=2606:4700:a8::1
2026-08-08T22:48:00Z INF Retrying connection in up to 1m4s connIndex=0 event=0 ip=2606:4700:a8::1
2026-08-08T22:48:17Z INF Tunnel connection curve preferences: [X25519MLKEM768 CurveID(65074) CurveP256] connIndex=0 event=0 ip=2606:4700:a8::1
2026-08-08T22:48:17Z ERR failed to run the datagram handler error="context canceled" connIndex=0 event=0 ip=2606:4700:a8::1
2026-08-08T22:48:17Z ERR failed to serve tunnel connection error="control stream encountered a failure while serving" connIndex=0 event=0 ip=2606:4700:a8::1
2026-08-08T22:48:17Z ERR Serve tunnel error error="control stream encountered a failure while serving" connIndex=0 event=0 ip=2606:4700:a8::1
2026-08-08T22:48:17Z INF Retrying connection in up to 1m4s connIndex=0 event=0 ip=2606:4700:a8::1
2026-08-08T22:48:23Z INF Tunnel connection curve preferences: [X25519MLKEM768 CurveID(65074) CurveP256] connIndex=0 event=0 ip=2606:4700:a8::1
2026-08-08T22:48:23Z ERR failed to run the datagram handler error="context canceled" connIndex=0 event=0 ip=2606:4700:a8::1
2026-08-08T22:48:23Z ERR failed to serve tunnel connection error="control stream encountered a failure while serving" connIndex=0 event=0 ip=2606:4700:a8::1
2026-08-08T22:48:23Z ERR Serve tunnel error error="control stream encountered a failure while serving" connIndex=0 event=0 ip=2606:4700:a8::1
2026-08-08T22:48:23Z INF Retrying connection in up to 1m4s connIndex=0 event=0 ip=2606:4700:a8::1
2026-08-08T22:48:44Z INF Tunnel connection curve preferences: [X25519MLKEM768 CurveID(65074) CurveP256] connIndex=0 event=0 ip=2606:4700:a8::1
2026-08-08T22:48:44Z ERR failed to run the datagram handler error="context canceled" connIndex=0 event=0 ip=2606:4700:a8::1
2026-08-08T22:48:44Z ERR failed to serve tunnel connection error="control stream encountered a failure while serving" connIndex=0 event=0 ip=2606:4700:a8::1
2026-08-08T22:48:44Z ERR Serve tunnel error error="control stream encountered a failure while serving" connIndex=0 event=0 ip=2606:4700:a8::1
2026-08-08T22:48:44Z INF Retrying connection in up to 1m4s connIndex=0 event=0 ip=2606:4700:a8::1
2026-08-08T22:48:48Z INF Tunnel connection curve preferences: [X25519MLKEM768 CurveID(65074) CurveP256] connIndex=0 event=0 ip=2606:4700:a8::1
2026-08-08T22:48:49Z ERR failed to run the datagram handler error="context canceled" connIndex=0 event=0 ip=2606:4700:a8::1
2026-08-08T22:48:49Z ERR failed to serve tunnel connection error="control stream encountered a failure while serving" connIndex=0 event=0 ip=2606:4700:a8::1
2026-08-08T22:48:49Z ERR Serve tunnel error error="control stream encountered a failure while serving" connIndex=0 event=0 ip=2606:4700:a8::1
2026-08-08T22:48:49Z INF Retrying connection in up to 1m4s connIndex=0 event=0 ip=2606:4700:a8::1
2026-08-08T22:49:02Z INF Tunnel connection curve preferences: [X25519MLKEM768 CurveID(65074) CurveP256] connIndex=0 event=0 ip=2606:4700:a8::1
2026-08-08T22:49:03Z ERR failed to run the datagram handler error="context canceled" connIndex=0 event=0 ip=2606:4700:a8::1
2026-08-08T22:49:03Z ERR failed to serve tunnel connection error="control stream encountered a failure while serving" connIndex=0 event=0 ip=2606:4700:a8::1
2026-08-08T22:49:03Z ERR Serve tunnel error error="control stream encountered a failure while serving" connIndex=0 event=0 ip=2606:4700:a8::1
2026-08-08T22:49:03Z INF Retrying connection in up to 1m4s connIndex=0 event=0 ip=2606:4700:a8::1
2026-08-08T22:49:29Z INF Tunnel connection curve preferences: [X25519MLKEM768 CurveID(65074) CurveP256] connIndex=0 event=0 ip=2606:4700:a8::1
2026-08-08T22:49:29Z ERR failed to run the datagram handler error="context canceled" connIndex=0 event=0 ip=2606:4700:a8::1
2026-08-08T22:49:29Z ERR failed to serve tunnel connection error="control stream encountered a failure while serving" connIndex=0 event=0 ip=2606:4700:a8::1
2026-08-08T22:49:29Z ERR Serve tunnel error error="control stream encountered a failure while serving" connIndex=0 event=0 ip=2606:4700:a8::1
2026-08-08T22:49:29Z INF Retrying connection in up to 1m4s connIndex=0 event=0 ip=2606:4700:a8::1
2026-08-08T22:49:32Z INF Tunnel connection curve preferences: [X25519MLKEM768 CurveID(65074) CurveP256] connIndex=0 event=0 ip=2606:4700:a8::1
2026-08-08T22:49:32Z ERR failed to run the datagram handler error="context canceled" connIndex=0 event=0 ip=2606:4700:a8::1
2026-08-08T22:49:32Z ERR failed to serve tunnel connection error="control stream encountered a failure while serving" connIndex=0 event=0 ip=2606:4700:a8::1
2026-08-08T22:49:32Z ERR Serve tunnel error error="control stream encountered a failure while serving" connIndex=0 event=0 ip=2606:4700:a8::1
2026-08-08T22:49:32Z INF Retrying connection in up to 1m4s connIndex=0 event=0 ip=2606:4700:a8::1
2026-08-08T22:49:35Z INF Tunnel connection curve preferences: [X25519MLKEM768 CurveID(65074) CurveP256] connIndex=0 event=0 ip=2606:4700:a8::1
2026-08-08T22:49:35Z ERR failed to run the datagram handler error="context canceled" connIndex=0 event=0 ip=2606:4700:a8::1
2026-08-08T22:49:35Z ERR failed to serve tunnel connection error="control stream encountered a failure while serving" connIndex=0 event=0 ip=2606:4700:a8::1
2026-08-08T22:49:35Z ERR Serve tunnel error error="control stream encountered a failure while serving" connIndex=0 event=0 ip=2606:4700:a8::1
2026-08-08T22:49:35Z INF Retrying connection in up to 1m4s connIndex=0 event=0 ip=2606:4700:a8::1
2026-08-08T22:50:05Z INF Tunnel connection curve preferences: [X25519MLKEM768 CurveID(65074) CurveP256] connIndex=0 event=0 ip=2606:4700:a8::1
2026-08-08T22:50:05Z ERR failed to run the datagram handler error="context canceled" connIndex=0 event=0 ip=2606:4700:a8::1
2026-08-08T22:50:05Z ERR failed to serve tunnel connection error="control stream encountered a failure while serving" connIndex=0 event=0 ip=2606:4700:a8::1
2026-08-08T22:50:05Z ERR Serve tunnel error error="control stream encountered a failure while serving" connIndex=0 event=0 ip=2606:4700:a8::1
2026-08-08T22:50:05Z INF Retrying connection in up to 1m4s connIndex=0 event=0 ip=2606:4700:a8::1
2026-08-08T22:50:36Z INF Tunnel connection curve preferences: [X25519MLKEM768 CurveID(65074) CurveP256] connIndex=0 event=0 ip=2606:4700:a8::1
2026-08-08T22:50:36Z ERR failed to run the datagram handler error="context canceled" connIndex=0 event=0 ip=2606:4700:a8::1
2026-08-08T22:50:36Z ERR failed to serve tunnel connection error="control stream encountered a failure while serving" connIndex=0 event=0 ip=2606:4700:a8::1
2026-08-08T22:50:36Z ERR Serve tunnel error error="control stream encountered a failure while serving" connIndex=0 event=0 ip=2606:4700:a8::1
2026-08-08T22:50:36Z INF Retrying connection in up to 1m4s connIndex=0 event=0 ip=2606:4700:a8::1
2026-08-08T22:50:37Z INF Tunnel connection curve preferences: [X25519MLKEM768 CurveID(65074) CurveP256] connIndex=0 event=0 ip=2606:4700:a8::1
2026-08-08T22:50:37Z ERR failed to run the datagram handler error="context canceled" connIndex=0 event=0 ip=2606:4700:a8::1
2026-08-08T22:50:37Z ERR failed to serve tunnel connection error="control stream encountered a failure while serving" connIndex=0 event=0 ip=2606:4700:a8::1
2026-08-08T22:50:37Z ERR Serve tunnel error error="control stream encountered a failure while serving" connIndex=0 event=0 ip=2606:4700:a8::1
2026-08-08T22:50:37Z INF Retrying connection in up to 1m4s connIndex=0 event=0 ip=2606:4700:a8::1
2026-08-08T22:51:02Z INF Tunnel connection curve preferences: [X25519MLKEM768 CurveID(65074) CurveP256] connIndex=0 event=0 ip=2606:4700:a8::1
2026-08-08T22:51:02Z ERR failed to run the datagram handler error="context canceled" connIndex=0 event=0 ip=2606:4700:a8::1
2026-08-08T22:51:02Z ERR failed to serve tunnel connection error="control stream encountered a failure while serving" connIndex=0 event=0 ip=2606:4700:a8::1
2026-08-08T22:51:02Z ERR Serve tunnel error error="control stream encountered a failure while serving" connIndex=0 event=0 ip=2606:4700:a8::1
2026-08-08T22:51:02Z INF Retrying connection in up to 1m4s connIndex=0 event=0 ip=2606:4700:a8::1
2026-08-08T22:51:25Z INF Tunnel connection curve preferences: [X25519MLKEM768 CurveID(65074) CurveP256] connIndex=0 event=0 ip=2606:4700:a8::1
2026-08-08T22:51:25Z ERR failed to run the datagram handler error="context canceled" connIndex=0 event=0 ip=2606:4700:a8::1
2026-08-08T22:51:25Z ERR failed to serve tunnel connection error="control stream encountered a failure while serving" connIndex=0 event=0 ip=2606:4700:a8::1
2026-08-08T22:51:25Z ERR Serve tunnel error error="control stream encountered a failure while serving" connIndex=0 event=0 ip=2606:4700:a8::1
2026-08-08T22:51:25Z INF Retrying connection in up to 1m4s connIndex=0 event=0 ip=2606:4700:a8::1
2026-08-08T22:51:54Z INF Tunnel connection curve preferences: [X25519MLKEM768 CurveID(65074) CurveP256] connIndex=0 event=0 ip=2606:4700:a8::1
2026-08-08T22:51:54Z ERR failed to run the datagram handler error="context canceled" connIndex=0 event=0 ip=2606:4700:a8::1
2026-08-08T22:51:54Z ERR failed to serve tunnel connection error="control stream encountered a failure while serving" connIndex=0 event=0 ip=2606:4700:a8::1
2026-08-08T22:51:54Z ERR Serve tunnel error error="control stream encountered a failure while serving" connIndex=0 event=0 ip=2606:4700:a8::1
2026-08-08T22:51:54Z INF Retrying connection in up to 1m4s connIndex=0 event=0 ip=2606:4700:a8::1
2026-08-08T22:52:22Z INF Tunnel connection curve preferences: [X25519MLKEM768 CurveID(65074) CurveP256] connIndex=0 event=0 ip=2606:4700:a8::1
2026-08-08T22:52:22Z ERR failed to run the datagram handler error="context canceled" connIndex=0 event=0 ip=2606:4700:a8::1
2026-08-08T22:52:22Z ERR failed to serve tunnel connection error="control stream encountered a failure while serving" connIndex=0 event=0 ip=2606:4700:a8::1
2026-08-08T22:52:22Z ERR Serve tunnel error error="control stream encountered a failure while serving" connIndex=0 event=0 ip=2606:4700:a8::1
2026-08-08T22:52:22Z INF Retrying connection in up to 1m4s connIndex=0 event=0 ip=2606:4700:a8::1
2026-08-08T22:52:44Z INF Tunnel connection curve preferences: [X25519MLKEM768 CurveID(65074) CurveP256] connIndex=0 event=0 ip=2606:4700:a8::1
2026-08-08T22:52:44Z ERR failed to run the datagram handler error="context canceled" connIndex=0 event=0 ip=2606:4700:a8::1
2026-08-08T22:52:44Z ERR failed to serve tunnel connection error="control stream encountered a failure while serving" connIndex=0 event=0 ip=2606:4700:a8::1
2026-08-08T22:52:44Z ERR Serve tunnel error error="control stream encountered a failure while serving" connIndex=0 event=0 ip=2606:4700:a8::1
2026-08-08T22:52:44Z INF Retrying connection in up to 1m4s connIndex=0 event=0 ip=2606:4700:a8::1
2026-08-08T22:52:53Z INF Tunnel connection curve preferences: [X25519MLKEM768 CurveID(65074) CurveP256] connIndex=0 event=0 ip=2606:4700:a8::1
2026-08-08T22:52:53Z ERR failed to run the datagram handler error="context canceled" connIndex=0 event=0 ip=2606:4700:a8::1
2026-08-08T22:52:53Z ERR failed to serve tunnel connection error="control stream encountered a failure while serving" connIndex=0 event=0 ip=2606:4700:a8::1
2026-08-08T22:52:53Z ERR Serve tunnel error error="control stream encountered a failure while serving" connIndex=0 event=0 ip=2606:4700:a8::1
2026-08-08T22:52:53Z INF Retrying connection in up to 1m4s connIndex=0 event=0 ip=2606:4700:a8::1
2026-08-08T22:53:19Z INF Tunnel connection curve preferences: [X25519MLKEM768 CurveID(65074) CurveP256] connIndex=0 event=0 ip=2606:4700:a8::1
2026-08-08T22:53:19Z ERR failed to run the datagram handler error="context canceled" connIndex=0 event=0 ip=2606:4700:a8::1
2026-08-08T22:53:19Z ERR failed to serve tunnel connection error="control stream encountered a failure while serving" connIndex=0 event=0 ip=2606:4700:a8::1
2026-08-08T22:53:19Z ERR Serve tunnel error error="control stream encountered a failure while serving" connIndex=0 event=0 ip=2606:4700:a8::1
2026-08-08T22:53:19Z INF Retrying connection in up to 1m4s connIndex=0 event=0 ip=2606:4700:a8::1
2026-08-08T22:53:48Z INF Tunnel connection curve preferences: [X25519MLKEM768 CurveID(65074) CurveP256] connIndex=0 event=0 ip=2606:4700:a8::1
2026-08-08T22:53:48Z ERR failed to run the datagram handler error="context canceled" connIndex=0 event=0 ip=2606:4700:a8::1
2026-08-08T22:53:48Z ERR failed to serve tunnel connection error="control stream encountered a failure while serving" connIndex=0 event=0 ip=2606:4700:a8::1
2026-08-08T22:53:48Z ERR Serve tunnel error error="control stream encountered a failure while serving" connIndex=0 event=0 ip=2606:4700:a8::1
2026-08-08T22:53:48Z INF Retrying connection in up to 1m4s connIndex=0 event=0 ip=2606:4700:a8::1
2026-08-08T22:53:51Z INF Tunnel connection curve preferences: [X25519MLKEM768 CurveID(65074) CurveP256] connIndex=0 event=0 ip=2606:4700:a8::1
2026-08-08T22:53:51Z ERR failed to run the datagram handler error="context canceled" connIndex=0 event=0 ip=2606:4700:a8::1
2026-08-08T22:53:51Z ERR failed to serve tunnel connection error="control stream encountered a failure while serving" connIndex=0 event=0 ip=2606:4700:a8::1
2026-08-08T22:53:51Z ERR Serve tunnel error error="control stream encountered a failure while serving" connIndex=0 event=0 ip=2606:4700:a8::1
2026-08-08T22:53:51Z INF Retrying connection in up to 1m4s connIndex=0 event=0 ip=2606:4700:a8::1
2026-08-08T22:54:02Z INF Tunnel connection curve preferences: [X25519MLKEM768 CurveID(65074) CurveP256] connIndex=0 event=0 ip=2606:4700:a8::1
2026-08-08T22:54:02Z ERR failed to run the datagram handler error="context canceled" connIndex=0 event=0 ip=2606:4700:a8::1
2026-08-08T22:54:02Z ERR failed to serve tunnel connection error="control stream encountered a failure while serving" connIndex=0 event=0 ip=2606:4700:a8::1
2026-08-08T22:54:02Z ERR Serve tunnel error error="control stream encountered a failure while serving" connIndex=0 event=0 ip=2606:4700:a8::1
2026-08-08T22:54:02Z INF Retrying connection in up to 1m4s connIndex=0 event=0 ip=2606:4700:a8::1
2026-08-08T22:54:23Z INF Tunnel connection curve preferences: [X25519MLKEM768 CurveID(65074) CurveP256] connIndex=0 event=0 ip=2606:4700:a8::1
2026-08-08T22:54:24Z ERR failed to run the datagram handler error="context canceled" connIndex=0 event=0 ip=2606:4700:a8::1
2026-08-08T22:54:24Z ERR failed to serve tunnel connection error="control stream encountered a failure while serving" connIndex=0 event=0 ip=2606:4700:a8::1
2026-08-08T22:54:24Z ERR Serve tunnel error error="control stream encountered a failure while serving" connIndex=0 event=0 ip=2606:4700:a8::1
2026-08-08T22:54:24Z INF Retrying connection in up to 1m4s connIndex=0 event=0 ip=2606:4700:a8::1
2026-08-08T22:54:37Z INF Tunnel connection curve preferences: [X25519MLKEM768 CurveID(65074) CurveP256] connIndex=0 event=0 ip=2606:4700:a8::1
2026-08-08T22:54:37Z ERR failed to run the datagram handler error="context canceled" connIndex=0 event=0 ip=2606:4700:a8::1
2026-08-08T22:54:37Z ERR failed to serve tunnel connection error="control stream encountered a failure while serving" connIndex=0 event=0 ip=2606:4700:a8::1
2026-08-08T22:54:37Z ERR Serve tunnel error error="control stream encountered a failure while serving" connIndex=0 event=0 ip=2606:4700:a8::1
2026-08-08T22:54:37Z INF Retrying connection in up to 1m4s connIndex=0 event=0 ip=2606:4700:a8::1
2026-08-08T22:55:06Z INF Tunnel connection curve preferences: [X25519MLKEM768 CurveID(65074) CurveP256] connIndex=0 event=0 ip=2606:4700:a8::1
2026-08-08T22:55:06Z ERR failed to run the datagram handler error="context canceled" connIndex=0 event=0 ip=2606:4700:a8::1
2026-08-08T22:55:06Z ERR failed to serve tunnel connection error="control stream encountered a failure while serving" connIndex=0 event=0 ip=2606:4700:a8::1
2026-08-08T22:55:06Z ERR Serve tunnel error error="control stream encountered a failure while serving" connIndex=0 event=0 ip=2606:4700:a8::1
2026-08-08T22:55:06Z INF Retrying connection in up to 1m4s connIndex=0 event=0 ip=2606:4700:a8::1
2026-08-08T22:55:28Z INF Tunnel connection curve preferences: [X25519MLKEM768 CurveID(65074) CurveP256] connIndex=0 event=0 ip=2606:4700:a8::1
2026-08-08T22:55:28Z ERR failed to run the datagram handler error="context canceled" connIndex=0 event=0 ip=2606:4700:a8::1
2026-08-08T22:55:28Z ERR failed to serve tunnel connection error="control stream encountered a failure while serving" connIndex=0 event=0 ip=2606:4700:a8::1
2026-08-08T22:55:28Z ERR Serve tunnel error error="control stream encountered a failure while serving" connIndex=0 event=0 ip=2606:4700:a8::1
2026-08-08T22:55:28Z INF Retrying connection in up to 1m4s connIndex=0 event=0 ip=2606:4700:a8::1
2026-08-08T22:55:49Z INF Tunnel connection curve preferences: [X25519MLKEM768 CurveID(65074) CurveP256] connIndex=0 event=0 ip=2606:4700:a8::1
2026-08-08T22:55:49Z ERR failed to run the datagram handler error="context canceled" connIndex=0 event=0 ip=2606:4700:a8::1
2026-08-08T22:55:49Z ERR failed to serve tunnel connection error="control stream encountered a failure while serving" connIndex=0 event=0 ip=2606:4700:a8::1
2026-08-08T22:55:49Z ERR Serve tunnel error error="control stream encountered a failure while serving" connIndex=0 event=0 ip=2606:4700:a8::1
2026-08-08T22:55:49Z INF Retrying connection in up to 1m4s connIndex=0 event=0 ip=2606:4700:a8::1
2026-08-08T22:55:58Z INF Tunnel connection curve preferences: [X25519MLKEM768 CurveID(65074) CurveP256] connIndex=0 event=0 ip=2606:4700:a8::1
2026-08-08T22:55:58Z ERR failed to run the datagram handler error="context canceled" connIndex=0 event=0 ip=2606:4700:a8::1
2026-08-08T22:55:58Z ERR failed to serve tunnel connection error="control stream encountered a failure while serving" connIndex=0 event=0 ip=2606:4700:a8::1
2026-08-08T22:55:58Z ERR Serve tunnel error error="control stream encountered a failure while serving" connIndex=0 event=0 ip=2606:4700:a8::1
2026-08-08T22:55:58Z INF Retrying connection in up to 1m4s connIndex=0 event=0 ip=2606:4700:a8::1
2026-08-08T22:56:17Z INF Tunnel connection curve preferences: [X25519MLKEM768 CurveID(65074) CurveP256] connIndex=0 event=0 ip=2606:4700:a8::1
2026-08-08T22:56:17Z ERR failed to run the datagram handler error="context canceled" connIndex=0 event=0 ip=2606:4700:a8::1
2026-08-08T22:56:17Z ERR failed to serve tunnel connection error="control stream encountered a failure while serving" connIndex=0 event=0 ip=2606:4700:a8::1
2026-08-08T22:56:17Z ERR Serve tunnel error error="control stream encountered a failure while serving" connIndex=0 event=0 ip=2606:4700:a8::1
2026-08-08T22:56:17Z INF Retrying connection in up to 1m4s connIndex=0 event=0 ip=2606:4700:a8::1
2026-08-08T22:56:26Z INF Tunnel connection curve preferences: [X25519MLKEM768 CurveID(65074) CurveP256] connIndex=0 event=0 ip=2606:4700:a8::1
2026-08-08T22:56:26Z ERR failed to run the datagram handler error="context canceled" connIndex=0 event=0 ip=2606:4700:a8::1
2026-08-08T22:56:26Z ERR failed to serve tunnel connection error="control stream encountered a failure while serving" connIndex=0 event=0 ip=2606:4700:a8::1
2026-08-08T22:56:26Z ERR Serve tunnel error error="control stream encountered a failure while serving" connIndex=0 event=0 ip=2606:4700:a8::1
2026-08-08T22:56:26Z INF Retrying connection in up to 1m4s connIndex=0 event=0 ip=2606:4700:a8::1
2026-08-08T22:56:35Z INF Tunnel connection curve preferences: [X25519MLKEM768 CurveID(65074) CurveP256] connIndex=0 event=0 ip=2606:4700:a8::1
2026-08-08T22:56:35Z ERR failed to run the datagram handler error="context canceled" connIndex=0 event=0 ip=2606:4700:a8::1
2026-08-08T22:56:35Z ERR failed to serve tunnel connection error="control stream encountered a failure while serving" connIndex=0 event=0 ip=2606:4700:a8::1
2026-08-08T22:56:35Z ERR Serve tunnel error error="control stream encountered a failure while serving" connIndex=0 event=0 ip=2606:4700:a8::1
2026-08-08T22:56:35Z INF Retrying connection in up to 1m4s connIndex=0 event=0 ip=2606:4700:a8::1
2026-08-08T22:56:39Z INF Tunnel connection curve preferences: [X25519MLKEM768 CurveID(65074) CurveP256] connIndex=0 event=0 ip=2606:4700:a8::1
2026-08-08T22:56:40Z ERR failed to run the datagram handler error="context canceled" connIndex=0 event=0 ip=2606:4700:a8::1
2026-08-08T22:56:40Z ERR failed to serve tunnel connection error="control stream encountered a failure while serving" connIndex=0 event=0 ip=2606:4700:a8::1
2026-08-08T22:56:40Z ERR Serve tunnel error error="control stream encountered a failure while serving" connIndex=0 event=0 ip=2606:4700:a8::1
2026-08-08T22:56:40Z INF Retrying connection in up to 1m4s connIndex=0 event=0 ip=2606:4700:a8::1
2026-08-08T22:57:01Z INF Tunnel connection curve preferences: [X25519MLKEM768 CurveID(65074) CurveP256] connIndex=0 event=0 ip=2606:4700:a8::1
2026-08-08T22:57:01Z ERR failed to run the datagram handler error="context canceled" connIndex=0 event=0 ip=2606:4700:a8::1
2026-08-08T22:57:01Z ERR failed to serve tunnel connection error="control stream encountered a failure while serving" connIndex=0 event=0 ip=2606:4700:a8::1
2026-08-08T22:57:01Z ERR Serve tunnel error error="control stream encountered a failure while serving" connIndex=0 event=0 ip=2606:4700:a8::1
2026-08-08T22:57:01Z INF Retrying connection in up to 1m4s connIndex=0 event=0 ip=2606:4700:a8::1
2026-08-08T22:57:25Z INF Tunnel connection curve preferences: [X25519MLKEM768 CurveID(65074) CurveP256] connIndex=0 event=0 ip=2606:4700:a8::1
2026-08-08T22:57:25Z ERR failed to run the datagram handler error="context canceled" connIndex=0 event=0 ip=2606:4700:a8::1
2026-08-08T22:57:25Z ERR failed to serve tunnel connection error="control stream encountered a failure while serving" connIndex=0 event=0 ip=2606:4700:a8::1
2026-08-08T22:57:25Z ERR Serve tunnel error error="control stream encountered a failure while serving" connIndex=0 event=0 ip=2606:4700:a8::1
2026-08-08T22:57:25Z INF Retrying connection in up to 1m4s connIndex=0 event=0 ip=2606:4700:a8::1
2026-08-08T22:57:30Z INF Tunnel connection curve preferences: [X25519MLKEM768 CurveID(65074) CurveP256] connIndex=0 event=0 ip=2606:4700:a8::1
2026-08-08T22:57:30Z ERR failed to run the datagram handler error="context canceled" connIndex=0 event=0 ip=2606:4700:a8::1
2026-08-08T22:57:30Z ERR failed to serve tunnel connection error="control stream encountered a failure while serving" connIndex=0 event=0 ip=2606:4700:a8::1
2026-08-08T22:57:30Z ERR Serve tunnel error error="control stream encountered a failure while serving" connIndex=0 event=0 ip=2606:4700:a8::1
2026-08-08T22:57:30Z INF Retrying connection in up to 1m4s connIndex=0 event=0 ip=2606:4700:a8::1
2026-08-08T22:57:43Z INF Tunnel connection curve preferences: [X25519MLKEM768 CurveID(65074) CurveP256] connIndex=0 event=0 ip=2606:4700:a8::1
2026-08-08T22:57:43Z ERR failed to run the datagram handler error="context canceled" connIndex=0 event=0 ip=2606:4700:a8::1
2026-08-08T22:57:43Z ERR failed to serve tunnel connection error="control stream encountered a failure while serving" connIndex=0 event=0 ip=2606:4700:a8::1
2026-08-08T22:57:43Z ERR Serve tunnel error error="control stream encountered a failure while serving" connIndex=0 event=0 ip=2606:4700:a8::1
2026-08-08T22:57:43Z INF Retrying connection in up to 1m4s connIndex=0 event=0 ip=2606:4700:a8::1
2026-08-08T22:58:07Z INF Tunnel connection curve preferences: [X25519MLKEM768 CurveID(65074) CurveP256] connIndex=0 event=0 ip=2606:4700:a8::1
2026-08-08T22:58:07Z ERR failed to run the datagram handler error="context canceled" connIndex=0 event=0 ip=2606:4700:a8::1
2026-08-08T22:58:07Z ERR failed to serve tunnel connection error="control stream encountered a failure while serving" connIndex=0 event=0 ip=2606:4700:a8::1
2026-08-08T22:58:07Z ERR Serve tunnel error error="control stream encountered a failure while serving" connIndex=0 event=0 ip=2606:4700:a8::1
2026-08-08T22:58:07Z INF Retrying connection in up to 1m4s connIndex=0 event=0 ip=2606:4700:a8::1
2026-08-08T22:58:29Z INF Tunnel connection curve preferences: [X25519MLKEM768 CurveID(65074) CurveP256] connIndex=0 event=0 ip=2606:4700:a8::1
2026-08-08T22:58:30Z ERR failed to run the datagram handler error="context canceled" connIndex=0 event=0 ip=2606:4700:a8::1
2026-08-08T22:58:30Z ERR failed to serve tunnel connection error="control stream encountered a failure while serving" connIndex=0 event=0 ip=2606:4700:a8::1
2026-08-08T22:58:30Z ERR Serve tunnel error error="control stream encountered a failure while serving" connIndex=0 event=0 ip=2606:4700:a8::1
2026-08-08T22:58:30Z INF Retrying connection in up to 1m4s connIndex=0 event=0 ip=2606:4700:a8::1
2026-08-08T22:58:50Z INF Tunnel connection curve preferences: [X25519MLKEM768 CurveID(65074) CurveP256] connIndex=0 event=0 ip=2606:4700:a8::1
2026-08-08T22:58:50Z ERR failed to run the datagram handler error="context canceled" connIndex=0 event=0 ip=2606:4700:a8::1
2026-08-08T22:58:50Z ERR failed to serve tunnel connection error="control stream encountered a failure while serving" connIndex=0 event=0 ip=2606:4700:a8::1
2026-08-08T22:58:50Z ERR Serve tunnel error error="control stream encountered a failure while serving" connIndex=0 event=0 ip=2606:4700:a8::1
2026-08-08T22:58:50Z INF Retrying connection in up to 1m4s connIndex=0 event=0 ip=2606:4700:a8::1
2026-08-08T22:58:51Z INF Tunnel connection curve preferences: [X25519MLKEM768 CurveID(65074) CurveP256] connIndex=0 event=0 ip=2606:4700:a8::1
2026-08-08T22:58:51Z ERR failed to run the datagram handler error="context canceled" connIndex=0 event=0 ip=2606:4700:a8::1
2026-08-08T22:58:51Z ERR failed to serve tunnel connection error="control stream encountered a failure while serving" connIndex=0 event=0 ip=2606:4700:a8::1
2026-08-08T22:58:51Z ERR Serve tunnel error error="control stream encountered a failure while serving" connIndex=0 event=0 ip=2606:4700:a8::1
2026-08-08T22:58:51Z INF Retrying connection in up to 1m4s connIndex=0 event=0 ip=2606:4700:a8::1
2026-08-08T22:59:17Z INF Tunnel connection curve preferences: [X25519MLKEM768 CurveID(65074) CurveP256] connIndex=0 event=0 ip=2606:4700:a8::1
2026-08-08T22:59:17Z ERR failed to run the datagram handler error="context canceled" connIndex=0 event=0 ip=2606:4700:a8::1
2026-08-08T22:59:17Z ERR failed to serve tunnel connection error="control stream encountered a failure while serving" connIndex=0 event=0 ip=2606:4700:a8::1
2026-08-08T22:59:17Z ERR Serve tunnel error error="control stream encountered a failure while serving" connIndex=0 event=0 ip=2606:4700:a8::1
2026-08-08T22:59:17Z INF Retrying connection in up to 1m4s connIndex=0 event=0 ip=2606:4700:a8::1
2026-08-08T22:59:25Z INF Tunnel connection curve preferences: [X25519MLKEM768 CurveID(65074) CurveP256] connIndex=0 event=0 ip=2606:4700:a8::1
2026-08-08T22:59:25Z ERR failed to run the datagram handler error="context canceled" connIndex=0 event=0 ip=2606:4700:a8::1
2026-08-08T22:59:25Z ERR failed to serve tunnel connection error="control stream encountered a failure while serving" connIndex=0 event=0 ip=2606:4700:a8::1
2026-08-08T22:59:25Z ERR Serve tunnel error error="control stream encountered a failure while serving" connIndex=0 event=0 ip=2606:4700:a8::1
2026-08-08T22:59:25Z INF Retrying connection in up to 1m4s connIndex=0 event=0 ip=2606:4700:a8::1
2026-08-08T22:59:26Z INF Tunnel connection curve preferences: [X25519MLKEM768 CurveID(65074) CurveP256] connIndex=0 event=0 ip=2606:4700:a8::1
2026-08-08T22:59:26Z ERR failed to run the datagram handler error="context canceled" connIndex=0 event=0 ip=2606:4700:a8::1
2026-08-08T22:59:26Z ERR failed to serve tunnel connection error="control stream encountered a failure while serving" connIndex=0 event=0 ip=2606:4700:a8::1
2026-08-08T22:59:26Z ERR Serve tunnel error error="control stream encountered a failure while serving" connIndex=0 event=0 ip=2606:4700:a8::1
2026-08-08T22:59:26Z INF Retrying connection in up to 1m4s connIndex=0 event=0 ip=2606:4700:a8::1
2026-08-08T22:59:45Z INF Tunnel connection curve preferences: [X25519MLKEM768 CurveID(65074) CurveP256] connIndex=0 event=0 ip=2606:4700:a8::1
2026-08-08T22:59:45Z ERR failed to run the datagram handler error="context canceled" connIndex=0 event=0 ip=2606:4700:a8::1
2026-08-08T22:59:45Z ERR failed to serve tunnel connection error="control stream encountered a failure while serving" connIndex=0 event=0 ip=2606:4700:a8::1
2026-08-08T22:59:45Z ERR Serve tunnel error error="control stream encountered a failure while serving" connIndex=0 event=0 ip=2606:4700:a8::1
2026-08-08T22:59:45Z INF Retrying connection in up to 1m4s connIndex=0 event=0 ip=2606:4700:a8::1
2026-08-08T23:00:15Z INF Tunnel connection curve preferences: [X25519MLKEM768 CurveID(65074) CurveP256] connIndex=0 event=0 ip=2606:4700:a8::1
2026-08-08T23:00:16Z ERR failed to run the datagram handler error="context canceled" connIndex=0 event=0 ip=2606:4700:a8::1
2026-08-08T23:00:16Z ERR failed to serve tunnel connection error="control stream encountered a failure while serving" connIndex=0 event=0 ip=2606:4700:a8::1
2026-08-08T23:00:16Z ERR Serve tunnel error error="control stream encountered a failure while serving" connIndex=0 event=0 ip=2606:4700:a8::1
2026-08-08T23:00:16Z INF Retrying connection in up to 1m4s connIndex=0 event=0 ip=2606:4700:a8::1
2026-08-08T23:00:29Z INF Tunnel connection curve preferences: [X25519MLKEM768 CurveID(65074) CurveP256] connIndex=0 event=0 ip=2606:4700:a8::1
2026-08-08T23:00:29Z ERR failed to run the datagram handler error="context canceled" connIndex=0 event=0 ip=2606:4700:a8::1
2026-08-08T23:00:29Z ERR failed to serve tunnel connection error="control stream encountered a failure while serving" connIndex=0 event=0 ip=2606:4700:a8::1
2026-08-08T23:00:29Z ERR Serve tunnel error error="control stream encountered a failure while serving" connIndex=0 event=0 ip=2606:4700:a8::1
2026-08-08T23:00:29Z INF Retrying connection in up to 1m4s connIndex=0 event=0 ip=2606:4700:a8::1
2026-08-08T23:00:38Z INF Tunnel connection curve preferences: [X25519MLKEM768 CurveID(65074) CurveP256] connIndex=0 event=0 ip=2606:4700:a8::1
2026-08-08T23:00:38Z ERR failed to run the datagram handler error="context canceled" connIndex=0 event=0 ip=2606:4700:a8::1
2026-08-08T23:00:38Z ERR failed to serve tunnel connection error="control stream encountered a failure while serving" connIndex=0 event=0 ip=2606:4700:a8::1
2026-08-08T23:00:38Z ERR Serve tunnel error error="control stream encountered a failure while serving" connIndex=0 event=0 ip=2606:4700:a8::1
2026-08-08T23:00:38Z INF Retrying connection in up to 1m4s connIndex=0 event=0 ip=2606:4700:a8::1
2026-08-08T23:00:43Z INF Tunnel connection curve preferences: [X25519MLKEM768 CurveID(65074) CurveP256] connIndex=0 event=0 ip=2606:4700:a8::1
2026-08-08T23:00:43Z ERR failed to run the datagram handler error="context canceled" connIndex=0 event=0 ip=2606:4700:a8::1
2026-08-08T23:00:43Z ERR failed to serve tunnel connection error="control stream encountered a failure while serving" connIndex=0 event=0 ip=2606:4700:a8::1
2026-08-08T23:00:43Z ERR Serve tunnel error error="control stream encountered a failure while serving" connIndex=0 event=0 ip=2606:4700:a8::1
2026-08-08T23:00:43Z INF Retrying connection in up to 1m4s connIndex=0 event=0 ip=2606:4700:a8::1
2026-08-08T23:00:55Z INF Tunnel connection curve preferences: [X25519MLKEM768 CurveID(65074) CurveP256] connIndex=0 event=0 ip=2606:4700:a8::1
2026-08-08T23:00:55Z ERR failed to run the datagram handler error="context canceled" connIndex=0 event=0 ip=2606:4700:a8::1
2026-08-08T23:00:55Z ERR failed to serve tunnel connection error="control stream encountered a failure while serving" connIndex=0 event=0 ip=2606:4700:a8::1
2026-08-08T23:00:55Z ERR Serve tunnel error error="control stream encountered a failure while serving" connIndex=0 event=0 ip=2606:4700:a8::1
2026-08-08T23:00:55Z INF Retrying connection in up to 1m4s connIndex=0 event=0 ip=2606:4700:a8::1
2026-08-08T23:00:57Z INF Tunnel connection curve preferences: [X25519MLKEM768 CurveID(65074) CurveP256] connIndex=0 event=0 ip=2606:4700:a8::1
2026-08-08T23:00:57Z ERR failed to run the datagram handler error="context canceled" connIndex=0 event=0 ip=2606:4700:a8::1
2026-08-08T23:00:57Z ERR failed to serve tunnel connection error="control stream encountered a failure while serving" connIndex=0 event=0 ip=2606:4700:a8::1
2026-08-08T23:00:57Z ERR Serve tunnel error error="control stream encountered a failure while serving" connIndex=0 event=0 ip=2606:4700:a8::1
2026-08-08T23:00:57Z INF Retrying connection in up to 1m4s connIndex=0 event=0 ip=2606:4700:a8::1
2026-08-08T23:01:06Z INF Tunnel connection curve preferences: [X25519MLKEM768 CurveID(65074) CurveP256] connIndex=0 event=0 ip=2606:4700:a8::1
2026-08-08T23:01:06Z ERR failed to run the datagram handler error="context canceled" connIndex=0 event=0 ip=2606:4700:a8::1
2026-08-08T23:01:06Z ERR failed to serve tunnel connection error="control stream encountered a failure while serving" connIndex=0 event=0 ip=2606:4700:a8::1
2026-08-08T23:01:06Z ERR Serve tunnel error error="control stream encountered a failure while serving" connIndex=0 event=0 ip=2606:4700:a8::1
2026-08-08T23:01:06Z INF Retrying connection in up to 1m4s connIndex=0 event=0 ip=2606:4700:a8::1
2026-08-08T23:01:29Z INF Tunnel connection curve preferences: [X25519MLKEM768 CurveID(65074) CurveP256] connIndex=0 event=0 ip=2606:4700:a8::1
2026-08-08T23:01:29Z ERR failed to run the datagram handler error="context canceled" connIndex=0 event=0 ip=2606:4700:a8::1
2026-08-08T23:01:29Z ERR failed to serve tunnel connection error="control stream encountered a failure while serving" connIndex=0 event=0 ip=2606:4700:a8::1
2026-08-08T23:01:29Z ERR Serve tunnel error error="control stream encountered a failure while serving" connIndex=0 event=0 ip=2606:4700:a8::1
2026-08-08T23:01:29Z INF Retrying connection in up to 1m4s connIndex=0 event=0 ip=2606:4700:a8::1
2026-08-08T23:01:54Z INF Tunnel connection curve preferences: [X25519MLKEM768 CurveID(65074) CurveP256] connIndex=0 event=0 ip=2606:4700:a8::1
2026-08-08T23:01:54Z ERR failed to run the datagram handler error="context canceled" connIndex=0 event=0 ip=2606:4700:a8::1
2026-08-08T23:01:54Z ERR failed to serve tunnel connection error="control stream encountered a failure while serving" connIndex=0 event=0 ip=2606:4700:a8::1
2026-08-08T23:01:54Z ERR Serve tunnel error error="control stream encountered a failure while serving" connIndex=0 event=0 ip=2606:4700:a8::1
2026-08-08T23:01:54Z INF Retrying connection in up to 1m4s connIndex=0 event=0 ip=2606:4700:a8::1
2026-08-08T23:01:54Z INF Tunnel connection curve preferences: [X25519MLKEM768 CurveID(65074) CurveP256] connIndex=0 event=0 ip=2606:4700:a8::1
2026-08-08T23:01:54Z ERR failed to run the datagram handler error="context canceled" connIndex=0 event=0 ip=2606:4700:a8::1
2026-08-08T23:01:54Z ERR failed to serve tunnel connection error="control stream encountered a failure while serving" connIndex=0 event=0 ip=2606:4700:a8::1
2026-08-08T23:01:54Z ERR Serve tunnel error error="control stream encountered a failure while serving" connIndex=0 event=0 ip=2606:4700:a8::1
2026-08-08T23:01:54Z INF Retrying connection in up to 1m4s connIndex=0 event=0 ip=2606:4700:a8::1
2026-08-08T23:02:22Z INF Tunnel connection curve preferences: [X25519MLKEM768 CurveID(65074) CurveP256] connIndex=0 event=0 ip=2606:4700:a8::1
2026-08-08T23:02:23Z ERR failed to run the datagram handler error="context canceled" connIndex=0 event=0 ip=2606:4700:a8::1
2026-08-08T23:02:23Z ERR failed to serve tunnel connection error="control stream encountered a failure while serving" connIndex=0 event=0 ip=2606:4700:a8::1
2026-08-08T23:02:23Z ERR Serve tunnel error error="control stream encountered a failure while serving" connIndex=0 event=0 ip=2606:4700:a8::1
2026-08-08T23:02:23Z INF Retrying connection in up to 1m4s connIndex=0 event=0 ip=2606:4700:a8::1
2026-08-08T23:02:34Z INF Tunnel connection curve preferences: [X25519MLKEM768 CurveID(65074) CurveP256] connIndex=0 event=0 ip=2606:4700:a8::1
2026-08-08T23:02:34Z ERR failed to run the datagram handler error="context canceled" connIndex=0 event=0 ip=2606:4700:a8::1
2026-08-08T23:02:34Z ERR failed to serve tunnel connection error="control stream encountered a failure while serving" connIndex=0 event=0 ip=2606:4700:a8::1
2026-08-08T23:02:34Z ERR Serve tunnel error error="control stream encountered a failure while serving" connIndex=0 event=0 ip=2606:4700:a8::1
2026-08-08T23:02:34Z INF Retrying connection in up to 1m4s connIndex=0 event=0 ip=2606:4700:a8::1
2026-08-08T23:02:34Z INF Tunnel connection curve preferences: [X25519MLKEM768 CurveID(65074) CurveP256] connIndex=0 event=0 ip=2606:4700:a8::1
2026-08-08T23:02:34Z ERR failed to run the datagram handler error="context canceled" connIndex=0 event=0 ip=2606:4700:a8::1
2026-08-08T23:02:34Z ERR failed to serve tunnel connection error="control stream encountered a failure while serving" connIndex=0 event=0 ip=2606:4700:a8::1
2026-08-08T23:02:34Z ERR Serve tunnel error error="control stream encountered a failure while serving" connIndex=0 event=0 ip=2606:4700:a8::1
2026-08-08T23:02:34Z INF Retrying connection in up to 1m4s connIndex=0 event=0 ip=2606:4700:a8::1
2026-08-08T23:02:53Z INF Tunnel connection curve preferences: [X25519MLKEM768 CurveID(65074) CurveP256] connIndex=0 event=0 ip=2606:4700:a8::1
2026-08-08T23:02:53Z ERR failed to run the datagram handler error="context canceled" connIndex=0 event=0 ip=2606:4700:a8::1
2026-08-08T23:02:53Z ERR failed to serve tunnel connection error="control stream encountered a failure while serving" connIndex=0 event=0 ip=2606:4700:a8::1
2026-08-08T23:02:53Z ERR Serve tunnel error error="control stream encountered a failure while serving" connIndex=0 event=0 ip=2606:4700:a8::1
2026-08-08T23:02:53Z INF Retrying connection in up to 1m4s connIndex=0 event=0 ip=2606:4700:a8::1
2026-08-08T23:03:06Z INF Tunnel connection curve preferences: [X25519MLKEM768 CurveID(65074) CurveP256] connIndex=0 event=0 ip=2606:4700:a8::1
2026-08-08T23:03:06Z ERR failed to run the datagram handler error="context canceled" connIndex=0 event=0 ip=2606:4700:a8::1
2026-08-08T23:03:06Z ERR failed to serve tunnel connection error="control stream encountered a failure while serving" connIndex=0 event=0 ip=2606:4700:a8::1
2026-08-08T23:03:06Z ERR Serve tunnel error error="control stream encountered a failure while serving" connIndex=0 event=0 ip=2606:4700:a8::1
2026-08-08T23:03:06Z INF Retrying connection in up to 1m4s connIndex=0 event=0 ip=2606:4700:a8::1
2026-08-08T23:03:12Z INF Tunnel connection curve preferences: [X25519MLKEM768 CurveID(65074) CurveP256] connIndex=0 event=0 ip=2606:4700:a8::1
2026-08-08T23:03:12Z ERR failed to run the datagram handler error="context canceled" connIndex=0 event=0 ip=2606:4700:a8::1
2026-08-08T23:03:12Z ERR failed to serve tunnel connection error="control stream encountered a failure while serving" connIndex=0 event=0 ip=2606:4700:a8::1
2026-08-08T23:03:12Z ERR Serve tunnel error error="control stream encountered a failure while serving" connIndex=0 event=0 ip=2606:4700:a8::1
2026-08-08T23:03:12Z INF Retrying connection in up to 1m4s connIndex=0 event=0 ip=2606:4700:a8::1
2026-08-08T23:03:30Z INF Tunnel connection curve preferences: [X25519MLKEM768 CurveID(65074) CurveP256] connIndex=0 event=0 ip=2606:4700:a8::1
2026-08-08T23:03:30Z ERR failed to run the datagram handler error="context canceled" connIndex=0 event=0 ip=2606:4700:a8::1
2026-08-08T23:03:30Z ERR failed to serve tunnel connection error="control stream encountered a failure while serving" connIndex=0 event=0 ip=2606:4700:a8::1
2026-08-08T23:03:30Z ERR Serve tunnel error error="control stream encountered a failure while serving" connIndex=0 event=0 ip=2606:4700:a8::1
2026-08-08T23:03:30Z INF Retrying connection in up to 1m4s connIndex=0 event=0 ip=2606:4700:a8::1
2026-08-08T23:03:52Z INF Tunnel connection curve preferences: [X25519MLKEM768 CurveID(65074) CurveP256] connIndex=0 event=0 ip=2606:4700:a8::1
2026-08-08T23:03:52Z ERR failed to run the datagram handler error="context canceled" connIndex=0 event=0 ip=2606:4700:a8::1
2026-08-08T23:03:52Z ERR failed to serve tunnel connection error="control stream encountered a failure while serving" connIndex=0 event=0 ip=2606:4700:a8::1
2026-08-08T23:03:52Z ERR Serve tunnel error error="control stream encountered a failure while serving" connIndex=0 event=0 ip=2606:4700:a8::1
2026-08-08T23:03:52Z INF Retrying connection in up to 1m4s connIndex=0 event=0 ip=2606:4700:a8::1
2026-08-08T23:04:02Z INF Tunnel connection curve preferences: [X25519MLKEM768 CurveID(65074) CurveP256] connIndex=0 event=0 ip=2606:4700:a8::1
2026-08-08T23:04:02Z ERR failed to run the datagram handler error="context canceled" connIndex=0 event=0 ip=2606:4700:a8::1
2026-08-08T23:04:02Z ERR failed to serve tunnel connection error="control stream encountered a failure while serving" connIndex=0 event=0 ip=2606:4700:a8::1
2026-08-08T23:04:02Z ERR Serve tunnel error error="control stream encountered a failure while serving" connIndex=0 event=0 ip=2606:4700:a8::1
2026-08-08T23:04:02Z INF Retrying connection in up to 1m4s connIndex=0 event=0 ip=2606:4700:a8::1
2026-08-08T23:04:33Z INF Tunnel connection curve preferences: [X25519MLKEM768 CurveID(65074) CurveP256] connIndex=0 event=0 ip=2606:4700:a8::1
2026-08-08T23:04:33Z ERR failed to run the datagram handler error="context canceled" connIndex=0 event=0 ip=2606:4700:a8::1
2026-08-08T23:04:33Z ERR failed to serve tunnel connection error="control stream encountered a failure while serving" connIndex=0 event=0 ip=2606:4700:a8::1
2026-08-08T23:04:33Z ERR Serve tunnel error error="control stream encountered a failure while serving" connIndex=0 event=0 ip=2606:4700:a8::1
2026-08-08T23:04:33Z INF Retrying connection in up to 1m4s connIndex=0 event=0 ip=2606:4700:a8::1
2026-08-08T23:04:35Z INF Tunnel connection curve preferences: [X25519MLKEM768 CurveID(65074) CurveP256] connIndex=0 event=0 ip=2606:4700:a8::1
2026-08-08T23:04:35Z ERR failed to run the datagram handler error="context canceled" connIndex=0 event=0 ip=2606:4700:a8::1
2026-08-08T23:04:35Z ERR failed to serve tunnel connection error="control stream encountered a failure while serving" connIndex=0 event=0 ip=2606:4700:a8::1
2026-08-08T23:04:35Z ERR Serve tunnel error error="control stream encountered a failure while serving" connIndex=0 event=0 ip=2606:4700:a8::1
2026-08-08T23:04:35Z INF Retrying connection in up to 1m4s connIndex=0 event=0 ip=2606:4700:a8::1
2026-08-08T23:04:37Z INF Tunnel connection curve preferences: [X25519MLKEM768 CurveID(65074) CurveP256] connIndex=0 event=0 ip=2606:4700:a8::1
2026-08-08T23:04:37Z ERR failed to run the datagram handler error="context canceled" connIndex=0 event=0 ip=2606:4700:a8::1
2026-08-08T23:04:37Z ERR failed to serve tunnel connection error="control stream encountered a failure while serving" connIndex=0 event=0 ip=2606:4700:a8::1
2026-08-08T23:04:37Z ERR Serve tunnel error error="control stream encountered a failure while serving" connIndex=0 event=0 ip=2606:4700:a8::1
2026-08-08T23:04:37Z INF Retrying connection in up to 1m4s connIndex=0 event=0 ip=2606:4700:a8::1
2026-08-08T23:04:55Z INF Tunnel connection curve preferences: [X25519MLKEM768 CurveID(65074) CurveP256] connIndex=0 event=0 ip=2606:4700:a8::1
2026-08-08T23:04:55Z ERR failed to run the datagram handler error="context canceled" connIndex=0 event=0 ip=2606:4700:a8::1
2026-08-08T23:04:55Z ERR failed to serve tunnel connection error="control stream encountered a failure while serving" connIndex=0 event=0 ip=2606:4700:a8::1
2026-08-08T23:04:55Z ERR Serve tunnel error error="control stream encountered a failure while serving" connIndex=0 event=0 ip=2606:4700:a8::1
2026-08-08T23:04:55Z INF Retrying connection in up to 1m4s connIndex=0 event=0 ip=2606:4700:a8::1
2026-08-08T23:05:06Z INF Tunnel connection curve preferences: [X25519MLKEM768 CurveID(65074) CurveP256] connIndex=0 event=0 ip=2606:4700:a8::1
2026-08-08T23:05:06Z ERR failed to run the datagram handler error="context canceled" connIndex=0 event=0 ip=2606:4700:a8::1
2026-08-08T23:05:06Z ERR failed to serve tunnel connection error="control stream encountered a failure while serving" connIndex=0 event=0 ip=2606:4700:a8::1
2026-08-08T23:05:06Z ERR Serve tunnel error error="control stream encountered a failure while serving" connIndex=0 event=0 ip=2606:4700:a8::1
2026-08-08T23:05:06Z INF Retrying connection in up to 1m4s connIndex=0 event=0 ip=2606:4700:a8::1
2026-08-08T23:05:34Z INF Tunnel connection curve preferences: [X25519MLKEM768 CurveID(65074) CurveP256] connIndex=0 event=0 ip=2606:4700:a8::1
2026-08-08T23:05:34Z ERR failed to run the datagram handler error="context canceled" connIndex=0 event=0 ip=2606:4700:a8::1
2026-08-08T23:05:34Z ERR failed to serve tunnel connection error="control stream encountered a failure while serving" connIndex=0 event=0 ip=2606:4700:a8::1
2026-08-08T23:05:34Z ERR Serve tunnel error error="control stream encountered a failure while serving" connIndex=0 event=0 ip=2606:4700:a8::1
2026-08-08T23:05:34Z INF Retrying connection in up to 1m4s connIndex=0 event=0 ip=2606:4700:a8::1
2026-08-08T23:06:04Z INF Tunnel connection curve preferences: [X25519MLKEM768 CurveID(65074) CurveP256] connIndex=0 event=0 ip=2606:4700:a8::1
2026-08-08T23:06:04Z ERR failed to run the datagram handler error="context canceled" connIndex=0 event=0 ip=2606:4700:a8::1
2026-08-08T23:06:04Z ERR failed to serve tunnel connection error="control stream encountered a failure while serving" connIndex=0 event=0 ip=2606:4700:a8::1
2026-08-08T23:06:04Z ERR Serve tunnel error error="control stream encountered a failure while serving" connIndex=0 event=0 ip=2606:4700:a8::1
2026-08-08T23:06:04Z INF Retrying connection in up to 1m4s connIndex=0 event=0 ip=2606:4700:a8::1
2026-08-08T23:06:08Z INF Tunnel connection curve preferences: [X25519MLKEM768 CurveID(65074) CurveP256] connIndex=0 event=0 ip=2606:4700:a8::1
2026-08-08T23:06:08Z ERR failed to run the datagram handler error="context canceled" connIndex=0 event=0 ip=2606:4700:a8::1
2026-08-08T23:06:08Z ERR failed to serve tunnel connection error="control stream encountered a failure while serving" connIndex=0 event=0 ip=2606:4700:a8::1
2026-08-08T23:06:08Z ERR Serve tunnel error error="control stream encountered a failure while serving" connIndex=0 event=0 ip=2606:4700:a8::1
2026-08-08T23:06:08Z INF Retrying connection in up to 1m4s connIndex=0 event=0 ip=2606:4700:a8::1
2026-08-08T23:06:10Z INF Tunnel connection curve preferences: [X25519MLKEM768 CurveID(65074) CurveP256] connIndex=0 event=0 ip=2606:4700:a8::1
2026-08-08T23:06:10Z ERR failed to run the datagram handler error="context canceled" connIndex=0 event=0 ip=2606:4700:a8::1
2026-08-08T23:06:10Z ERR failed to serve tunnel connection error="control stream encountered a failure while serving" connIndex=0 event=0 ip=2606:4700:a8::1
2026-08-08T23:06:10Z ERR Serve tunnel error error="control stream encountered a failure while serving" connIndex=0 event=0 ip=2606:4700:a8::1
2026-08-08T23:06:10Z INF Retrying connection in up to 1m4s connIndex=0 event=0 ip=2606:4700:a8::1
2026-08-08T23:06:41Z INF Tunnel connection curve preferences: [X25519MLKEM768 CurveID(65074) CurveP256] connIndex=0 event=0 ip=2606:4700:a8::1
2026-08-08T23:06:41Z ERR failed to run the datagram handler error="context canceled" connIndex=0 event=0 ip=2606:4700:a8::1
2026-08-08T23:06:41Z ERR failed to serve tunnel connection error="control stream encountered a failure while serving" connIndex=0 event=0 ip=2606:4700:a8::1
2026-08-08T23:06:41Z ERR Serve tunnel error error="control stream encountered a failure while serving" connIndex=0 event=0 ip=2606:4700:a8::1
2026-08-08T23:06:41Z INF Retrying connection in up to 1m4s connIndex=0 event=0 ip=2606:4700:a8::1
2026-08-08T23:06:51Z INF Tunnel connection curve preferences: [X25519MLKEM768 CurveID(65074) CurveP256] connIndex=0 event=0 ip=2606:4700:a8::1
2026-08-08T23:06:51Z ERR failed to run the datagram handler error="context canceled" connIndex=0 event=0 ip=2606:4700:a8::1
2026-08-08T23:06:51Z ERR failed to serve tunnel connection error="control stream encountered a failure while serving" connIndex=0 event=0 ip=2606:4700:a8::1
2026-08-08T23:06:51Z ERR Serve tunnel error error="control stream encountered a failure while serving" connIndex=0 event=0 ip=2606:4700:a8::1
2026-08-08T23:06:51Z INF Retrying connection in up to 1m4s connIndex=0 event=0 ip=2606:4700:a8::1
2026-08-08T23:07:22Z INF Tunnel connection curve preferences: [X25519MLKEM768 CurveID(65074) CurveP256] connIndex=0 event=0 ip=2606:4700:a8::1
2026-08-08T23:07:22Z ERR failed to run the datagram handler error="context canceled" connIndex=0 event=0 ip=2606:4700:a8::1
2026-08-08T23:07:22Z ERR failed to serve tunnel connection error="control stream encountered a failure while serving" connIndex=0 event=0 ip=2606:4700:a8::1
2026-08-08T23:07:22Z ERR Serve tunnel error error="control stream encountered a failure while serving" connIndex=0 event=0 ip=2606:4700:a8::1
2026-08-08T23:07:22Z INF Retrying connection in up to 1m4s connIndex=0 event=0 ip=2606:4700:a8::1
2026-08-08T23:07:45Z INF Tunnel connection curve preferences: [X25519MLKEM768 CurveID(65074) CurveP256] connIndex=0 event=0 ip=2606:4700:a8::1
2026-08-08T23:07:45Z ERR failed to run the datagram handler error="context canceled" connIndex=0 event=0 ip=2606:4700:a8::1
2026-08-08T23:07:45Z ERR failed to serve tunnel connection error="control stream encountered a failure while serving" connIndex=0 event=0 ip=2606:4700:a8::1
2026-08-08T23:07:45Z ERR Serve tunnel error error="control stream encountered a failure while serving" connIndex=0 event=0 ip=2606:4700:a8::1
2026-08-08T23:07:45Z INF Retrying connection in up to 1m4s connIndex=0 event=0 ip=2606:4700:a8::1
2026-08-08T23:07:54Z INF Tunnel connection curve preferences: [X25519MLKEM768 CurveID(65074) CurveP256] connIndex=0 event=0 ip=2606:4700:a8::1
2026-08-08T23:07:54Z ERR failed to run the datagram handler error="context canceled" connIndex=0 event=0 ip=2606:4700:a8::1
2026-08-08T23:07:54Z ERR failed to serve tunnel connection error="control stream encountered a failure while serving" connIndex=0 event=0 ip=2606:4700:a8::1
2026-08-08T23:07:54Z ERR Serve tunnel error error="control stream encountered a failure while serving" connIndex=0 event=0 ip=2606:4700:a8::1
2026-08-08T23:07:54Z INF Retrying connection in up to 1m4s connIndex=0 event=0 ip=2606:4700:a8::1
2026-08-08T23:08:24Z INF Tunnel connection curve preferences: [X25519MLKEM768 CurveID(65074) CurveP256] connIndex=0 event=0 ip=2606:4700:a8::1
2026-08-08T23:08:24Z ERR failed to run the datagram handler error="context canceled" connIndex=0 event=0 ip=2606:4700:a8::1
2026-08-08T23:08:24Z ERR failed to serve tunnel connection error="control stream encountered a failure while serving" connIndex=0 event=0 ip=2606:4700:a8::1
2026-08-08T23:08:24Z ERR Serve tunnel error error="control stream encountered a failure while serving" connIndex=0 event=0 ip=2606:4700:a8::1
2026-08-08T23:08:24Z INF Retrying connection in up to 1m4s connIndex=0 event=0 ip=2606:4700:a8::1
2026-08-08T23:08:28Z INF Tunnel connection curve preferences: [X25519MLKEM768 CurveID(65074) CurveP256] connIndex=0 event=0 ip=2606:4700:a8::1
2026-08-08T23:08:28Z ERR failed to run the datagram handler error="context canceled" connIndex=0 event=0 ip=2606:4700:a8::1
2026-08-08T23:08:28Z ERR failed to serve tunnel connection error="control stream encountered a failure while serving" connIndex=0 event=0 ip=2606:4700:a8::1
2026-08-08T23:08:28Z ERR Serve tunnel error error="control stream encountered a failure while serving" connIndex=0 event=0 ip=2606:4700:a8::1
2026-08-08T23:08:28Z INF Retrying connection in up to 1m4s connIndex=0 event=0 ip=2606:4700:a8::1
2026-08-08T23:08:54Z INF Tunnel connection curve preferences: [X25519MLKEM768 CurveID(65074) CurveP256] connIndex=0 event=0 ip=2606:4700:a8::1
2026-08-08T23:08:54Z ERR failed to run the datagram handler error="context canceled" connIndex=0 event=0 ip=2606:4700:a8::1
2026-08-08T23:08:54Z ERR failed to serve tunnel connection error="control stream encountered a failure while serving" connIndex=0 event=0 ip=2606:4700:a8::1
2026-08-08T23:08:54Z ERR Serve tunnel error error="control stream encountered a failure while serving" connIndex=0 event=0 ip=2606:4700:a8::1
2026-08-08T23:08:54Z INF Retrying connection in up to 1m4s connIndex=0 event=0 ip=2606:4700:a8::1
2026-08-08T23:09:08Z INF Tunnel connection curve preferences: [X25519MLKEM768 CurveID(65074) CurveP256] connIndex=0 event=0 ip=2606:4700:a8::1
2026-08-08T23:09:08Z ERR failed to run the datagram handler error="context canceled" connIndex=0 event=0 ip=2606:4700:a8::1
2026-08-08T23:09:08Z ERR failed to serve tunnel connection error="control stream encountered a failure while serving" connIndex=0 event=0 ip=2606:4700:a8::1
2026-08-08T23:09:08Z ERR Serve tunnel error error="control stream encountered a failure while serving" connIndex=0 event=0 ip=2606:4700:a8::1
2026-08-08T23:09:08Z INF Retrying connection in up to 1m4s connIndex=0 event=0 ip=2606:4700:a8::1
2026-08-08T23:09:31Z INF Tunnel connection curve preferences: [X25519MLKEM768 CurveID(65074) CurveP256] connIndex=0 event=0 ip=2606:4700:a8::1
2026-08-08T23:09:31Z ERR failed to run the datagram handler error="context canceled" connIndex=0 event=0 ip=2606:4700:a8::1
2026-08-08T23:09:31Z ERR failed to serve tunnel connection error="control stream encountered a failure while serving" connIndex=0 event=0 ip=2606:4700:a8::1
2026-08-08T23:09:31Z ERR Serve tunnel error error="control stream encountered a failure while serving" connIndex=0 event=0 ip=2606:4700:a8::1
2026-08-08T23:09:31Z INF Retrying connection in up to 1m4s connIndex=0 event=0 ip=2606:4700:a8::1
2026-08-08T23:09:31Z INF Tunnel connection curve preferences: [X25519MLKEM768 CurveID(65074) CurveP256] connIndex=0 event=0 ip=2606:4700:a8::1
2026-08-08T23:09:31Z ERR failed to run the datagram handler error="context canceled" connIndex=0 event=0 ip=2606:4700:a8::1
2026-08-08T23:09:31Z ERR failed to serve tunnel connection error="control stream encountered a failure while serving" connIndex=0 event=0 ip=2606:4700:a8::1
2026-08-08T23:09:31Z ERR Serve tunnel error error="control stream encountered a failure while serving" connIndex=0 event=0 ip=2606:4700:a8::1
2026-08-08T23:09:31Z INF Retrying connection in up to 1m4s connIndex=0 event=0 ip=2606:4700:a8::1
2026-08-08T23:09:41Z INF Tunnel connection curve preferences: [X25519MLKEM768 CurveID(65074) CurveP256] connIndex=0 event=0 ip=2606:4700:a8::1
2026-08-08T23:09:41Z ERR failed to run the datagram handler error="context canceled" connIndex=0 event=0 ip=2606:4700:a8::1
2026-08-08T23:09:41Z ERR failed to serve tunnel connection error="control stream encountered a failure while serving" connIndex=0 event=0 ip=2606:4700:a8::1
2026-08-08T23:09:41Z ERR Serve tunnel error error="control stream encountered a failure while serving" connIndex=0 event=0 ip=2606:4700:a8::1
2026-08-08T23:09:41Z INF Retrying connection in up to 1m4s connIndex=0 event=0 ip=2606:4700:a8::1
2026-08-08T23:10:06Z INF Tunnel connection curve preferences: [X25519MLKEM768 CurveID(65074) CurveP256] connIndex=0 event=0 ip=2606:4700:a8::1
2026-08-08T23:10:06Z ERR failed to run the datagram handler error="context canceled" connIndex=0 event=0 ip=2606:4700:a8::1
2026-08-08T23:10:06Z ERR failed to serve tunnel connection error="control stream encountered a failure while serving" connIndex=0 event=0 ip=2606:4700:a8::1
2026-08-08T23:10:06Z ERR Serve tunnel error error="control stream encountered a failure while serving" connIndex=0 event=0 ip=2606:4700:a8::1
2026-08-08T23:10:06Z INF Retrying connection in up to 1m4s connIndex=0 event=0 ip=2606:4700:a8::1
2026-08-08T23:10:26Z INF Tunnel connection curve preferences: [X25519MLKEM768 CurveID(65074) CurveP256] connIndex=0 event=0 ip=2606:4700:a8::1
2026-08-08T23:10:26Z ERR failed to run the datagram handler error="context canceled" connIndex=0 event=0 ip=2606:4700:a8::1
2026-08-08T23:10:26Z ERR failed to serve tunnel connection error="control stream encountered a failure while serving" connIndex=0 event=0 ip=2606:4700:a8::1
2026-08-08T23:10:26Z ERR Serve tunnel error error="control stream encountered a failure while serving" connIndex=0 event=0 ip=2606:4700:a8::1
2026-08-08T23:10:26Z INF Retrying connection in up to 1m4s connIndex=0 event=0 ip=2606:4700:a8::1
2026-08-08T23:10:28Z INF Tunnel connection curve preferences: [X25519MLKEM768 CurveID(65074) CurveP256] connIndex=0 event=0 ip=2606:4700:a8::1
2026-08-08T23:10:29Z ERR failed to run the datagram handler error="context canceled" connIndex=0 event=0 ip=2606:4700:a8::1
2026-08-08T23:10:29Z ERR failed to serve tunnel connection error="control stream encountered a failure while serving" connIndex=0 event=0 ip=2606:4700:a8::1
2026-08-08T23:10:29Z ERR Serve tunnel error error="control stream encountered a failure while serving" connIndex=0 event=0 ip=2606:4700:a8::1
2026-08-08T23:10:29Z INF Retrying connection in up to 1m4s connIndex=0 event=0 ip=2606:4700:a8::1
2026-08-08T23:10:58Z INF Tunnel connection curve preferences: [X25519MLKEM768 CurveID(65074) CurveP256] connIndex=0 event=0 ip=2606:4700:a8::1
2026-08-08T23:10:58Z ERR failed to run the datagram handler error="context canceled" connIndex=0 event=0 ip=2606:4700:a8::1
2026-08-08T23:10:58Z ERR failed to serve tunnel connection error="control stream encountered a failure while serving" connIndex=0 event=0 ip=2606:4700:a8::1
2026-08-08T23:10:58Z ERR Serve tunnel error error="control stream encountered a failure while serving" connIndex=0 event=0 ip=2606:4700:a8::1
2026-08-08T23:10:58Z INF Retrying connection in up to 1m4s connIndex=0 event=0 ip=2606:4700:a8::1
2026-08-08T23:11:01Z INF Tunnel connection curve preferences: [X25519MLKEM768 CurveID(65074) CurveP256] connIndex=0 event=0 ip=2606:4700:a8::1
2026-08-08T23:11:01Z ERR failed to run the datagram handler error="context canceled" connIndex=0 event=0 ip=2606:4700:a8::1
2026-08-08T23:11:01Z ERR failed to serve tunnel connection error="control stream encountered a failure while serving" connIndex=0 event=0 ip=2606:4700:a8::1
2026-08-08T23:11:01Z ERR Serve tunnel error error="control stream encountered a failure while serving" connIndex=0 event=0 ip=2606:4700:a8::1
2026-08-08T23:11:01Z INF Retrying connection in up to 1m4s connIndex=0 event=0 ip=2606:4700:a8::1
2026-08-08T23:11:10Z INF Tunnel connection curve preferences: [X25519MLKEM768 CurveID(65074) CurveP256] connIndex=0 event=0 ip=2606:4700:a8::1
2026-08-08T23:11:10Z ERR failed to run the datagram handler error="context canceled" connIndex=0 event=0 ip=2606:4700:a8::1
2026-08-08T23:11:10Z ERR failed to serve tunnel connection error="control stream encountered a failure while serving" connIndex=0 event=0 ip=2606:4700:a8::1
2026-08-08T23:11:10Z ERR Serve tunnel error error="control stream encountered a failure while serving" connIndex=0 event=0 ip=2606:4700:a8::1
2026-08-08T23:11:10Z INF Retrying connection in up to 1m4s connIndex=0 event=0 ip=2606:4700:a8::1
2026-08-08T23:11:21Z INF Tunnel connection curve preferences: [X25519MLKEM768 CurveID(65074) CurveP256] connIndex=0 event=0 ip=2606:4700:a8::1
2026-08-08T23:11:21Z ERR failed to run the datagram handler error="context canceled" connIndex=0 event=0 ip=2606:4700:a8::1
2026-08-08T23:11:21Z ERR failed to serve tunnel connection error="control stream encountered a failure while serving" connIndex=0 event=0 ip=2606:4700:a8::1
2026-08-08T23:11:21Z ERR Serve tunnel error error="control stream encountered a failure while serving" connIndex=0 event=0 ip=2606:4700:a8::1
2026-08-08T23:11:21Z INF Retrying connection in up to 1m4s connIndex=0 event=0 ip=2606:4700:a8::1
2026-08-08T23:11:40Z INF Tunnel connection curve preferences: [X25519MLKEM768 CurveID(65074) CurveP256] connIndex=0 event=0 ip=2606:4700:a8::1
2026-08-08T23:11:40Z ERR failed to run the datagram handler error="context canceled" connIndex=0 event=0 ip=2606:4700:a8::1
2026-08-08T23:11:40Z ERR failed to serve tunnel connection error="control stream encountered a failure while serving" connIndex=0 event=0 ip=2606:4700:a8::1
2026-08-08T23:11:40Z ERR Serve tunnel error error="control stream encountered a failure while serving" connIndex=0 event=0 ip=2606:4700:a8::1
2026-08-08T23:11:40Z INF Retrying connection in up to 1m4s connIndex=0 event=0 ip=2606:4700:a8::1
2026-08-08T23:11:45Z INF Tunnel connection curve preferences: [X25519MLKEM768 CurveID(65074) CurveP256] connIndex=0 event=0 ip=2606:4700:a8::1
2026-08-08T23:11:45Z ERR failed to run the datagram handler error="context canceled" connIndex=0 event=0 ip=2606:4700:a8::1
2026-08-08T23:11:45Z ERR failed to serve tunnel connection error="control stream encountered a failure while serving" connIndex=0 event=0 ip=2606:4700:a8::1
2026-08-08T23:11:45Z ERR Serve tunnel error error="control stream encountered a failure while serving" connIndex=0 event=0 ip=2606:4700:a8::1
2026-08-08T23:11:45Z INF Retrying connection in up to 1m4s connIndex=0 event=0 ip=2606:4700:a8::1
2026-08-08T23:12:04Z INF Tunnel connection curve preferences: [X25519MLKEM768 CurveID(65074) CurveP256] connIndex=0 event=0 ip=2606:4700:a8::1
2026-08-08T23:12:04Z ERR failed to run the datagram handler error="context canceled" connIndex=0 event=0 ip=2606:4700:a8::1
2026-08-08T23:12:04Z ERR failed to serve tunnel connection error="control stream encountered a failure while serving" connIndex=0 event=0 ip=2606:4700:a8::1
2026-08-08T23:12:04Z ERR Serve tunnel error error="control stream encountered a failure while serving" connIndex=0 event=0 ip=2606:4700:a8::1
2026-08-08T23:12:04Z INF Retrying connection in up to 1m4s connIndex=0 event=0 ip=2606:4700:a8::1
2026-08-08T23:12:31Z INF Tunnel connection curve preferences: [X25519MLKEM768 CurveID(65074) CurveP256] connIndex=0 event=0 ip=2606:4700:a8::1
2026-08-08T23:12:31Z ERR failed to run the datagram handler error="context canceled" connIndex=0 event=0 ip=2606:4700:a8::1
2026-08-08T23:12:31Z ERR failed to serve tunnel connection error="control stream encountered a failure while serving" connIndex=0 event=0 ip=2606:4700:a8::1
2026-08-08T23:12:31Z ERR Serve tunnel error error="control stream encountered a failure while serving" connIndex=0 event=0 ip=2606:4700:a8::1
2026-08-08T23:12:31Z INF Retrying connection in up to 1m4s connIndex=0 event=0 ip=2606:4700:a8::1
2026-08-08T23:12:55Z INF Tunnel connection curve preferences: [X25519MLKEM768 CurveID(65074) CurveP256] connIndex=0 event=0 ip=2606:4700:a8::1
2026-08-08T23:12:55Z ERR failed to run the datagram handler error="context canceled" connIndex=0 event=0 ip=2606:4700:a8::1
2026-08-08T23:12:55Z ERR failed to serve tunnel connection error="control stream encountered a failure while serving" connIndex=0 event=0 ip=2606:4700:a8::1
2026-08-08T23:12:55Z ERR Serve tunnel error error="control stream encountered a failure while serving" connIndex=0 event=0 ip=2606:4700:a8::1
2026-08-08T23:12:55Z INF Retrying connection in up to 1m4s connIndex=0 event=0 ip=2606:4700:a8::1
2026-08-08T23:13:17Z INF Tunnel connection curve preferences: [X25519MLKEM768 CurveID(65074) CurveP256] connIndex=0 event=0 ip=2606:4700:a8::1
2026-08-08T23:13:17Z ERR failed to run the datagram handler error="context canceled" connIndex=0 event=0 ip=2606:4700:a8::1
2026-08-08T23:13:17Z ERR failed to serve tunnel connection error="control stream encountered a failure while serving" connIndex=0 event=0 ip=2606:4700:a8::1
2026-08-08T23:13:17Z ERR Serve tunnel error error="control stream encountered a failure while serving" connIndex=0 event=0 ip=2606:4700:a8::1
2026-08-08T23:13:17Z INF Retrying connection in up to 1m4s connIndex=0 event=0 ip=2606:4700:a8::1
2026-08-08T23:13:43Z INF Tunnel connection curve preferences: [X25519MLKEM768 CurveID(65074) CurveP256] connIndex=0 event=0 ip=2606:4700:a8::1
2026-08-08T23:13:43Z ERR failed to run the datagram handler error="context canceled" connIndex=0 event=0 ip=2606:4700:a8::1
2026-08-08T23:13:43Z ERR failed to serve tunnel connection error="control stream encountered a failure while serving" connIndex=0 event=0 ip=2606:4700:a8::1
2026-08-08T23:13:43Z ERR Serve tunnel error error="control stream encountered a failure while serving" connIndex=0 event=0 ip=2606:4700:a8::1
2026-08-08T23:13:43Z INF Retrying connection in up to 1m4s connIndex=0 event=0 ip=2606:4700:a8::1
2026-08-08T23:13:57Z INF Tunnel connection curve preferences: [X25519MLKEM768 CurveID(65074) CurveP256] connIndex=0 event=0 ip=2606:4700:a8::1
2026-08-08T23:13:57Z ERR failed to run the datagram handler error="context canceled" connIndex=0 event=0 ip=2606:4700:a8::1
2026-08-08T23:13:57Z ERR failed to serve tunnel connection error="control stream encountered a failure while serving" connIndex=0 event=0 ip=2606:4700:a8::1
2026-08-08T23:13:57Z ERR Serve tunnel error error="control stream encountered a failure while serving" connIndex=0 event=0 ip=2606:4700:a8::1
2026-08-08T23:13:57Z INF Retrying connection in up to 1m4s connIndex=0 event=0 ip=2606:4700:a8::1
2026-08-08T23:14:08Z INF Tunnel connection curve preferences: [X25519MLKEM768 CurveID(65074) CurveP256] connIndex=0 event=0 ip=2606:4700:a8::1
2026-08-08T23:14:08Z ERR failed to run the datagram handler error="context canceled" connIndex=0 event=0 ip=2606:4700:a8::1
2026-08-08T23:14:08Z ERR failed to serve tunnel connection error="control stream encountered a failure while serving" connIndex=0 event=0 ip=2606:4700:a8::1
2026-08-08T23:14:08Z ERR Serve tunnel error error="control stream encountered a failure while serving" connIndex=0 event=0 ip=2606:4700:a8::1
2026-08-08T23:14:08Z INF Retrying connection in up to 1m4s connIndex=0 event=0 ip=2606:4700:a8::1
2026-08-08T23:14:40Z INF Tunnel connection curve preferences: [X25519MLKEM768 CurveID(65074) CurveP256] connIndex=0 event=0 ip=2606:4700:a8::1
2026-08-08T23:14:40Z ERR failed to run the datagram handler error="context canceled" connIndex=0 event=0 ip=2606:4700:a8::1
2026-08-08T23:14:40Z ERR failed to serve tunnel connection error="control stream encountered a failure while serving" connIndex=0 event=0 ip=2606:4700:a8::1
2026-08-08T23:14:40Z ERR Serve tunnel error error="control stream encountered a failure while serving" connIndex=0 event=0 ip=2606:4700:a8::1
2026-08-08T23:14:40Z INF Retrying connection in up to 1m4s connIndex=0 event=0 ip=2606:4700:a8::1
2026-08-08T23:15:02Z INF Tunnel connection curve preferences: [X25519MLKEM768 CurveID(65074) CurveP256] connIndex=0 event=0 ip=2606:4700:a8::1
2026-08-08T23:15:02Z ERR failed to run the datagram handler error="context canceled" connIndex=0 event=0 ip=2606:4700:a8::1
2026-08-08T23:15:02Z ERR failed to serve tunnel connection error="control stream encountered a failure while serving" connIndex=0 event=0 ip=2606:4700:a8::1
2026-08-08T23:15:02Z ERR Serve tunnel error error="control stream encountered a failure while serving" connIndex=0 event=0 ip=2606:4700:a8::1
2026-08-08T23:15:02Z INF Retrying connection in up to 1m4s connIndex=0 event=0 ip=2606:4700:a8::1
2026-08-08T23:15:03Z INF Tunnel connection curve preferences: [X25519MLKEM768 CurveID(65074) CurveP256] connIndex=0 event=0 ip=2606:4700:a8::1
2026-08-08T23:15:03Z ERR failed to run the datagram handler error="context canceled" connIndex=0 event=0 ip=2606:4700:a8::1
2026-08-08T23:15:03Z ERR failed to serve tunnel connection error="control stream encountered a failure while serving" connIndex=0 event=0 ip=2606:4700:a8::1
2026-08-08T23:15:03Z ERR Serve tunnel error error="control stream encountered a failure while serving" connIndex=0 event=0 ip=2606:4700:a8::1
2026-08-08T23:15:03Z INF Retrying connection in up to 1m4s connIndex=0 event=0 ip=2606:4700:a8::1
2026-08-08T23:15:07Z INF Tunnel connection curve preferences: [X25519MLKEM768 CurveID(65074) CurveP256] connIndex=0 event=0 ip=2606:4700:a8::1
2026-08-08T23:15:07Z ERR failed to run the datagram handler error="context canceled" connIndex=0 event=0 ip=2606:4700:a8::1
2026-08-08T23:15:07Z ERR failed to serve tunnel connection error="control stream encountered a failure while serving" connIndex=0 event=0 ip=2606:4700:a8::1
2026-08-08T23:15:07Z ERR Serve tunnel error error="control stream encountered a failure while serving" connIndex=0 event=0 ip=2606:4700:a8::1
2026-08-08T23:15:07Z INF Retrying connection in up to 1m4s connIndex=0 event=0 ip=2606:4700:a8::1
2026-08-08T23:15:16Z INF Tunnel connection curve preferences: [X25519MLKEM768 CurveID(65074) CurveP256] connIndex=0 event=0 ip=2606:4700:a8::1
2026-08-08T23:15:17Z ERR failed to run the datagram handler error="context canceled" connIndex=0 event=0 ip=2606:4700:a8::1
2026-08-08T23:15:17Z ERR failed to serve tunnel connection error="control stream encountered a failure while serving" connIndex=0 event=0 ip=2606:4700:a8::1
2026-08-08T23:15:17Z ERR Serve tunnel error error="control stream encountered a failure while serving" connIndex=0 event=0 ip=2606:4700:a8::1
2026-08-08T23:15:17Z INF Retrying connection in up to 1m4s connIndex=0 event=0 ip=2606:4700:a8::1
2026-08-08T23:15:35Z INF Tunnel connection curve preferences: [X25519MLKEM768 CurveID(65074) CurveP256] connIndex=0 event=0 ip=2606:4700:a8::1
2026-08-08T23:15:35Z ERR failed to run the datagram handler error="context canceled" connIndex=0 event=0 ip=2606:4700:a8::1
2026-08-08T23:15:35Z ERR failed to serve tunnel connection error="control stream encountered a failure while serving" connIndex=0 event=0 ip=2606:4700:a8::1
2026-08-08T23:15:35Z ERR Serve tunnel error error="control stream encountered a failure while serving" connIndex=0 event=0 ip=2606:4700:a8::1
2026-08-08T23:15:35Z INF Retrying connection in up to 1m4s connIndex=0 event=0 ip=2606:4700:a8::1
2026-08-08T23:15:59Z INF Tunnel connection curve preferences: [X25519MLKEM768 CurveID(65074) CurveP256] connIndex=0 event=0 ip=2606:4700:a8::1
2026-08-08T23:15:59Z ERR failed to run the datagram handler error="context canceled" connIndex=0 event=0 ip=2606:4700:a8::1
2026-08-08T23:15:59Z ERR failed to serve tunnel connection error="control stream encountered a failure while serving" connIndex=0 event=0 ip=2606:4700:a8::1
2026-08-08T23:15:59Z ERR Serve tunnel error error="control stream encountered a failure while serving" connIndex=0 event=0 ip=2606:4700:a8::1
2026-08-08T23:15:59Z INF Retrying connection in up to 1m4s connIndex=0 event=0 ip=2606:4700:a8::1
2026-08-08T23:16:12Z INF Tunnel connection curve preferences: [X25519MLKEM768 CurveID(65074) CurveP256] connIndex=0 event=0 ip=2606:4700:a8::1
2026-08-08T23:16:12Z ERR failed to run the datagram handler error="context canceled" connIndex=0 event=0 ip=2606:4700:a8::1
2026-08-08T23:16:12Z ERR failed to serve tunnel connection error="control stream encountered a failure while serving" connIndex=0 event=0 ip=2606:4700:a8::1
2026-08-08T23:16:12Z ERR Serve tunnel error error="control stream encountered a failure while serving" connIndex=0 event=0 ip=2606:4700:a8::1
2026-08-08T23:16:12Z INF Retrying connection in up to 1m4s connIndex=0 event=0 ip=2606:4700:a8::1
2026-08-08T23:16:22Z INF Tunnel connection curve preferences: [X25519MLKEM768 CurveID(65074) CurveP256] connIndex=0 event=0 ip=2606:4700:a8::1
2026-08-08T23:16:22Z ERR failed to run the datagram handler error="context canceled" connIndex=0 event=0 ip=2606:4700:a8::1
2026-08-08T23:16:22Z ERR failed to serve tunnel connection error="control stream encountered a failure while serving" connIndex=0 event=0 ip=2606:4700:a8::1
2026-08-08T23:16:22Z ERR Serve tunnel error error="control stream encountered a failure while serving" connIndex=0 event=0 ip=2606:4700:a8::1
2026-08-08T23:16:22Z INF Retrying connection in up to 1m4s connIndex=0 event=0 ip=2606:4700:a8::1
2026-08-08T23:16:43Z INF Tunnel connection curve preferences: [X25519MLKEM768 CurveID(65074) CurveP256] connIndex=0 event=0 ip=2606:4700:a8::1
2026-08-08T23:16:43Z ERR failed to run the datagram handler error="context canceled" connIndex=0 event=0 ip=2606:4700:a8::1
2026-08-08T23:16:43Z ERR failed to serve tunnel connection error="control stream encountered a failure while serving" connIndex=0 event=0 ip=2606:4700:a8::1
2026-08-08T23:16:43Z ERR Serve tunnel error error="control stream encountered a failure while serving" connIndex=0 event=0 ip=2606:4700:a8::1
2026-08-08T23:16:43Z INF Retrying connection in up to 1m4s connIndex=0 event=0 ip=2606:4700:a8::1
2026-08-08T23:17:07Z INF Tunnel connection curve preferences: [X25519MLKEM768 CurveID(65074) CurveP256] connIndex=0 event=0 ip=2606:4700:a8::1
2026-08-08T23:17:07Z ERR failed to run the datagram handler error="context canceled" connIndex=0 event=0 ip=2606:4700:a8::1
2026-08-08T23:17:07Z ERR failed to serve tunnel connection error="control stream encountered a failure while serving" connIndex=0 event=0 ip=2606:4700:a8::1
2026-08-08T23:17:07Z ERR Serve tunnel error error="control stream encountered a failure while serving" connIndex=0 event=0 ip=2606:4700:a8::1
2026-08-08T23:17:07Z INF Retrying connection in up to 1m4s connIndex=0 event=0 ip=2606:4700:a8::1
2026-08-08T23:17:10Z INF Tunnel connection curve preferences: [X25519MLKEM768 CurveID(65074) CurveP256] connIndex=0 event=0 ip=2606:4700:a8::1
2026-08-08T23:17:10Z ERR failed to run the datagram handler error="context canceled" connIndex=0 event=0 ip=2606:4700:a8::1
2026-08-08T23:17:10Z ERR failed to serve tunnel connection error="control stream encountered a failure while serving" connIndex=0 event=0 ip=2606:4700:a8::1
2026-08-08T23:17:10Z ERR Serve tunnel error error="control stream encountered a failure while serving" connIndex=0 event=0 ip=2606:4700:a8::1
2026-08-08T23:17:10Z INF Retrying connection in up to 1m4s connIndex=0 event=0 ip=2606:4700:a8::1
2026-08-08T23:17:30Z INF Tunnel connection curve preferences: [X25519MLKEM768 CurveID(65074) CurveP256] connIndex=0 event=0 ip=2606:4700:a8::1
2026-08-08T23:17:30Z ERR failed to run the datagram handler error="context canceled" connIndex=0 event=0 ip=2606:4700:a8::1
2026-08-08T23:17:30Z ERR failed to serve tunnel connection error="control stream encountered a failure while serving" connIndex=0 event=0 ip=2606:4700:a8::1
2026-08-08T23:17:30Z ERR Serve tunnel error error="control stream encountered a failure while serving" connIndex=0 event=0 ip=2606:4700:a8::1
2026-08-08T23:17:30Z INF Retrying connection in up to 1m4s connIndex=0 event=0 ip=2606:4700:a8::1
2026-08-08T23:17:37Z INF Tunnel connection curve preferences: [X25519MLKEM768 CurveID(65074) CurveP256] connIndex=0 event=0 ip=2606:4700:a8::1
2026-08-08T23:17:37Z ERR failed to run the datagram handler error="context canceled" connIndex=0 event=0 ip=2606:4700:a8::1
2026-08-08T23:17:37Z ERR failed to serve tunnel connection error="control stream encountered a failure while serving" connIndex=0 event=0 ip=2606:4700:a8::1
2026-08-08T23:17:37Z ERR Serve tunnel error error="control stream encountered a failure while serving" connIndex=0 event=0 ip=2606:4700:a8::1
2026-08-08T23:17:37Z INF Retrying connection in up to 1m4s connIndex=0 event=0 ip=2606:4700:a8::1
2026-08-08T23:17:38Z INF Tunnel connection curve preferences: [X25519MLKEM768 CurveID(65074) CurveP256] connIndex=0 event=0 ip=2606:4700:a8::1
2026-08-08T23:17:38Z ERR failed to run the datagram handler error="context canceled" connIndex=0 event=0 ip=2606:4700:a8::1
2026-08-08T23:17:38Z ERR failed to serve tunnel connection error="control stream encountered a failure while serving" connIndex=0 event=0 ip=2606:4700:a8::1
2026-08-08T23:17:38Z ERR Serve tunnel error error="control stream encountered a failure while serving" connIndex=0 event=0 ip=2606:4700:a8::1
2026-08-08T23:17:38Z INF Retrying connection in up to 1m4s connIndex=0 event=0 ip=2606:4700:a8::1
2026-08-08T23:18:07Z INF Tunnel connection curve preferences: [X25519MLKEM768 CurveID(65074) CurveP256] connIndex=0 event=0 ip=2606:4700:a8::1
2026-08-08T23:18:07Z ERR failed to run the datagram handler error="context canceled" connIndex=0 event=0 ip=2606:4700:a8::1
2026-08-08T23:18:07Z ERR failed to serve tunnel connection error="control stream encountered a failure while serving" connIndex=0 event=0 ip=2606:4700:a8::1
2026-08-08T23:18:07Z ERR Serve tunnel error error="control stream encountered a failure while serving" connIndex=0 event=0 ip=2606:4700:a8::1
2026-08-08T23:18:07Z INF Retrying connection in up to 1m4s connIndex=0 event=0 ip=2606:4700:a8::1
2026-08-08T23:18:10Z INF Tunnel connection curve preferences: [X25519MLKEM768 CurveID(65074) CurveP256] connIndex=0 event=0 ip=2606:4700:a8::1
2026-08-08T23:18:10Z ERR failed to run the datagram handler error="context canceled" connIndex=0 event=0 ip=2606:4700:a8::1
2026-08-08T23:18:10Z ERR failed to serve tunnel connection error="control stream encountered a failure while serving" connIndex=0 event=0 ip=2606:4700:a8::1
2026-08-08T23:18:10Z ERR Serve tunnel error error="control stream encountered a failure while serving" connIndex=0 event=0 ip=2606:4700:a8::1
2026-08-08T23:18:10Z INF Retrying connection in up to 1m4s connIndex=0 event=0 ip=2606:4700:a8::1
2026-08-08T23:18:21Z INF Tunnel connection curve preferences: [X25519MLKEM768 CurveID(65074) CurveP256] connIndex=0 event=0 ip=2606:4700:a8::1
2026-08-08T23:18:21Z ERR failed to run the datagram handler error="context canceled" connIndex=0 event=0 ip=2606:4700:a8::1
2026-08-08T23:18:21Z ERR failed to serve tunnel connection error="control stream encountered a failure while serving" connIndex=0 event=0 ip=2606:4700:a8::1
2026-08-08T23:18:21Z ERR Serve tunnel error error="control stream encountered a failure while serving" connIndex=0 event=0 ip=2606:4700:a8::1
2026-08-08T23:18:21Z INF Retrying connection in up to 1m4s connIndex=0 event=0 ip=2606:4700:a8::1
2026-08-08T23:18:34Z INF Tunnel connection curve preferences: [X25519MLKEM768 CurveID(65074) CurveP256] connIndex=0 event=0 ip=2606:4700:a8::1
2026-08-08T23:18:34Z ERR failed to run the datagram handler error="context canceled" connIndex=0 event=0 ip=2606:4700:a8::1
2026-08-08T23:18:34Z ERR failed to serve tunnel connection error="control stream encountered a failure while serving" connIndex=0 event=0 ip=2606:4700:a8::1
2026-08-08T23:18:34Z ERR Serve tunnel error error="control stream encountered a failure while serving" connIndex=0 event=0 ip=2606:4700:a8::1
2026-08-08T23:18:34Z INF Retrying connection in up to 1m4s connIndex=0 event=0 ip=2606:4700:a8::1
2026-08-08T23:18:35Z INF Tunnel connection curve preferences: [X25519MLKEM768 CurveID(65074) CurveP256] connIndex=0 event=0 ip=2606:4700:a8::1
2026-08-08T23:18:35Z ERR failed to run the datagram handler error="context canceled" connIndex=0 event=0 ip=2606:4700:a8::1
2026-08-08T23:18:35Z ERR failed to serve tunnel connection error="control stream encountered a failure while serving" connIndex=0 event=0 ip=2606:4700:a8::1
2026-08-08T23:18:35Z ERR Serve tunnel error error="control stream encountered a failure while serving" connIndex=0 event=0 ip=2606:4700:a8::1
2026-08-08T23:18:35Z INF Retrying connection in up to 1m4s connIndex=0 event=0 ip=2606:4700:a8::1
2026-08-08T23:19:00Z INF Tunnel connection curve preferences: [X25519MLKEM768 CurveID(65074) CurveP256] connIndex=0 event=0 ip=2606:4700:a8::1
2026-08-08T23:19:00Z ERR failed to run the datagram handler error="context canceled" connIndex=0 event=0 ip=2606:4700:a8::1
2026-08-08T23:19:00Z ERR failed to serve tunnel connection error="control stream encountered a failure while serving" connIndex=0 event=0 ip=2606:4700:a8::1
2026-08-08T23:19:00Z ERR Serve tunnel error error="control stream encountered a failure while serving" connIndex=0 event=0 ip=2606:4700:a8::1
2026-08-08T23:19:00Z INF Retrying connection in up to 1m4s connIndex=0 event=0 ip=2606:4700:a8::1
2026-08-08T23:19:30Z INF Tunnel connection curve preferences: [X25519MLKEM768 CurveID(65074) CurveP256] connIndex=0 event=0 ip=2606:4700:a8::1
2026-08-08T23:19:30Z ERR failed to run the datagram handler error="context canceled" connIndex=0 event=0 ip=2606:4700:a8::1
2026-08-08T23:19:30Z ERR failed to serve tunnel connection error="control stream encountered a failure while serving" connIndex=0 event=0 ip=2606:4700:a8::1
2026-08-08T23:19:30Z ERR Serve tunnel error error="control stream encountered a failure while serving" connIndex=0 event=0 ip=2606:4700:a8::1
2026-08-08T23:19:30Z INF Retrying connection in up to 1m4s connIndex=0 event=0 ip=2606:4700:a8::1
2026-08-08T23:19:50Z INF Tunnel connection curve preferences: [X25519MLKEM768 CurveID(65074) CurveP256] connIndex=0 event=0 ip=2606:4700:a8::1
2026-08-08T23:19:50Z ERR failed to run the datagram handler error="context canceled" connIndex=0 event=0 ip=2606:4700:a8::1
2026-08-08T23:19:50Z ERR failed to serve tunnel connection error="control stream encountered a failure while serving" connIndex=0 event=0 ip=2606:4700:a8::1
2026-08-08T23:19:50Z ERR Serve tunnel error error="control stream encountered a failure while serving" connIndex=0 event=0 ip=2606:4700:a8::1
2026-08-08T23:19:50Z INF Retrying connection in up to 1m4s connIndex=0 event=0 ip=2606:4700:a8::1
2026-08-08T23:19:55Z INF Tunnel connection curve preferences: [X25519MLKEM768 CurveID(65074) CurveP256] connIndex=0 event=0 ip=2606:4700:a8::1
2026-08-08T23:19:56Z ERR failed to run the datagram handler error="context canceled" connIndex=0 event=0 ip=2606:4700:a8::1
2026-08-08T23:19:56Z ERR failed to serve tunnel connection error="control stream encountered a failure while serving" connIndex=0 event=0 ip=2606:4700:a8::1
2026-08-08T23:19:56Z ERR Serve tunnel error error="control stream encountered a failure while serving" connIndex=0 event=0 ip=2606:4700:a8::1
2026-08-08T23:19:56Z INF Retrying connection in up to 1m4s connIndex=0 event=0 ip=2606:4700:a8::1
2026-08-08T23:20:22Z INF Tunnel connection curve preferences: [X25519MLKEM768 CurveID(65074) CurveP256] connIndex=0 event=0 ip=2606:4700:a8::1
2026-08-08T23:20:22Z ERR failed to run the datagram handler error="context canceled" connIndex=0 event=0 ip=2606:4700:a8::1
2026-08-08T23:20:22Z ERR failed to serve tunnel connection error="control stream encountered a failure while serving" connIndex=0 event=0 ip=2606:4700:a8::1
2026-08-08T23:20:22Z ERR Serve tunnel error error="control stream encountered a failure while serving" connIndex=0 event=0 ip=2606:4700:a8::1
2026-08-08T23:20:22Z INF Retrying connection in up to 1m4s connIndex=0 event=0 ip=2606:4700:a8::1
2026-08-08T23:20:35Z INF Tunnel connection curve preferences: [X25519MLKEM768 CurveID(65074) CurveP256] connIndex=0 event=0 ip=2606:4700:a8::1
2026-08-08T23:20:35Z ERR failed to run the datagram handler error="context canceled" connIndex=0 event=0 ip=2606:4700:a8::1
2026-08-08T23:20:35Z ERR failed to serve tunnel connection error="control stream encountered a failure while serving" connIndex=0 event=0 ip=2606:4700:a8::1
2026-08-08T23:20:35Z ERR Serve tunnel error error="control stream encountered a failure while serving" connIndex=0 event=0 ip=2606:4700:a8::1
2026-08-08T23:20:35Z INF Retrying connection in up to 1m4s connIndex=0 event=0 ip=2606:4700:a8::1
2026-08-08T23:21:02Z INF Tunnel connection curve preferences: [X25519MLKEM768 CurveID(65074) CurveP256] connIndex=0 event=0 ip=2606:4700:a8::1
2026-08-08T23:21:02Z ERR failed to run the datagram handler error="context canceled" connIndex=0 event=0 ip=2606:4700:a8::1
2026-08-08T23:21:02Z ERR failed to serve tunnel connection error="control stream encountered a failure while serving" connIndex=0 event=0 ip=2606:4700:a8::1
2026-08-08T23:21:02Z ERR Serve tunnel error error="control stream encountered a failure while serving" connIndex=0 event=0 ip=2606:4700:a8::1
2026-08-08T23:21:02Z INF Retrying connection in up to 1m4s connIndex=0 event=0 ip=2606:4700:a8::1
2026-08-08T23:21:26Z INF Tunnel connection curve preferences: [X25519MLKEM768 CurveID(65074) CurveP256] connIndex=0 event=0 ip=2606:4700:a8::1
2026-08-08T23:21:26Z ERR failed to run the datagram handler error="context canceled" connIndex=0 event=0 ip=2606:4700:a8::1
2026-08-08T23:21:26Z ERR failed to serve tunnel connection error="control stream encountered a failure while serving" connIndex=0 event=0 ip=2606:4700:a8::1
2026-08-08T23:21:26Z ERR Serve tunnel error error="control stream encountered a failure while serving" connIndex=0 event=0 ip=2606:4700:a8::1
2026-08-08T23:21:26Z INF Retrying connection in up to 1m4s connIndex=0 event=0 ip=2606:4700:a8::1
2026-08-08T23:21:46Z INF Tunnel connection curve preferences: [X25519MLKEM768 CurveID(65074) CurveP256] connIndex=0 event=0 ip=2606:4700:a8::1
2026-08-08T23:21:46Z ERR failed to run the datagram handler error="context canceled" connIndex=0 event=0 ip=2606:4700:a8::1
2026-08-08T23:21:46Z ERR failed to serve tunnel connection error="control stream encountered a failure while serving" connIndex=0 event=0 ip=2606:4700:a8::1
2026-08-08T23:21:46Z ERR Serve tunnel error error="control stream encountered a failure while serving" connIndex=0 event=0 ip=2606:4700:a8::1
2026-08-08T23:21:46Z INF Retrying connection in up to 1m4s connIndex=0 event=0 ip=2606:4700:a8::1
2026-08-08T23:21:49Z INF Tunnel connection curve preferences: [X25519MLKEM768 CurveID(65074) CurveP256] connIndex=0 event=0 ip=2606:4700:a8::1
2026-08-08T23:21:49Z ERR failed to run the datagram handler error="context canceled" connIndex=0 event=0 ip=2606:4700:a8::1
2026-08-08T23:21:49Z ERR failed to serve tunnel connection error="control stream encountered a failure while serving" connIndex=0 event=0 ip=2606:4700:a8::1
2026-08-08T23:21:49Z ERR Serve tunnel error error="control stream encountered a failure while serving" connIndex=0 event=0 ip=2606:4700:a8::1
2026-08-08T23:21:49Z INF Retrying connection in up to 1m4s connIndex=0 event=0 ip=2606:4700:a8::1
2026-08-08T23:21:55Z INF Tunnel connection curve preferences: [X25519MLKEM768 CurveID(65074) CurveP256] connIndex=0 event=0 ip=2606:4700:a8::1
2026-08-08T23:21:55Z ERR failed to run the datagram handler error="context canceled" connIndex=0 event=0 ip=2606:4700:a8::1
2026-08-08T23:21:55Z ERR failed to serve tunnel connection error="control stream encountered a failure while serving" connIndex=0 event=0 ip=2606:4700:a8::1
2026-08-08T23:21:55Z ERR Serve tunnel error error="control stream encountered a failure while serving" connIndex=0 event=0 ip=2606:4700:a8::1
2026-08-08T23:21:55Z INF Retrying connection in up to 1m4s connIndex=0 event=0 ip=2606:4700:a8::1
2026-08-08T23:22:11Z INF Tunnel connection curve preferences: [X25519MLKEM768 CurveID(65074) CurveP256] connIndex=0 event=0 ip=2606:4700:a8::1
2026-08-08T23:22:11Z ERR failed to run the datagram handler error="context canceled" connIndex=0 event=0 ip=2606:4700:a8::1
2026-08-08T23:22:11Z ERR failed to serve tunnel connection error="control stream encountered a failure while serving" connIndex=0 event=0 ip=2606:4700:a8::1
2026-08-08T23:22:11Z ERR Serve tunnel error error="control stream encountered a failure while serving" connIndex=0 event=0 ip=2606:4700:a8::1
2026-08-08T23:22:11Z INF Retrying connection in up to 1m4s connIndex=0 event=0 ip=2606:4700:a8::1
2026-08-08T23:22:42Z INF Tunnel connection curve preferences: [X25519MLKEM768 CurveID(65074) CurveP256] connIndex=0 event=0 ip=2606:4700:a8::1
2026-08-08T23:22:42Z ERR failed to run the datagram handler error="context canceled" connIndex=0 event=0 ip=2606:4700:a8::1
2026-08-08T23:22:42Z ERR failed to serve tunnel connection error="control stream encountered a failure while serving" connIndex=0 event=0 ip=2606:4700:a8::1
2026-08-08T23:22:42Z ERR Serve tunnel error error="control stream encountered a failure while serving" connIndex=0 event=0 ip=2606:4700:a8::1
2026-08-08T23:22:42Z INF Retrying connection in up to 1m4s connIndex=0 event=0 ip=2606:4700:a8::1
2026-08-08T23:22:51Z INF Tunnel connection curve preferences: [X25519MLKEM768 CurveID(65074) CurveP256] connIndex=0 event=0 ip=2606:4700:a8::1
2026-08-08T23:22:51Z ERR failed to run the datagram handler error="context canceled" connIndex=0 event=0 ip=2606:4700:a8::1
2026-08-08T23:22:51Z ERR failed to serve tunnel connection error="control stream encountered a failure while serving" connIndex=0 event=0 ip=2606:4700:a8::1
2026-08-08T23:22:51Z ERR Serve tunnel error error="control stream encountered a failure while serving" connIndex=0 event=0 ip=2606:4700:a8::1
2026-08-08T23:22:51Z INF Retrying connection in up to 1m4s connIndex=0 event=0 ip=2606:4700:a8::1
2026-08-08T23:23:22Z INF Tunnel connection curve preferences: [X25519MLKEM768 CurveID(65074) CurveP256] connIndex=0 event=0 ip=2606:4700:a8::1
2026-08-08T23:23:22Z ERR failed to run the datagram handler error="context canceled" connIndex=0 event=0 ip=2606:4700:a8::1
2026-08-08T23:23:22Z ERR failed to serve tunnel connection error="control stream encountered a failure while serving" connIndex=0 event=0 ip=2606:4700:a8::1
2026-08-08T23:23:22Z ERR Serve tunnel error error="control stream encountered a failure while serving" connIndex=0 event=0 ip=2606:4700:a8::1
2026-08-08T23:23:22Z INF Retrying connection in up to 1m4s connIndex=0 event=0 ip=2606:4700:a8::1
2026-08-08T23:23:45Z INF Tunnel connection curve preferences: [X25519MLKEM768 CurveID(65074) CurveP256] connIndex=0 event=0 ip=2606:4700:a8::1
2026-08-08T23:23:45Z ERR failed to run the datagram handler error="context canceled" connIndex=0 event=0 ip=2606:4700:a8::1
2026-08-08T23:23:45Z ERR failed to serve tunnel connection error="control stream encountered a failure while serving" connIndex=0 event=0 ip=2606:4700:a8::1
2026-08-08T23:23:45Z ERR Serve tunnel error error="control stream encountered a failure while serving" connIndex=0 event=0 ip=2606:4700:a8::1
2026-08-08T23:23:45Z INF Retrying connection in up to 1m4s connIndex=0 event=0 ip=2606:4700:a8::1
2026-08-08T23:24:01Z INF Tunnel connection curve preferences: [X25519MLKEM768 CurveID(65074) CurveP256] connIndex=0 event=0 ip=2606:4700:a8::1
2026-08-08T23:24:01Z ERR failed to run the datagram handler error="context canceled" connIndex=0 event=0 ip=2606:4700:a8::1
2026-08-08T23:24:01Z ERR failed to serve tunnel connection error="control stream encountered a failure while serving" connIndex=0 event=0 ip=2606:4700:a8::1
2026-08-08T23:24:01Z ERR Serve tunnel error error="control stream encountered a failure while serving" connIndex=0 event=0 ip=2606:4700:a8::1
2026-08-08T23:24:01Z INF Retrying connection in up to 1m4s connIndex=0 event=0 ip=2606:4700:a8::1
2026-08-08T23:24:20Z INF Tunnel connection curve preferences: [X25519MLKEM768 CurveID(65074) CurveP256] connIndex=0 event=0 ip=2606:4700:a8::1
2026-08-08T23:24:20Z ERR failed to run the datagram handler error="context canceled" connIndex=0 event=0 ip=2606:4700:a8::1
2026-08-08T23:24:20Z ERR failed to serve tunnel connection error="control stream encountered a failure while serving" connIndex=0 event=0 ip=2606:4700:a8::1
2026-08-08T23:24:20Z ERR Serve tunnel error error="control stream encountered a failure while serving" connIndex=0 event=0 ip=2606:4700:a8::1
2026-08-08T23:24:20Z INF Retrying connection in up to 1m4s connIndex=0 event=0 ip=2606:4700:a8::1
2026-08-08T23:24:21Z INF Tunnel connection curve preferences: [X25519MLKEM768 CurveID(65074) CurveP256] connIndex=0 event=0 ip=2606:4700:a8::1
2026-08-08T23:24:21Z ERR failed to run the datagram handler error="context canceled" connIndex=0 event=0 ip=2606:4700:a8::1
2026-08-08T23:24:21Z ERR failed to serve tunnel connection error="control stream encountered a failure while serving" connIndex=0 event=0 ip=2606:4700:a8::1
2026-08-08T23:24:21Z ERR Serve tunnel error error="control stream encountered a failure while serving" connIndex=0 event=0 ip=2606:4700:a8::1
2026-08-08T23:24:21Z INF Retrying connection in up to 1m4s connIndex=0 event=0 ip=2606:4700:a8::1
2026-08-08T23:24:31Z INF Tunnel connection curve preferences: [X25519MLKEM768 CurveID(65074) CurveP256] connIndex=0 event=0 ip=2606:4700:a8::1
2026-08-08T23:24:31Z ERR failed to run the datagram handler error="context canceled" connIndex=0 event=0 ip=2606:4700:a8::1
2026-08-08T23:24:31Z ERR failed to serve tunnel connection error="control stream encountered a failure while serving" connIndex=0 event=0 ip=2606:4700:a8::1
2026-08-08T23:24:31Z ERR Serve tunnel error error="control stream encountered a failure while serving" connIndex=0 event=0 ip=2606:4700:a8::1
2026-08-08T23:24:31Z INF Retrying connection in up to 1m4s connIndex=0 event=0 ip=2606:4700:a8::1
2026-08-08T23:24:56Z INF Tunnel connection curve preferences: [X25519MLKEM768 CurveID(65074) CurveP256] connIndex=0 event=0 ip=2606:4700:a8::1
2026-08-08T23:24:56Z ERR failed to run the datagram handler error="context canceled" connIndex=0 event=0 ip=2606:4700:a8::1
2026-08-08T23:24:56Z ERR failed to serve tunnel connection error="control stream encountered a failure while serving" connIndex=0 event=0 ip=2606:4700:a8::1
2026-08-08T23:24:56Z ERR Serve tunnel error error="control stream encountered a failure while serving" connIndex=0 event=0 ip=2606:4700:a8::1
2026-08-08T23:24:56Z INF Retrying connection in up to 1m4s connIndex=0 event=0 ip=2606:4700:a8::1
2026-08-08T23:25:03Z INF Tunnel connection curve preferences: [X25519MLKEM768 CurveID(65074) CurveP256] connIndex=0 event=0 ip=2606:4700:a8::1
2026-08-08T23:25:03Z ERR failed to run the datagram handler error="context canceled" connIndex=0 event=0 ip=2606:4700:a8::1
2026-08-08T23:25:03Z ERR failed to serve tunnel connection error="control stream encountered a failure while serving" connIndex=0 event=0 ip=2606:4700:a8::1
2026-08-08T23:25:03Z ERR Serve tunnel error error="control stream encountered a failure while serving" connIndex=0 event=0 ip=2606:4700:a8::1
2026-08-08T23:25:03Z INF Retrying connection in up to 1m4s connIndex=0 event=0 ip=2606:4700:a8::1
2026-08-08T23:25:05Z INF Tunnel connection curve preferences: [X25519MLKEM768 CurveID(65074) CurveP256] connIndex=0 event=0 ip=2606:4700:a8::1
2026-08-08T23:25:05Z ERR failed to run the datagram handler error="context canceled" connIndex=0 event=0 ip=2606:4700:a8::1
2026-08-08T23:25:05Z ERR failed to serve tunnel connection error="control stream encountered a failure while serving" connIndex=0 event=0 ip=2606:4700:a8::1
2026-08-08T23:25:05Z ERR Serve tunnel error error="control stream encountered a failure while serving" connIndex=0 event=0 ip=2606:4700:a8::1
2026-08-08T23:25:05Z INF Retrying connection in up to 1m4s connIndex=0 event=0 ip=2606:4700:a8::1
2026-08-08T23:25:19Z INF Tunnel connection curve preferences: [X25519MLKEM768 CurveID(65074) CurveP256] connIndex=0 event=0 ip=2606:4700:a8::1
2026-08-08T23:25:19Z ERR failed to run the datagram handler error="context canceled" connIndex=0 event=0 ip=2606:4700:a8::1
2026-08-08T23:25:19Z ERR failed to serve tunnel connection error="control stream encountered a failure while serving" connIndex=0 event=0 ip=2606:4700:a8::1
2026-08-08T23:25:19Z ERR Serve tunnel error error="control stream encountered a failure while serving" connIndex=0 event=0 ip=2606:4700:a8::1
2026-08-08T23:25:19Z INF Retrying connection in up to 1m4s connIndex=0 event=0 ip=2606:4700:a8::1
2026-08-08T23:25:46Z INF Tunnel connection curve preferences: [X25519MLKEM768 CurveID(65074) CurveP256] connIndex=0 event=0 ip=2606:4700:a8::1
2026-08-08T23:25:46Z ERR failed to run the datagram handler error="context canceled" connIndex=0 event=0 ip=2606:4700:a8::1
2026-08-08T23:25:46Z ERR failed to serve tunnel connection error="control stream encountered a failure while serving" connIndex=0 event=0 ip=2606:4700:a8::1
2026-08-08T23:25:46Z ERR Serve tunnel error error="control stream encountered a failure while serving" connIndex=0 event=0 ip=2606:4700:a8::1
2026-08-08T23:25:46Z INF Retrying connection in up to 1m4s connIndex=0 event=0 ip=2606:4700:a8::1
2026-08-08T23:26:06Z INF Tunnel connection curve preferences: [X25519MLKEM768 CurveID(65074) CurveP256] connIndex=0 event=0 ip=2606:4700:a8::1
2026-08-08T23:26:06Z ERR failed to run the datagram handler error="context canceled" connIndex=0 event=0 ip=2606:4700:a8::1
2026-08-08T23:26:06Z ERR failed to serve tunnel connection error="control stream encountered a failure while serving" connIndex=0 event=0 ip=2606:4700:a8::1
2026-08-08T23:26:06Z ERR Serve tunnel error error="control stream encountered a failure while serving" connIndex=0 event=0 ip=2606:4700:a8::1
2026-08-08T23:26:06Z INF Retrying connection in up to 1m4s connIndex=0 event=0 ip=2606:4700:a8::1
2026-08-08T23:26:21Z INF Tunnel connection curve preferences: [X25519MLKEM768 CurveID(65074) CurveP256] connIndex=0 event=0 ip=2606:4700:a8::1
2026-08-08T23:26:21Z ERR failed to run the datagram handler error="context canceled" connIndex=0 event=0 ip=2606:4700:a8::1
2026-08-08T23:26:21Z ERR failed to serve tunnel connection error="control stream encountered a failure while serving" connIndex=0 event=0 ip=2606:4700:a8::1
2026-08-08T23:26:21Z ERR Serve tunnel error error="control stream encountered a failure while serving" connIndex=0 event=0 ip=2606:4700:a8::1
2026-08-08T23:26:21Z INF Retrying connection in up to 1m4s connIndex=0 event=0 ip=2606:4700:a8::1
2026-08-08T23:26:41Z INF Tunnel connection curve preferences: [X25519MLKEM768 CurveID(65074) CurveP256] connIndex=0 event=0 ip=2606:4700:a8::1
2026-08-08T23:26:41Z ERR failed to run the datagram handler error="context canceled" connIndex=0 event=0 ip=2606:4700:a8::1
2026-08-08T23:26:41Z ERR failed to serve tunnel connection error="control stream encountered a failure while serving" connIndex=0 event=0 ip=2606:4700:a8::1
2026-08-08T23:26:41Z ERR Serve tunnel error error="control stream encountered a failure while serving" connIndex=0 event=0 ip=2606:4700:a8::1
2026-08-08T23:26:41Z INF Retrying connection in up to 1m4s connIndex=0 event=0 ip=2606:4700:a8::1
2026-08-08T23:27:01Z INF Tunnel connection curve preferences: [X25519MLKEM768 CurveID(65074) CurveP256] connIndex=0 event=0 ip=2606:4700:a8::1
2026-08-08T23:27:01Z ERR failed to run the datagram handler error="context canceled" connIndex=0 event=0 ip=2606:4700:a8::1
2026-08-08T23:27:01Z ERR failed to serve tunnel connection error="control stream encountered a failure while serving" connIndex=0 event=0 ip=2606:4700:a8::1
2026-08-08T23:27:01Z ERR Serve tunnel error error="control stream encountered a failure while serving" connIndex=0 event=0 ip=2606:4700:a8::1
2026-08-08T23:27:01Z INF Retrying connection in up to 1m4s connIndex=0 event=0 ip=2606:4700:a8::1
2026-08-08T23:27:26Z INF Tunnel connection curve preferences: [X25519MLKEM768 CurveID(65074) CurveP256] connIndex=0 event=0 ip=2606:4700:a8::1
2026-08-08T23:27:26Z ERR failed to run the datagram handler error="context canceled" connIndex=0 event=0 ip=2606:4700:a8::1
2026-08-08T23:27:26Z ERR failed to serve tunnel connection error="control stream encountered a failure while serving" connIndex=0 event=0 ip=2606:4700:a8::1
2026-08-08T23:27:26Z ERR Serve tunnel error error="control stream encountered a failure while serving" connIndex=0 event=0 ip=2606:4700:a8::1
2026-08-08T23:27:26Z INF Retrying connection in up to 1m4s connIndex=0 event=0 ip=2606:4700:a8::1
2026-08-08T23:27:57Z INF Tunnel connection curve preferences: [X25519MLKEM768 CurveID(65074) CurveP256] connIndex=0 event=0 ip=2606:4700:a8::1
2026-08-08T23:27:57Z ERR failed to run the datagram handler error="context canceled" connIndex=0 event=0 ip=2606:4700:a8::1
2026-08-08T23:27:57Z ERR failed to serve tunnel connection error="control stream encountered a failure while serving" connIndex=0 event=0 ip=2606:4700:a8::1
2026-08-08T23:27:57Z ERR Serve tunnel error error="control stream encountered a failure while serving" connIndex=0 event=0 ip=2606:4700:a8::1
2026-08-08T23:27:57Z INF Retrying connection in up to 1m4s connIndex=0 event=0 ip=2606:4700:a8::1
2026-08-08T23:28:11Z INF Tunnel connection curve preferences: [X25519MLKEM768 CurveID(65074) CurveP256] connIndex=0 event=0 ip=2606:4700:a8::1
2026-08-08T23:28:11Z ERR failed to run the datagram handler error="context canceled" connIndex=0 event=0 ip=2606:4700:a8::1
2026-08-08T23:28:11Z ERR failed to serve tunnel connection error="control stream encountered a failure while serving" connIndex=0 event=0 ip=2606:4700:a8::1
2026-08-08T23:28:11Z ERR Serve tunnel error error="control stream encountered a failure while serving" connIndex=0 event=0 ip=2606:4700:a8::1
2026-08-08T23:28:11Z INF Retrying connection in up to 1m4s connIndex=0 event=0 ip=2606:4700:a8::1
2026-08-08T23:28:15Z INF Tunnel connection curve preferences: [X25519MLKEM768 CurveID(65074) CurveP256] connIndex=0 event=0 ip=2606:4700:a8::1
2026-08-08T23:28:15Z ERR failed to run the datagram handler error="context canceled" connIndex=0 event=0 ip=2606:4700:a8::1
2026-08-08T23:28:15Z ERR failed to serve tunnel connection error="control stream encountered a failure while serving" connIndex=0 event=0 ip=2606:4700:a8::1
2026-08-08T23:28:15Z ERR Serve tunnel error error="control stream encountered a failure while serving" connIndex=0 event=0 ip=2606:4700:a8::1
2026-08-08T23:28:15Z INF Retrying connection in up to 1m4s connIndex=0 event=0 ip=2606:4700:a8::1
2026-08-08T23:28:45Z INF Tunnel connection curve preferences: [X25519MLKEM768 CurveID(65074) CurveP256] connIndex=0 event=0 ip=2606:4700:a8::1
2026-08-08T23:28:45Z ERR failed to run the datagram handler error="context canceled" connIndex=0 event=0 ip=2606:4700:a8::1
2026-08-08T23:28:45Z ERR failed to serve tunnel connection error="control stream encountered a failure while serving" connIndex=0 event=0 ip=2606:4700:a8::1
2026-08-08T23:28:45Z ERR Serve tunnel error error="control stream encountered a failure while serving" connIndex=0 event=0 ip=2606:4700:a8::1
2026-08-08T23:28:45Z INF Retrying connection in up to 1m4s connIndex=0 event=0 ip=2606:4700:a8::1
2026-08-08T23:29:10Z INF Tunnel connection curve preferences: [X25519MLKEM768 CurveID(65074) CurveP256] connIndex=0 event=0 ip=2606:4700:a8::1
2026-08-08T23:29:10Z ERR failed to run the datagram handler error="context canceled" connIndex=0 event=0 ip=2606:4700:a8::1
2026-08-08T23:29:10Z ERR failed to serve tunnel connection error="control stream encountered a failure while serving" connIndex=0 event=0 ip=2606:4700:a8::1
2026-08-08T23:29:10Z ERR Serve tunnel error error="control stream encountered a failure while serving" connIndex=0 event=0 ip=2606:4700:a8::1
2026-08-08T23:29:10Z INF Retrying connection in up to 1m4s connIndex=0 event=0 ip=2606:4700:a8::1
2026-08-08T23:29:38Z INF Tunnel connection curve preferences: [X25519MLKEM768 CurveID(65074) CurveP256] connIndex=0 event=0 ip=2606:4700:a8::1
2026-08-08T23:29:38Z ERR failed to run the datagram handler error="context canceled" connIndex=0 event=0 ip=2606:4700:a8::1
2026-08-08T23:29:38Z ERR failed to serve tunnel connection error="control stream encountered a failure while serving" connIndex=0 event=0 ip=2606:4700:a8::1
2026-08-08T23:29:38Z ERR Serve tunnel error error="control stream encountered a failure while serving" connIndex=0 event=0 ip=2606:4700:a8::1
2026-08-08T23:29:38Z INF Retrying connection in up to 1m4s connIndex=0 event=0 ip=2606:4700:a8::1
2026-08-08T23:29:45Z INF Tunnel connection curve preferences: [X25519MLKEM768 CurveID(65074) CurveP256] connIndex=0 event=0 ip=2606:4700:a8::1
2026-08-08T23:29:45Z ERR failed to run the datagram handler error="context canceled" connIndex=0 event=0 ip=2606:4700:a8::1
2026-08-08T23:29:45Z ERR failed to serve tunnel connection error="control stream encountered a failure while serving" connIndex=0 event=0 ip=2606:4700:a8::1
2026-08-08T23:29:45Z ERR Serve tunnel error error="control stream encountered a failure while serving" connIndex=0 event=0 ip=2606:4700:a8::1
2026-08-08T23:29:45Z INF Retrying connection in up to 1m4s connIndex=0 event=0 ip=2606:4700:a8::1
2026-08-08T23:30:02Z INF Tunnel connection curve preferences: [X25519MLKEM768 CurveID(65074) CurveP256] connIndex=0 event=0 ip=2606:4700:a8::1
2026-08-08T23:30:02Z ERR failed to run the datagram handler error="context canceled" connIndex=0 event=0 ip=2606:4700:a8::1
2026-08-08T23:30:02Z ERR failed to serve tunnel connection error="control stream encountered a failure while serving" connIndex=0 event=0 ip=2606:4700:a8::1
2026-08-08T23:30:02Z ERR Serve tunnel error error="control stream encountered a failure while serving" connIndex=0 event=0 ip=2606:4700:a8::1
2026-08-08T23:30:02Z INF Retrying connection in up to 1m4s connIndex=0 event=0 ip=2606:4700:a8::1
2026-08-08T23:30:13Z INF Tunnel connection curve preferences: [X25519MLKEM768 CurveID(65074) CurveP256] connIndex=0 event=0 ip=2606:4700:a8::1
2026-08-08T23:30:13Z ERR failed to run the datagram handler error="context canceled" connIndex=0 event=0 ip=2606:4700:a8::1
2026-08-08T23:30:13Z ERR failed to serve tunnel connection error="control stream encountered a failure while serving" connIndex=0 event=0 ip=2606:4700:a8::1
2026-08-08T23:30:13Z ERR Serve tunnel error error="control stream encountered a failure while serving" connIndex=0 event=0 ip=2606:4700:a8::1
2026-08-08T23:30:13Z INF Retrying connection in up to 1m4s connIndex=0 event=0 ip=2606:4700:a8::1
2026-08-08T23:30:15Z INF Tunnel connection curve preferences: [X25519MLKEM768 CurveID(65074) CurveP256] connIndex=0 event=0 ip=2606:4700:a8::1
2026-08-08T23:30:15Z ERR failed to run the datagram handler error="context canceled" connIndex=0 event=0 ip=2606:4700:a8::1
2026-08-08T23:30:15Z ERR failed to serve tunnel connection error="control stream encountered a failure while serving" connIndex=0 event=0 ip=2606:4700:a8::1
2026-08-08T23:30:15Z ERR Serve tunnel error error="control stream encountered a failure while serving" connIndex=0 event=0 ip=2606:4700:a8::1
2026-08-08T23:30:15Z INF Retrying connection in up to 1m4s connIndex=0 event=0 ip=2606:4700:a8::1
2026-08-08T23:30:24Z INF Tunnel connection curve preferences: [X25519MLKEM768 CurveID(65074) CurveP256] connIndex=0 event=0 ip=2606:4700:a8::1
2026-08-08T23:30:24Z ERR failed to run the datagram handler error="context canceled" connIndex=0 event=0 ip=2606:4700:a8::1
2026-08-08T23:30:24Z ERR failed to serve tunnel connection error="control stream encountered a failure while serving" connIndex=0 event=0 ip=2606:4700:a8::1
2026-08-08T23:30:24Z ERR Serve tunnel error error="control stream encountered a failure while serving" connIndex=0 event=0 ip=2606:4700:a8::1
2026-08-08T23:30:24Z INF Retrying connection in up to 1m4s connIndex=0 event=0 ip=2606:4700:a8::1
2026-08-08T23:30:37Z INF Tunnel connection curve preferences: [X25519MLKEM768 CurveID(65074) CurveP256] connIndex=0 event=0 ip=2606:4700:a8::1
2026-08-08T23:30:37Z ERR failed to run the datagram handler error="context canceled" connIndex=0 event=0 ip=2606:4700:a8::1
2026-08-08T23:30:37Z ERR failed to serve tunnel connection error="control stream encountered a failure while serving" connIndex=0 event=0 ip=2606:4700:a8::1
2026-08-08T23:30:37Z ERR Serve tunnel error error="control stream encountered a failure while serving" connIndex=0 event=0 ip=2606:4700:a8::1
2026-08-08T23:30:37Z INF Retrying connection in up to 1m4s connIndex=0 event=0 ip=2606:4700:a8::1
2026-08-08T23:30:38Z INF Tunnel connection curve preferences: [X25519MLKEM768 CurveID(65074) CurveP256] connIndex=0 event=0 ip=2606:4700:a8::1
2026-08-08T23:30:38Z ERR failed to run the datagram handler error="context canceled" connIndex=0 event=0 ip=2606:4700:a8::1
2026-08-08T23:30:38Z ERR failed to serve tunnel connection error="control stream encountered a failure while serving" connIndex=0 event=0 ip=2606:4700:a8::1
2026-08-08T23:30:38Z ERR Serve tunnel error error="control stream encountered a failure while serving" connIndex=0 event=0 ip=2606:4700:a8::1
2026-08-08T23:30:38Z INF Retrying connection in up to 1m4s connIndex=0 event=0 ip=2606:4700:a8::1
2026-08-08T23:31:07Z INF Tunnel connection curve preferences: [X25519MLKEM768 CurveID(65074) CurveP256] connIndex=0 event=0 ip=2606:4700:a8::1
2026-08-08T23:31:07Z ERR failed to run the datagram handler error="context canceled" connIndex=0 event=0 ip=2606:4700:a8::1
2026-08-08T23:31:07Z ERR failed to serve tunnel connection error="control stream encountered a failure while serving" connIndex=0 event=0 ip=2606:4700:a8::1
2026-08-08T23:31:07Z ERR Serve tunnel error error="control stream encountered a failure while serving" connIndex=0 event=0 ip=2606:4700:a8::1
2026-08-08T23:31:07Z INF Retrying connection in up to 1m4s connIndex=0 event=0 ip=2606:4700:a8::1
2026-08-08T23:31:18Z INF Tunnel connection curve preferences: [X25519MLKEM768 CurveID(65074) CurveP256] connIndex=0 event=0 ip=2606:4700:a8::1
2026-08-08T23:31:18Z ERR failed to run the datagram handler error="context canceled" connIndex=0 event=0 ip=2606:4700:a8::1
2026-08-08T23:31:18Z ERR failed to serve tunnel connection error="control stream encountered a failure while serving" connIndex=0 event=0 ip=2606:4700:a8::1
2026-08-08T23:31:18Z ERR Serve tunnel error error="control stream encountered a failure while serving" connIndex=0 event=0 ip=2606:4700:a8::1
2026-08-08T23:31:18Z INF Retrying connection in up to 1m4s connIndex=0 event=0 ip=2606:4700:a8::1
2026-08-08T23:31:43Z INF Tunnel connection curve preferences: [X25519MLKEM768 CurveID(65074) CurveP256] connIndex=0 event=0 ip=2606:4700:a8::1
2026-08-08T23:31:43Z ERR failed to run the datagram handler error="context canceled" connIndex=0 event=0 ip=2606:4700:a8::1
2026-08-08T23:31:43Z ERR failed to serve tunnel connection error="control stream encountered a failure while serving" connIndex=0 event=0 ip=2606:4700:a8::1
2026-08-08T23:31:43Z ERR Serve tunnel error error="control stream encountered a failure while serving" connIndex=0 event=0 ip=2606:4700:a8::1
2026-08-08T23:31:43Z INF Retrying connection in up to 1m4s connIndex=0 event=0 ip=2606:4700:a8::1
2026-08-08T23:31:45Z INF Tunnel connection curve preferences: [X25519MLKEM768 CurveID(65074) CurveP256] connIndex=0 event=0 ip=2606:4700:a8::1
2026-08-08T23:31:45Z ERR failed to run the datagram handler error="context canceled" connIndex=0 event=0 ip=2606:4700:a8::1
2026-08-08T23:31:45Z ERR failed to serve tunnel connection error="control stream encountered a failure while serving" connIndex=0 event=0 ip=2606:4700:a8::1
2026-08-08T23:31:45Z ERR Serve tunnel error error="control stream encountered a failure while serving" connIndex=0 event=0 ip=2606:4700:a8::1
2026-08-08T23:31:45Z INF Retrying connection in up to 1m4s connIndex=0 event=0 ip=2606:4700:a8::1
2026-08-08T23:32:02Z INF Tunnel connection curve preferences: [X25519MLKEM768 CurveID(65074) CurveP256] connIndex=0 event=0 ip=2606:4700:a8::1
2026-08-08T23:32:02Z ERR failed to run the datagram handler error="context canceled" connIndex=0 event=0 ip=2606:4700:a8::1
2026-08-08T23:32:02Z ERR failed to serve tunnel connection error="control stream encountered a failure while serving" connIndex=0 event=0 ip=2606:4700:a8::1
2026-08-08T23:32:02Z ERR Serve tunnel error error="control stream encountered a failure while serving" connIndex=0 event=0 ip=2606:4700:a8::1
2026-08-08T23:32:02Z INF Retrying connection in up to 1m4s connIndex=0 event=0 ip=2606:4700:a8::1
2026-08-08T23:32:15Z INF Tunnel connection curve preferences: [X25519MLKEM768 CurveID(65074) CurveP256] connIndex=0 event=0 ip=2606:4700:a8::1
2026-08-08T23:32:16Z ERR failed to run the datagram handler error="context canceled" connIndex=0 event=0 ip=2606:4700:a8::1
2026-08-08T23:32:16Z ERR failed to serve tunnel connection error="control stream encountered a failure while serving" connIndex=0 event=0 ip=2606:4700:a8::1
2026-08-08T23:32:16Z ERR Serve tunnel error error="control stream encountered a failure while serving" connIndex=0 event=0 ip=2606:4700:a8::1
2026-08-08T23:32:16Z INF Retrying connection in up to 1m4s connIndex=0 event=0 ip=2606:4700:a8::1
2026-08-08T23:32:31Z INF Tunnel connection curve preferences: [X25519MLKEM768 CurveID(65074) CurveP256] connIndex=0 event=0 ip=2606:4700:a8::1
2026-08-08T23:32:31Z ERR failed to run the datagram handler error="context canceled" connIndex=0 event=0 ip=2606:4700:a8::1
2026-08-08T23:32:31Z ERR failed to serve tunnel connection error="control stream encountered a failure while serving" connIndex=0 event=0 ip=2606:4700:a8::1
2026-08-08T23:32:31Z ERR Serve tunnel error error="control stream encountered a failure while serving" connIndex=0 event=0 ip=2606:4700:a8::1
2026-08-08T23:32:31Z INF Retrying connection in up to 1m4s connIndex=0 event=0 ip=2606:4700:a8::1
2026-08-08T23:32:35Z INF Tunnel connection curve preferences: [X25519MLKEM768 CurveID(65074) CurveP256] connIndex=0 event=0 ip=2606:4700:a8::1
2026-08-08T23:32:35Z ERR failed to run the datagram handler error="context canceled" connIndex=0 event=0 ip=2606:4700:a8::1
2026-08-08T23:32:35Z ERR failed to serve tunnel connection error="control stream encountered a failure while serving" connIndex=0 event=0 ip=2606:4700:a8::1
2026-08-08T23:32:35Z ERR Serve tunnel error error="control stream encountered a failure while serving" connIndex=0 event=0 ip=2606:4700:a8::1
2026-08-08T23:32:35Z INF Retrying connection in up to 1m4s connIndex=0 event=0 ip=2606:4700:a8::1
2026-08-08T23:32:55Z INF Tunnel connection curve preferences: [X25519MLKEM768 CurveID(65074) CurveP256] connIndex=0 event=0 ip=2606:4700:a8::1
2026-08-08T23:32:55Z ERR failed to run the datagram handler error="context canceled" connIndex=0 event=0 ip=2606:4700:a8::1
2026-08-08T23:32:55Z ERR failed to serve tunnel connection error="control stream encountered a failure while serving" connIndex=0 event=0 ip=2606:4700:a8::1
2026-08-08T23:32:55Z ERR Serve tunnel error error="control stream encountered a failure while serving" connIndex=0 event=0 ip=2606:4700:a8::1
2026-08-08T23:32:55Z INF Retrying connection in up to 1m4s connIndex=0 event=0 ip=2606:4700:a8::1
2026-08-08T23:33:26Z INF Tunnel connection curve preferences: [X25519MLKEM768 CurveID(65074) CurveP256] connIndex=0 event=0 ip=2606:4700:a8::1
2026-08-08T23:33:26Z ERR failed to run the datagram handler error="context canceled" connIndex=0 event=0 ip=2606:4700:a8::1
2026-08-08T23:33:26Z ERR failed to serve tunnel connection error="control stream encountered a failure while serving" connIndex=0 event=0 ip=2606:4700:a8::1
2026-08-08T23:33:26Z ERR Serve tunnel error error="control stream encountered a failure while serving" connIndex=0 event=0 ip=2606:4700:a8::1
2026-08-08T23:33:26Z INF Retrying connection in up to 1m4s connIndex=0 event=0 ip=2606:4700:a8::1
2026-08-08T23:33:34Z INF Tunnel connection curve preferences: [X25519MLKEM768 CurveID(65074) CurveP256] connIndex=0 event=0 ip=2606:4700:a8::1
2026-08-08T23:33:34Z ERR failed to run the datagram handler error="context canceled" connIndex=0 event=0 ip=2606:4700:a8::1
2026-08-08T23:33:34Z ERR failed to serve tunnel connection error="control stream encountered a failure while serving" connIndex=0 event=0 ip=2606:4700:a8::1
2026-08-08T23:33:34Z ERR Serve tunnel error error="control stream encountered a failure while serving" connIndex=0 event=0 ip=2606:4700:a8::1
2026-08-08T23:33:34Z INF Retrying connection in up to 1m4s connIndex=0 event=0 ip=2606:4700:a8::1
2026-08-08T23:33:41Z INF Tunnel connection curve preferences: [X25519MLKEM768 CurveID(65074) CurveP256] connIndex=0 event=0 ip=2606:4700:a8::1
2026-08-08T23:33:41Z ERR failed to run the datagram handler error="context canceled" connIndex=0 event=0 ip=2606:4700:a8::1
2026-08-08T23:33:41Z ERR failed to serve tunnel connection error="control stream encountered a failure while serving" connIndex=0 event=0 ip=2606:4700:a8::1
2026-08-08T23:33:41Z ERR Serve tunnel error error="control stream encountered a failure while serving" connIndex=0 event=0 ip=2606:4700:a8::1
2026-08-08T23:33:41Z INF Retrying connection in up to 1m4s connIndex=0 event=0 ip=2606:4700:a8::1
2026-08-08T23:34:02Z INF Tunnel connection curve preferences: [X25519MLKEM768 CurveID(65074) CurveP256] connIndex=0 event=0 ip=2606:4700:a8::1
2026-08-08T23:34:02Z ERR failed to run the datagram handler error="context canceled" connIndex=0 event=0 ip=2606:4700:a8::1
2026-08-08T23:34:02Z ERR failed to serve tunnel connection error="control stream encountered a failure while serving" connIndex=0 event=0 ip=2606:4700:a8::1
2026-08-08T23:34:02Z ERR Serve tunnel error error="control stream encountered a failure while serving" connIndex=0 event=0 ip=2606:4700:a8::1
2026-08-08T23:34:02Z INF Retrying connection in up to 1m4s connIndex=0 event=0 ip=2606:4700:a8::1
2026-08-08T23:34:34Z INF Tunnel connection curve preferences: [X25519MLKEM768 CurveID(65074) CurveP256] connIndex=0 event=0 ip=2606:4700:a8::1
2026-08-08T23:34:34Z ERR failed to run the datagram handler error="context canceled" connIndex=0 event=0 ip=2606:4700:a8::1
2026-08-08T23:34:34Z ERR failed to serve tunnel connection error="control stream encountered a failure while serving" connIndex=0 event=0 ip=2606:4700:a8::1
2026-08-08T23:34:34Z ERR Serve tunnel error error="control stream encountered a failure while serving" connIndex=0 event=0 ip=2606:4700:a8::1
2026-08-08T23:34:34Z INF Retrying connection in up to 1m4s connIndex=0 event=0 ip=2606:4700:a8::1
2026-08-08T23:34:39Z INF Tunnel connection curve preferences: [X25519MLKEM768 CurveID(65074) CurveP256] connIndex=0 event=0 ip=2606:4700:a8::1
2026-08-08T23:34:39Z ERR failed to run the datagram handler error="context canceled" connIndex=0 event=0 ip=2606:4700:a8::1
2026-08-08T23:34:39Z ERR failed to serve tunnel connection error="control stream encountered a failure while serving" connIndex=0 event=0 ip=2606:4700:a8::1
2026-08-08T23:34:39Z ERR Serve tunnel error error="control stream encountered a failure while serving" connIndex=0 event=0 ip=2606:4700:a8::1
2026-08-08T23:34:39Z INF Retrying connection in up to 1m4s connIndex=0 event=0 ip=2606:4700:a8::1
2026-08-08T23:34:46Z INF Tunnel connection curve preferences: [X25519MLKEM768 CurveID(65074) CurveP256] connIndex=0 event=0 ip=2606:4700:a8::1
2026-08-08T23:34:46Z ERR failed to run the datagram handler error="context canceled" connIndex=0 event=0 ip=2606:4700:a8::1
2026-08-08T23:34:46Z ERR failed to serve tunnel connection error="control stream encountered a failure while serving" connIndex=0 event=0 ip=2606:4700:a8::1
2026-08-08T23:34:46Z ERR Serve tunnel error error="control stream encountered a failure while serving" connIndex=0 event=0 ip=2606:4700:a8::1
2026-08-08T23:34:46Z INF Retrying connection in up to 1m4s connIndex=0 event=0 ip=2606:4700:a8::1
2026-08-08T23:35:08Z INF Tunnel connection curve preferences: [X25519MLKEM768 CurveID(65074) CurveP256] connIndex=0 event=0 ip=2606:4700:a8::1
2026-08-08T23:35:08Z ERR failed to run the datagram handler error="context canceled" connIndex=0 event=0 ip=2606:4700:a8::1
2026-08-08T23:35:08Z ERR failed to serve tunnel connection error="control stream encountered a failure while serving" connIndex=0 event=0 ip=2606:4700:a8::1
2026-08-08T23:35:08Z ERR Serve tunnel error error="control stream encountered a failure while serving" connIndex=0 event=0 ip=2606:4700:a8::1
2026-08-08T23:35:08Z INF Retrying connection in up to 1m4s connIndex=0 event=0 ip=2606:4700:a8::1
2026-08-08T23:35:10Z INF Tunnel connection curve preferences: [X25519MLKEM768 CurveID(65074) CurveP256] connIndex=0 event=0 ip=2606:4700:a8::1
2026-08-08T23:35:10Z ERR failed to run the datagram handler error="context canceled" connIndex=0 event=0 ip=2606:4700:a8::1
2026-08-08T23:35:10Z ERR failed to serve tunnel connection error="control stream encountered a failure while serving" connIndex=0 event=0 ip=2606:4700:a8::1
2026-08-08T23:35:10Z ERR Serve tunnel error error="control stream encountered a failure while serving" connIndex=0 event=0 ip=2606:4700:a8::1
2026-08-08T23:35:10Z INF Retrying connection in up to 1m4s connIndex=0 event=0 ip=2606:4700:a8::1
2026-08-08T23:35:23Z INF Tunnel connection curve preferences: [X25519MLKEM768 CurveID(65074) CurveP256] connIndex=0 event=0 ip=2606:4700:a8::1
2026-08-08T23:35:23Z ERR failed to run the datagram handler error="context canceled" connIndex=0 event=0 ip=2606:4700:a8::1
2026-08-08T23:35:23Z ERR failed to serve tunnel connection error="control stream encountered a failure while serving" connIndex=0 event=0 ip=2606:4700:a8::1
2026-08-08T23:35:23Z ERR Serve tunnel error error="control stream encountered a failure while serving" connIndex=0 event=0 ip=2606:4700:a8::1
2026-08-08T23:35:23Z INF Retrying connection in up to 1m4s connIndex=0 event=0 ip=2606:4700:a8::1
2026-08-08T23:35:51Z INF Tunnel connection curve preferences: [X25519MLKEM768 CurveID(65074) CurveP256] connIndex=0 event=0 ip=2606:4700:a8::1
2026-08-08T23:35:51Z ERR failed to run the datagram handler error="context canceled" connIndex=0 event=0 ip=2606:4700:a8::1
2026-08-08T23:35:51Z ERR failed to serve tunnel connection error="control stream encountered a failure while serving" connIndex=0 event=0 ip=2606:4700:a8::1
2026-08-08T23:35:51Z ERR Serve tunnel error error="control stream encountered a failure while serving" connIndex=0 event=0 ip=2606:4700:a8::1
2026-08-08T23:35:51Z INF Retrying connection in up to 1m4s connIndex=0 event=0 ip=2606:4700:a8::1
2026-08-08T23:35:55Z INF Tunnel connection curve preferences: [X25519MLKEM768 CurveID(65074) CurveP256] connIndex=0 event=0 ip=2606:4700:a8::1
2026-08-08T23:35:55Z ERR failed to run the datagram handler error="context canceled" connIndex=0 event=0 ip=2606:4700:a8::1
2026-08-08T23:35:55Z ERR failed to serve tunnel connection error="control stream encountered a failure while serving" connIndex=0 event=0 ip=2606:4700:a8::1
2026-08-08T23:35:55Z ERR Serve tunnel error error="control stream encountered a failure while serving" connIndex=0 event=0 ip=2606:4700:a8::1
2026-08-08T23:35:55Z INF Retrying connection in up to 1m4s connIndex=0 event=0 ip=2606:4700:a8::1
2026-08-08T23:35:59Z INF Tunnel connection curve preferences: [X25519MLKEM768 CurveID(65074) CurveP256] connIndex=0 event=0 ip=2606:4700:a8::1
2026-08-08T23:35:59Z ERR failed to run the datagram handler error="context canceled" connIndex=0 event=0 ip=2606:4700:a8::1
2026-08-08T23:35:59Z ERR failed to serve tunnel connection error="control stream encountered a failure while serving" connIndex=0 event=0 ip=2606:4700:a8::1
2026-08-08T23:35:59Z ERR Serve tunnel error error="control stream encountered a failure while serving" connIndex=0 event=0 ip=2606:4700:a8::1
2026-08-08T23:35:59Z INF Retrying connection in up to 1m4s connIndex=0 event=0 ip=2606:4700:a8::1
2026-08-08T23:36:30Z INF Tunnel connection curve preferences: [X25519MLKEM768 CurveID(65074) CurveP256] connIndex=0 event=0 ip=2606:4700:a8::1
2026-08-08T23:36:30Z ERR failed to run the datagram handler error="context canceled" connIndex=0 event=0 ip=2606:4700:a8::1
2026-08-08T23:36:30Z ERR failed to serve tunnel connection error="control stream encountered a failure while serving" connIndex=0 event=0 ip=2606:4700:a8::1
2026-08-08T23:36:30Z ERR Serve tunnel error error="control stream encountered a failure while serving" connIndex=0 event=0 ip=2606:4700:a8::1
2026-08-08T23:36:30Z INF Retrying connection in up to 1m4s connIndex=0 event=0 ip=2606:4700:a8::1
2026-08-08T23:36:38Z INF Tunnel connection curve preferences: [X25519MLKEM768 CurveID(65074) CurveP256] connIndex=0 event=0 ip=2606:4700:a8::1
2026-08-08T23:36:38Z ERR failed to run the datagram handler error="context canceled" connIndex=0 event=0 ip=2606:4700:a8::1
2026-08-08T23:36:38Z ERR failed to serve tunnel connection error="control stream encountered a failure while serving" connIndex=0 event=0 ip=2606:4700:a8::1
2026-08-08T23:36:38Z ERR Serve tunnel error error="control stream encountered a failure while serving" connIndex=0 event=0 ip=2606:4700:a8::1
2026-08-08T23:36:38Z INF Retrying connection in up to 1m4s connIndex=0 event=0 ip=2606:4700:a8::1
2026-08-08T23:36:45Z INF Tunnel connection curve preferences: [X25519MLKEM768 CurveID(65074) CurveP256] connIndex=0 event=0 ip=2606:4700:a8::1
2026-08-08T23:36:45Z ERR failed to run the datagram handler error="context canceled" connIndex=0 event=0 ip=2606:4700:a8::1
2026-08-08T23:36:45Z ERR failed to serve tunnel connection error="control stream encountered a failure while serving" connIndex=0 event=0 ip=2606:4700:a8::1
2026-08-08T23:36:45Z ERR Serve tunnel error error="control stream encountered a failure while serving" connIndex=0 event=0 ip=2606:4700:a8::1
2026-08-08T23:36:45Z INF Retrying connection in up to 1m4s connIndex=0 event=0 ip=2606:4700:a8::1
2026-08-08T23:36:51Z INF Tunnel connection curve preferences: [X25519MLKEM768 CurveID(65074) CurveP256] connIndex=0 event=0 ip=2606:4700:a8::1
2026-08-08T23:36:51Z ERR failed to run the datagram handler error="context canceled" connIndex=0 event=0 ip=2606:4700:a8::1
2026-08-08T23:36:51Z ERR failed to serve tunnel connection error="control stream encountered a failure while serving" connIndex=0 event=0 ip=2606:4700:a8::1
2026-08-08T23:36:51Z ERR Serve tunnel error error="control stream encountered a failure while serving" connIndex=0 event=0 ip=2606:4700:a8::1
2026-08-08T23:36:51Z INF Retrying connection in up to 1m4s connIndex=0 event=0 ip=2606:4700:a8::1
2026-08-08T23:37:03Z INF Tunnel connection curve preferences: [X25519MLKEM768 CurveID(65074) CurveP256] connIndex=0 event=0 ip=2606:4700:a8::1
2026-08-08T23:37:03Z ERR failed to run the datagram handler error="context canceled" connIndex=0 event=0 ip=2606:4700:a8::1
2026-08-08T23:37:03Z ERR failed to serve tunnel connection error="control stream encountered a failure while serving" connIndex=0 event=0 ip=2606:4700:a8::1
2026-08-08T23:37:03Z ERR Serve tunnel error error="control stream encountered a failure while serving" connIndex=0 event=0 ip=2606:4700:a8::1
2026-08-08T23:37:03Z INF Retrying connection in up to 1m4s connIndex=0 event=0 ip=2606:4700:a8::1
2026-08-08T23:37:15Z INF Tunnel connection curve preferences: [X25519MLKEM768 CurveID(65074) CurveP256] connIndex=0 event=0 ip=2606:4700:a8::1
2026-08-08T23:37:15Z ERR failed to run the datagram handler error="context canceled" connIndex=0 event=0 ip=2606:4700:a8::1
2026-08-08T23:37:15Z ERR failed to serve tunnel connection error="control stream encountered a failure while serving" connIndex=0 event=0 ip=2606:4700:a8::1
2026-08-08T23:37:15Z ERR Serve tunnel error error="control stream encountered a failure while serving" connIndex=0 event=0 ip=2606:4700:a8::1
2026-08-08T23:37:15Z INF Retrying connection in up to 1m4s connIndex=0 event=0 ip=2606:4700:a8::1
2026-08-08T23:37:31Z INF Tunnel connection curve preferences: [X25519MLKEM768 CurveID(65074) CurveP256] connIndex=0 event=0 ip=2606:4700:a8::1
2026-08-08T23:37:31Z ERR failed to run the datagram handler error="context canceled" connIndex=0 event=0 ip=2606:4700:a8::1
2026-08-08T23:37:31Z ERR failed to serve tunnel connection error="control stream encountered a failure while serving" connIndex=0 event=0 ip=2606:4700:a8::1
2026-08-08T23:37:31Z ERR Serve tunnel error error="control stream encountered a failure while serving" connIndex=0 event=0 ip=2606:4700:a8::1
2026-08-08T23:37:31Z INF Retrying connection in up to 1m4s connIndex=0 event=0 ip=2606:4700:a8::1
2026-08-08T23:37:45Z INF Tunnel connection curve preferences: [X25519MLKEM768 CurveID(65074) CurveP256] connIndex=0 event=0 ip=2606:4700:a8::1
2026-08-08T23:37:45Z ERR failed to run the datagram handler error="context canceled" connIndex=0 event=0 ip=2606:4700:a8::1
2026-08-08T23:37:45Z ERR failed to serve tunnel connection error="control stream encountered a failure while serving" connIndex=0 event=0 ip=2606:4700:a8::1
2026-08-08T23:37:45Z ERR Serve tunnel error error="control stream encountered a failure while serving" connIndex=0 event=0 ip=2606:4700:a8::1
2026-08-08T23:37:45Z INF Retrying connection in up to 1m4s connIndex=0 event=0 ip=2606:4700:a8::1
2026-08-08T23:37:57Z INF Tunnel connection curve preferences: [X25519MLKEM768 CurveID(65074) CurveP256] connIndex=0 event=0 ip=2606:4700:a8::1
2026-08-08T23:37:57Z ERR failed to run the datagram handler error="context canceled" connIndex=0 event=0 ip=2606:4700:a8::1
2026-08-08T23:37:57Z ERR failed to serve tunnel connection error="control stream encountered a failure while serving" connIndex=0 event=0 ip=2606:4700:a8::1
2026-08-08T23:37:57Z ERR Serve tunnel error error="control stream encountered a failure while serving" connIndex=0 event=0 ip=2606:4700:a8::1
2026-08-08T23:37:57Z INF Retrying connection in up to 1m4s connIndex=0 event=0 ip=2606:4700:a8::1
2026-08-08T23:38:23Z INF Tunnel connection curve preferences: [X25519MLKEM768 CurveID(65074) CurveP256] connIndex=0 event=0 ip=2606:4700:a8::1
2026-08-08T23:38:23Z ERR failed to run the datagram handler error="context canceled" connIndex=0 event=0 ip=2606:4700:a8::1
2026-08-08T23:38:23Z ERR failed to serve tunnel connection error="control stream encountered a failure while serving" connIndex=0 event=0 ip=2606:4700:a8::1
2026-08-08T23:38:23Z ERR Serve tunnel error error="control stream encountered a failure while serving" connIndex=0 event=0 ip=2606:4700:a8::1
2026-08-08T23:38:23Z INF Retrying connection in up to 1m4s connIndex=0 event=0 ip=2606:4700:a8::1
2026-08-08T23:38:32Z INF Tunnel connection curve preferences: [X25519MLKEM768 CurveID(65074) CurveP256] connIndex=0 event=0 ip=2606:4700:a8::1
2026-08-08T23:38:32Z ERR failed to run the datagram handler error="context canceled" connIndex=0 event=0 ip=2606:4700:a8::1
2026-08-08T23:38:32Z ERR failed to serve tunnel connection error="control stream encountered a failure while serving" connIndex=0 event=0 ip=2606:4700:a8::1
2026-08-08T23:38:32Z ERR Serve tunnel error error="control stream encountered a failure while serving" connIndex=0 event=0 ip=2606:4700:a8::1
2026-08-08T23:38:32Z INF Retrying connection in up to 1m4s connIndex=0 event=0 ip=2606:4700:a8::1
2026-08-08T23:38:57Z INF Tunnel connection curve preferences: [X25519MLKEM768 CurveID(65074) CurveP256] connIndex=0 event=0 ip=2606:4700:a8::1
2026-08-08T23:38:57Z ERR failed to run the datagram handler error="context canceled" connIndex=0 event=0 ip=2606:4700:a8::1
2026-08-08T23:38:57Z ERR failed to serve tunnel connection error="control stream encountered a failure while serving" connIndex=0 event=0 ip=2606:4700:a8::1
2026-08-08T23:38:57Z ERR Serve tunnel error error="control stream encountered a failure while serving" connIndex=0 event=0 ip=2606:4700:a8::1
2026-08-08T23:38:57Z INF Retrying connection in up to 1m4s connIndex=0 event=0 ip=2606:4700:a8::1
2026-08-08T23:39:13Z INF Tunnel connection curve preferences: [X25519MLKEM768 CurveID(65074) CurveP256] connIndex=0 event=0 ip=2606:4700:a8::1
2026-08-08T23:39:13Z ERR failed to run the datagram handler error="context canceled" connIndex=0 event=0 ip=2606:4700:a8::1
2026-08-08T23:39:13Z ERR failed to serve tunnel connection error="control stream encountered a failure while serving" connIndex=0 event=0 ip=2606:4700:a8::1
2026-08-08T23:39:13Z ERR Serve tunnel error error="control stream encountered a failure while serving" connIndex=0 event=0 ip=2606:4700:a8::1
2026-08-08T23:39:13Z INF Retrying connection in up to 1m4s connIndex=0 event=0 ip=2606:4700:a8::1
2026-08-08T23:39:19Z INF Tunnel connection curve preferences: [X25519MLKEM768 CurveID(65074) CurveP256] connIndex=0 event=0 ip=2606:4700:a8::1
2026-08-08T23:39:19Z ERR failed to run the datagram handler error="context canceled" connIndex=0 event=0 ip=2606:4700:a8::1
2026-08-08T23:39:19Z ERR failed to serve tunnel connection error="control stream encountered a failure while serving" connIndex=0 event=0 ip=2606:4700:a8::1
2026-08-08T23:39:19Z ERR Serve tunnel error error="control stream encountered a failure while serving" connIndex=0 event=0 ip=2606:4700:a8::1
2026-08-08T23:39:19Z INF Retrying connection in up to 1m4s connIndex=0 event=0 ip=2606:4700:a8::1
2026-08-08T23:39:45Z INF Tunnel connection curve preferences: [X25519MLKEM768 CurveID(65074) CurveP256] connIndex=0 event=0 ip=2606:4700:a8::1
2026-08-08T23:39:45Z ERR failed to run the datagram handler error="context canceled" connIndex=0 event=0 ip=2606:4700:a8::1
2026-08-08T23:39:45Z ERR failed to serve tunnel connection error="control stream encountered a failure while serving" connIndex=0 event=0 ip=2606:4700:a8::1
2026-08-08T23:39:45Z ERR Serve tunnel error error="control stream encountered a failure while serving" connIndex=0 event=0 ip=2606:4700:a8::1
2026-08-08T23:39:45Z INF Retrying connection in up to 1m4s connIndex=0 event=0 ip=2606:4700:a8::1
2026-08-08T23:39:51Z INF Tunnel connection curve preferences: [X25519MLKEM768 CurveID(65074) CurveP256] connIndex=0 event=0 ip=2606:4700:a8::1
2026-08-08T23:39:51Z ERR failed to run the datagram handler error="context canceled" connIndex=0 event=0 ip=2606:4700:a8::1
2026-08-08T23:39:51Z ERR failed to serve tunnel connection error="control stream encountered a failure while serving" connIndex=0 event=0 ip=2606:4700:a8::1
2026-08-08T23:39:51Z ERR Serve tunnel error error="control stream encountered a failure while serving" connIndex=0 event=0 ip=2606:4700:a8::1
2026-08-08T23:39:51Z INF Retrying connection in up to 1m4s connIndex=0 event=0 ip=2606:4700:a8::1
2026-08-08T23:40:08Z INF Tunnel connection curve preferences: [X25519MLKEM768 CurveID(65074) CurveP256] connIndex=0 event=0 ip=2606:4700:a8::1
2026-08-08T23:40:08Z ERR failed to run the datagram handler error="context canceled" connIndex=0 event=0 ip=2606:4700:a8::1
2026-08-08T23:40:08Z ERR failed to serve tunnel connection error="control stream encountered a failure while serving" connIndex=0 event=0 ip=2606:4700:a8::1
2026-08-08T23:40:08Z ERR Serve tunnel error error="control stream encountered a failure while serving" connIndex=0 event=0 ip=2606:4700:a8::1
2026-08-08T23:40:08Z INF Retrying connection in up to 1m4s connIndex=0 event=0 ip=2606:4700:a8::1
2026-08-08T23:40:33Z INF Tunnel connection curve preferences: [X25519MLKEM768 CurveID(65074) CurveP256] connIndex=0 event=0 ip=2606:4700:a8::1
2026-08-08T23:40:33Z ERR failed to run the datagram handler error="context canceled" connIndex=0 event=0 ip=2606:4700:a8::1
2026-08-08T23:40:33Z ERR failed to serve tunnel connection error="control stream encountered a failure while serving" connIndex=0 event=0 ip=2606:4700:a8::1
2026-08-08T23:40:33Z ERR Serve tunnel error error="control stream encountered a failure while serving" connIndex=0 event=0 ip=2606:4700:a8::1
2026-08-08T23:40:33Z INF Retrying connection in up to 1m4s connIndex=0 event=0 ip=2606:4700:a8::1
2026-08-08T23:40:49Z INF Tunnel connection curve preferences: [X25519MLKEM768 CurveID(65074) CurveP256] connIndex=0 event=0 ip=2606:4700:a8::1
2026-08-08T23:40:49Z ERR failed to run the datagram handler error="context canceled" connIndex=0 event=0 ip=2606:4700:a8::1
2026-08-08T23:40:49Z ERR failed to serve tunnel connection error="control stream encountered a failure while serving" connIndex=0 event=0 ip=2606:4700:a8::1
2026-08-08T23:40:49Z ERR Serve tunnel error error="control stream encountered a failure while serving" connIndex=0 event=0 ip=2606:4700:a8::1
2026-08-08T23:40:49Z INF Retrying connection in up to 1m4s connIndex=0 event=0 ip=2606:4700:a8::1
2026-08-08T23:41:01Z INF Tunnel connection curve preferences: [X25519MLKEM768 CurveID(65074) CurveP256] connIndex=0 event=0 ip=2606:4700:a8::1
2026-08-08T23:41:02Z ERR failed to run the datagram handler error="context canceled" connIndex=0 event=0 ip=2606:4700:a8::1
2026-08-08T23:41:02Z ERR failed to serve tunnel connection error="control stream encountered a failure while serving" connIndex=0 event=0 ip=2606:4700:a8::1
2026-08-08T23:41:02Z ERR Serve tunnel error error="control stream encountered a failure while serving" connIndex=0 event=0 ip=2606:4700:a8::1
2026-08-08T23:41:02Z INF Retrying connection in up to 1m4s connIndex=0 event=0 ip=2606:4700:a8::1
2026-08-08T23:41:18Z INF Tunnel connection curve preferences: [X25519MLKEM768 CurveID(65074) CurveP256] connIndex=0 event=0 ip=2606:4700:a8::1
2026-08-08T23:41:18Z ERR failed to run the datagram handler error="context canceled" connIndex=0 event=0 ip=2606:4700:a8::1
2026-08-08T23:41:18Z ERR failed to serve tunnel connection error="control stream encountered a failure while serving" connIndex=0 event=0 ip=2606:4700:a8::1
2026-08-08T23:41:18Z ERR Serve tunnel error error="control stream encountered a failure while serving" connIndex=0 event=0 ip=2606:4700:a8::1
2026-08-08T23:41:18Z INF Retrying connection in up to 1m4s connIndex=0 event=0 ip=2606:4700:a8::1
2026-08-08T23:41:30Z INF Tunnel connection curve preferences: [X25519MLKEM768 CurveID(65074) CurveP256] connIndex=0 event=0 ip=2606:4700:a8::1
2026-08-08T23:41:30Z ERR failed to run the datagram handler error="context canceled" connIndex=0 event=0 ip=2606:4700:a8::1
2026-08-08T23:41:30Z ERR failed to serve tunnel connection error="control stream encountered a failure while serving" connIndex=0 event=0 ip=2606:4700:a8::1
2026-08-08T23:41:30Z ERR Serve tunnel error error="control stream encountered a failure while serving" connIndex=0 event=0 ip=2606:4700:a8::1
2026-08-08T23:41:30Z INF Retrying connection in up to 1m4s connIndex=0 event=0 ip=2606:4700:a8::1
2026-08-08T23:42:01Z INF Tunnel connection curve preferences: [X25519MLKEM768 CurveID(65074) CurveP256] connIndex=0 event=0 ip=2606:4700:a8::1
2026-08-08T23:42:01Z ERR failed to run the datagram handler error="context canceled" connIndex=0 event=0 ip=2606:4700:a8::1
2026-08-08T23:42:01Z ERR failed to serve tunnel connection error="control stream encountered a failure while serving" connIndex=0 event=0 ip=2606:4700:a8::1
2026-08-08T23:42:01Z ERR Serve tunnel error error="control stream encountered a failure while serving" connIndex=0 event=0 ip=2606:4700:a8::1
2026-08-08T23:42:01Z INF Retrying connection in up to 1m4s connIndex=0 event=0 ip=2606:4700:a8::1
2026-08-08T23:42:13Z INF Tunnel connection curve preferences: [X25519MLKEM768 CurveID(65074) CurveP256] connIndex=0 event=0 ip=2606:4700:a8::1
2026-08-08T23:42:13Z ERR failed to run the datagram handler error="context canceled" connIndex=0 event=0 ip=2606:4700:a8::1
2026-08-08T23:42:13Z ERR failed to serve tunnel connection error="control stream encountered a failure while serving" connIndex=0 event=0 ip=2606:4700:a8::1
2026-08-08T23:42:13Z ERR Serve tunnel error error="control stream encountered a failure while serving" connIndex=0 event=0 ip=2606:4700:a8::1
2026-08-08T23:42:13Z INF Retrying connection in up to 1m4s connIndex=0 event=0 ip=2606:4700:a8::1
2026-08-08T23:42:38Z INF Tunnel connection curve preferences: [X25519MLKEM768 CurveID(65074) CurveP256] connIndex=0 event=0 ip=2606:4700:a8::1
2026-08-08T23:42:38Z ERR failed to run the datagram handler error="context canceled" connIndex=0 event=0 ip=2606:4700:a8::1
2026-08-08T23:42:38Z ERR failed to serve tunnel connection error="control stream encountered a failure while serving" connIndex=0 event=0 ip=2606:4700:a8::1
2026-08-08T23:42:38Z ERR Serve tunnel error error="control stream encountered a failure while serving" connIndex=0 event=0 ip=2606:4700:a8::1
2026-08-08T23:42:38Z INF Retrying connection in up to 1m4s connIndex=0 event=0 ip=2606:4700:a8::1
2026-08-08T23:43:09Z INF Tunnel connection curve preferences: [X25519MLKEM768 CurveID(65074) CurveP256] connIndex=0 event=0 ip=2606:4700:a8::1
2026-08-08T23:43:09Z ERR failed to run the datagram handler error="context canceled" connIndex=0 event=0 ip=2606:4700:a8::1
2026-08-08T23:43:09Z ERR failed to serve tunnel connection error="control stream encountered a failure while serving" connIndex=0 event=0 ip=2606:4700:a8::1
2026-08-08T23:43:09Z ERR Serve tunnel error error="control stream encountered a failure while serving" connIndex=0 event=0 ip=2606:4700:a8::1
2026-08-08T23:43:09Z INF Retrying connection in up to 1m4s connIndex=0 event=0 ip=2606:4700:a8::1
2026-08-08T23:43:27Z INF Tunnel connection curve preferences: [X25519MLKEM768 CurveID(65074) CurveP256] connIndex=0 event=0 ip=2606:4700:a8::1
2026-08-08T23:43:27Z ERR failed to run the datagram handler error="context canceled" connIndex=0 event=0 ip=2606:4700:a8::1
2026-08-08T23:43:27Z ERR failed to serve tunnel connection error="control stream encountered a failure while serving" connIndex=0 event=0 ip=2606:4700:a8::1
2026-08-08T23:43:27Z ERR Serve tunnel error error="control stream encountered a failure while serving" connIndex=0 event=0 ip=2606:4700:a8::1
2026-08-08T23:43:27Z INF Retrying connection in up to 1m4s connIndex=0 event=0 ip=2606:4700:a8::1
2026-08-08T23:43:41Z INF Tunnel connection curve preferences: [X25519MLKEM768 CurveID(65074) CurveP256] connIndex=0 event=0 ip=2606:4700:a8::1
2026-08-08T23:43:41Z ERR failed to run the datagram handler error="context canceled" connIndex=0 event=0 ip=2606:4700:a8::1
2026-08-08T23:43:41Z ERR failed to serve tunnel connection error="control stream encountered a failure while serving" connIndex=0 event=0 ip=2606:4700:a8::1
2026-08-08T23:43:41Z ERR Serve tunnel error error="control stream encountered a failure while serving" connIndex=0 event=0 ip=2606:4700:a8::1
2026-08-08T23:43:41Z INF Retrying connection in up to 1m4s connIndex=0 event=0 ip=2606:4700:a8::1
2026-08-08T23:43:52Z INF Tunnel connection curve preferences: [X25519MLKEM768 CurveID(65074) CurveP256] connIndex=0 event=0 ip=2606:4700:a8::1
2026-08-08T23:43:52Z ERR failed to run the datagram handler error="context canceled" connIndex=0 event=0 ip=2606:4700:a8::1
2026-08-08T23:43:53Z ERR failed to serve tunnel connection error="control stream encountered a failure while serving" connIndex=0 event=0 ip=2606:4700:a8::1
2026-08-08T23:43:53Z ERR Serve tunnel error error="control stream encountered a failure while serving" connIndex=0 event=0 ip=2606:4700:a8::1
2026-08-08T23:43:53Z INF Retrying connection in up to 1m4s connIndex=0 event=0 ip=2606:4700:a8::1
2026-08-08T23:44:07Z INF Tunnel connection curve preferences: [X25519MLKEM768 CurveID(65074) CurveP256] connIndex=0 event=0 ip=2606:4700:a8::1
2026-08-08T23:44:07Z ERR failed to run the datagram handler error="context canceled" connIndex=0 event=0 ip=2606:4700:a8::1
2026-08-08T23:44:07Z ERR failed to serve tunnel connection error="control stream encountered a failure while serving" connIndex=0 event=0 ip=2606:4700:a8::1
2026-08-08T23:44:07Z ERR Serve tunnel error error="control stream encountered a failure while serving" connIndex=0 event=0 ip=2606:4700:a8::1
2026-08-08T23:44:07Z INF Retrying connection in up to 1m4s connIndex=0 event=0 ip=2606:4700:a8::1
2026-08-08T23:44:23Z INF Tunnel connection curve preferences: [X25519MLKEM768 CurveID(65074) CurveP256] connIndex=0 event=0 ip=2606:4700:a8::1
2026-08-08T23:44:23Z ERR failed to run the datagram handler error="context canceled" connIndex=0 event=0 ip=2606:4700:a8::1
2026-08-08T23:44:23Z ERR failed to serve tunnel connection error="control stream encountered a failure while serving" connIndex=0 event=0 ip=2606:4700:a8::1
2026-08-08T23:44:23Z ERR Serve tunnel error error="control stream encountered a failure while serving" connIndex=0 event=0 ip=2606:4700:a8::1
2026-08-08T23:44:23Z INF Retrying connection in up to 1m4s connIndex=0 event=0 ip=2606:4700:a8::1
2026-08-08T23:44:42Z INF Tunnel connection curve preferences: [X25519MLKEM768 CurveID(65074) CurveP256] connIndex=0 event=0 ip=2606:4700:a8::1
2026-08-08T23:44:42Z ERR failed to run the datagram handler error="context canceled" connIndex=0 event=0 ip=2606:4700:a8::1
2026-08-08T23:44:42Z ERR failed to serve tunnel connection error="control stream encountered a failure while serving" connIndex=0 event=0 ip=2606:4700:a8::1
2026-08-08T23:44:42Z ERR Serve tunnel error error="control stream encountered a failure while serving" connIndex=0 event=0 ip=2606:4700:a8::1
2026-08-08T23:44:42Z INF Retrying connection in up to 1m4s connIndex=0 event=0 ip=2606:4700:a8::1
2026-08-08T23:45:06Z INF Tunnel connection curve preferences: [X25519MLKEM768 CurveID(65074) CurveP256] connIndex=0 event=0 ip=2606:4700:a8::1
2026-08-08T23:45:06Z ERR failed to run the datagram handler error="context canceled" connIndex=0 event=0 ip=2606:4700:a8::1
2026-08-08T23:45:06Z ERR failed to serve tunnel connection error="control stream encountered a failure while serving" connIndex=0 event=0 ip=2606:4700:a8::1
2026-08-08T23:45:06Z ERR Serve tunnel error error="control stream encountered a failure while serving" connIndex=0 event=0 ip=2606:4700:a8::1
2026-08-08T23:45:06Z INF Retrying connection in up to 1m4s connIndex=0 event=0 ip=2606:4700:a8::1
2026-08-08T23:45:15Z INF Tunnel connection curve preferences: [X25519MLKEM768 CurveID(65074) CurveP256] connIndex=0 event=0 ip=2606:4700:a8::1
2026-08-08T23:45:15Z ERR failed to run the datagram handler error="context canceled" connIndex=0 event=0 ip=2606:4700:a8::1
2026-08-08T23:45:15Z ERR failed to serve tunnel connection error="control stream encountered a failure while serving" connIndex=0 event=0 ip=2606:4700:a8::1
2026-08-08T23:45:15Z ERR Serve tunnel error error="control stream encountered a failure while serving" connIndex=0 event=0 ip=2606:4700:a8::1
2026-08-08T23:45:15Z INF Retrying connection in up to 1m4s connIndex=0 event=0 ip=2606:4700:a8::1
2026-08-08T23:45:19Z INF Tunnel connection curve preferences: [X25519MLKEM768 CurveID(65074) CurveP256] connIndex=0 event=0 ip=2606:4700:a8::1
2026-08-08T23:45:19Z ERR failed to run the datagram handler error="context canceled" connIndex=0 event=0 ip=2606:4700:a8::1
2026-08-08T23:45:19Z ERR failed to serve tunnel connection error="control stream encountered a failure while serving" connIndex=0 event=0 ip=2606:4700:a8::1
2026-08-08T23:45:19Z ERR Serve tunnel error error="control stream encountered a failure while serving" connIndex=0 event=0 ip=2606:4700:a8::1
2026-08-08T23:45:19Z INF Retrying connection in up to 1m4s connIndex=0 event=0 ip=2606:4700:a8::1
2026-08-08T23:45:32Z INF Tunnel connection curve preferences: [X25519MLKEM768 CurveID(65074) CurveP256] connIndex=0 event=0 ip=2606:4700:a8::1
2026-08-08T23:45:32Z ERR failed to run the datagram handler error="context canceled" connIndex=0 event=0 ip=2606:4700:a8::1
2026-08-08T23:45:32Z ERR failed to serve tunnel connection error="control stream encountered a failure while serving" connIndex=0 event=0 ip=2606:4700:a8::1
2026-08-08T23:45:32Z ERR Serve tunnel error error="control stream encountered a failure while serving" connIndex=0 event=0 ip=2606:4700:a8::1
2026-08-08T23:45:32Z INF Retrying connection in up to 1m4s connIndex=0 event=0 ip=2606:4700:a8::1
2026-08-08T23:45:51Z INF Tunnel connection curve preferences: [X25519MLKEM768 CurveID(65074) CurveP256] connIndex=0 event=0 ip=2606:4700:a8::1
2026-08-08T23:45:51Z ERR failed to run the datagram handler error="context canceled" connIndex=0 event=0 ip=2606:4700:a8::1
2026-08-08T23:45:51Z ERR failed to serve tunnel connection error="control stream encountered a failure while serving" connIndex=0 event=0 ip=2606:4700:a8::1
2026-08-08T23:45:51Z ERR Serve tunnel error error="control stream encountered a failure while serving" connIndex=0 event=0 ip=2606:4700:a8::1
2026-08-08T23:45:51Z INF Retrying connection in up to 1m4s connIndex=0 event=0 ip=2606:4700:a8::1
2026-08-08T23:45:53Z INF Tunnel connection curve preferences: [X25519MLKEM768 CurveID(65074) CurveP256] connIndex=0 event=0 ip=2606:4700:a8::1
2026-08-08T23:45:53Z ERR failed to run the datagram handler error="context canceled" connIndex=0 event=0 ip=2606:4700:a8::1
2026-08-08T23:45:53Z ERR failed to serve tunnel connection error="control stream encountered a failure while serving" connIndex=0 event=0 ip=2606:4700:a8::1
2026-08-08T23:45:53Z ERR Serve tunnel error error="control stream encountered a failure while serving" connIndex=0 event=0 ip=2606:4700:a8::1
2026-08-08T23:45:53Z INF Retrying connection in up to 1m4s connIndex=0 event=0 ip=2606:4700:a8::1
2026-08-08T23:45:55Z INF Tunnel connection curve preferences: [X25519MLKEM768 CurveID(65074) CurveP256] connIndex=0 event=0 ip=2606:4700:a8::1
2026-08-08T23:45:55Z ERR failed to run the datagram handler error="context canceled" connIndex=0 event=0 ip=2606:4700:a8::1
2026-08-08T23:45:55Z ERR failed to serve tunnel connection error="control stream encountered a failure while serving" connIndex=0 event=0 ip=2606:4700:a8::1
2026-08-08T23:45:55Z ERR Serve tunnel error error="control stream encountered a failure while serving" connIndex=0 event=0 ip=2606:4700:a8::1
2026-08-08T23:45:55Z INF Retrying connection in up to 1m4s connIndex=0 event=0 ip=2606:4700:a8::1
2026-08-08T23:46:10Z INF Tunnel connection curve preferences: [X25519MLKEM768 CurveID(65074) CurveP256] connIndex=0 event=0 ip=2606:4700:a8::1
2026-08-08T23:46:10Z ERR failed to run the datagram handler error="context canceled" connIndex=0 event=0 ip=2606:4700:a8::1
2026-08-08T23:46:10Z ERR failed to serve tunnel connection error="control stream encountered a failure while serving" connIndex=0 event=0 ip=2606:4700:a8::1
2026-08-08T23:46:10Z ERR Serve tunnel error error="control stream encountered a failure while serving" connIndex=0 event=0 ip=2606:4700:a8::1
2026-08-08T23:46:10Z INF Retrying connection in up to 1m4s connIndex=0 event=0 ip=2606:4700:a8::1
2026-08-08T23:46:33Z INF Tunnel connection curve preferences: [X25519MLKEM768 CurveID(65074) CurveP256] connIndex=0 event=0 ip=2606:4700:a8::1
2026-08-08T23:46:33Z ERR failed to run the datagram handler error="context canceled" connIndex=0 event=0 ip=2606:4700:a8::1
2026-08-08T23:46:33Z ERR failed to serve tunnel connection error="control stream encountered a failure while serving" connIndex=0 event=0 ip=2606:4700:a8::1
2026-08-08T23:46:33Z ERR Serve tunnel error error="control stream encountered a failure while serving" connIndex=0 event=0 ip=2606:4700:a8::1
2026-08-08T23:46:33Z INF Retrying connection in up to 1m4s connIndex=0 event=0 ip=2606:4700:a8::1
2026-08-08T23:46:46Z INF Tunnel connection curve preferences: [X25519MLKEM768 CurveID(65074) CurveP256] connIndex=0 event=0 ip=2606:4700:a8::1
2026-08-08T23:46:46Z ERR failed to run the datagram handler error="context canceled" connIndex=0 event=0 ip=2606:4700:a8::1
2026-08-08T23:46:46Z ERR failed to serve tunnel connection error="control stream encountered a failure while serving" connIndex=0 event=0 ip=2606:4700:a8::1
2026-08-08T23:46:46Z ERR Serve tunnel error error="control stream encountered a failure while serving" connIndex=0 event=0 ip=2606:4700:a8::1
2026-08-08T23:46:46Z INF Retrying connection in up to 1m4s connIndex=0 event=0 ip=2606:4700:a8::1
2026-08-08T23:46:51Z INF Tunnel connection curve preferences: [X25519MLKEM768 CurveID(65074) CurveP256] connIndex=0 event=0 ip=2606:4700:a8::1
2026-08-08T23:46:51Z ERR failed to run the datagram handler error="context canceled" connIndex=0 event=0 ip=2606:4700:a8::1
2026-08-08T23:46:51Z ERR failed to serve tunnel connection error="control stream encountered a failure while serving" connIndex=0 event=0 ip=2606:4700:a8::1
2026-08-08T23:46:51Z ERR Serve tunnel error error="control stream encountered a failure while serving" connIndex=0 event=0 ip=2606:4700:a8::1
2026-08-08T23:46:51Z INF Retrying connection in up to 1m4s connIndex=0 event=0 ip=2606:4700:a8::1
2026-08-08T23:47:05Z INF Tunnel connection curve preferences: [X25519MLKEM768 CurveID(65074) CurveP256] connIndex=0 event=0 ip=2606:4700:a8::1
2026-08-08T23:47:05Z ERR failed to run the datagram handler error="context canceled" connIndex=0 event=0 ip=2606:4700:a8::1
2026-08-08T23:47:05Z ERR failed to serve tunnel connection error="control stream encountered a failure while serving" connIndex=0 event=0 ip=2606:4700:a8::1
2026-08-08T23:47:05Z ERR Serve tunnel error error="control stream encountered a failure while serving" connIndex=0 event=0 ip=2606:4700:a8::1
2026-08-08T23:47:05Z INF Retrying connection in up to 1m4s connIndex=0 event=0 ip=2606:4700:a8::1
2026-08-08T23:47:06Z INF Tunnel connection curve preferences: [X25519MLKEM768 CurveID(65074) CurveP256] connIndex=0 event=0 ip=2606:4700:a8::1
2026-08-08T23:47:06Z ERR failed to run the datagram handler error="context canceled" connIndex=0 event=0 ip=2606:4700:a8::1
2026-08-08T23:47:06Z ERR failed to serve tunnel connection error="control stream encountered a failure while serving" connIndex=0 event=0 ip=2606:4700:a8::1
2026-08-08T23:47:06Z ERR Serve tunnel error error="control stream encountered a failure while serving" connIndex=0 event=0 ip=2606:4700:a8::1
2026-08-08T23:47:06Z INF Retrying connection in up to 1m4s connIndex=0 event=0 ip=2606:4700:a8::1
2026-08-08T23:47:10Z INF Tunnel connection curve preferences: [X25519MLKEM768 CurveID(65074) CurveP256] connIndex=0 event=0 ip=2606:4700:a8::1
2026-08-08T23:47:10Z ERR failed to run the datagram handler error="context canceled" connIndex=0 event=0 ip=2606:4700:a8::1
2026-08-08T23:47:10Z ERR failed to serve tunnel connection error="control stream encountered a failure while serving" connIndex=0 event=0 ip=2606:4700:a8::1
2026-08-08T23:47:10Z ERR Serve tunnel error error="control stream encountered a failure while serving" connIndex=0 event=0 ip=2606:4700:a8::1
2026-08-08T23:47:10Z INF Retrying connection in up to 1m4s connIndex=0 event=0 ip=2606:4700:a8::1
2026-08-08T23:47:12Z INF Tunnel connection curve preferences: [X25519MLKEM768 CurveID(65074) CurveP256] connIndex=0 event=0 ip=2606:4700:a8::1
2026-08-08T23:47:12Z ERR failed to run the datagram handler error="context canceled" connIndex=0 event=0 ip=2606:4700:a8::1
2026-08-08T23:47:12Z ERR failed to serve tunnel connection error="control stream encountered a failure while serving" connIndex=0 event=0 ip=2606:4700:a8::1
2026-08-08T23:47:12Z ERR Serve tunnel error error="control stream encountered a failure while serving" connIndex=0 event=0 ip=2606:4700:a8::1
2026-08-08T23:47:12Z INF Retrying connection in up to 1m4s connIndex=0 event=0 ip=2606:4700:a8::1
2026-08-08T23:47:33Z INF Tunnel connection curve preferences: [X25519MLKEM768 CurveID(65074) CurveP256] connIndex=0 event=0 ip=2606:4700:a8::1
2026-08-08T23:47:34Z ERR failed to run the datagram handler error="context canceled" connIndex=0 event=0 ip=2606:4700:a8::1
2026-08-08T23:47:34Z ERR failed to serve tunnel connection error="control stream encountered a failure while serving" connIndex=0 event=0 ip=2606:4700:a8::1
2026-08-08T23:47:34Z ERR Serve tunnel error error="control stream encountered a failure while serving" connIndex=0 event=0 ip=2606:4700:a8::1
2026-08-08T23:47:34Z INF Retrying connection in up to 1m4s connIndex=0 event=0 ip=2606:4700:a8::1
2026-08-08T23:47:58Z INF Tunnel connection curve preferences: [X25519MLKEM768 CurveID(65074) CurveP256] connIndex=0 event=0 ip=2606:4700:a8::1
2026-08-08T23:47:58Z ERR failed to run the datagram handler error="context canceled" connIndex=0 event=0 ip=2606:4700:a8::1
2026-08-08T23:47:58Z ERR failed to serve tunnel connection error="control stream encountered a failure while serving" connIndex=0 event=0 ip=2606:4700:a8::1
2026-08-08T23:47:58Z ERR Serve tunnel error error="control stream encountered a failure while serving" connIndex=0 event=0 ip=2606:4700:a8::1
2026-08-08T23:47:58Z INF Retrying connection in up to 1m4s connIndex=0 event=0 ip=2606:4700:a8::1
2026-08-08T23:48:24Z INF Tunnel connection curve preferences: [X25519MLKEM768 CurveID(65074) CurveP256] connIndex=0 event=0 ip=2606:4700:a8::1
2026-08-08T23:48:24Z ERR failed to run the datagram handler error="context canceled" connIndex=0 event=0 ip=2606:4700:a8::1
2026-08-08T23:48:24Z ERR failed to serve tunnel connection error="control stream encountered a failure while serving" connIndex=0 event=0 ip=2606:4700:a8::1
2026-08-08T23:48:24Z ERR Serve tunnel error error="control stream encountered a failure while serving" connIndex=0 event=0 ip=2606:4700:a8::1
2026-08-08T23:48:24Z INF Retrying connection in up to 1m4s connIndex=0 event=0 ip=2606:4700:a8::1
2026-08-08T23:48:27Z INF Tunnel connection curve preferences: [X25519MLKEM768 CurveID(65074) CurveP256] connIndex=0 event=0 ip=2606:4700:a8::1
2026-08-08T23:48:27Z ERR failed to run the datagram handler error="context canceled" connIndex=0 event=0 ip=2606:4700:a8::1
2026-08-08T23:48:27Z ERR failed to serve tunnel connection error="control stream encountered a failure while serving" connIndex=0 event=0 ip=2606:4700:a8::1
2026-08-08T23:48:27Z ERR Serve tunnel error error="control stream encountered a failure while serving" connIndex=0 event=0 ip=2606:4700:a8::1
2026-08-08T23:48:27Z INF Retrying connection in up to 1m4s connIndex=0 event=0 ip=2606:4700:a8::1
2026-08-08T23:48:41Z INF Tunnel connection curve preferences: [X25519MLKEM768 CurveID(65074) CurveP256] connIndex=0 event=0 ip=2606:4700:a8::1
2026-08-08T23:48:41Z ERR failed to run the datagram handler error="context canceled" connIndex=0 event=0 ip=2606:4700:a8::1
2026-08-08T23:48:41Z ERR failed to serve tunnel connection error="control stream encountered a failure while serving" connIndex=0 event=0 ip=2606:4700:a8::1
2026-08-08T23:48:41Z ERR Serve tunnel error error="control stream encountered a failure while serving" connIndex=0 event=0 ip=2606:4700:a8::1
2026-08-08T23:48:41Z INF Retrying connection in up to 1m4s connIndex=0 event=0 ip=2606:4700:a8::1
2026-08-08T23:48:55Z INF Tunnel connection curve preferences: [X25519MLKEM768 CurveID(65074) CurveP256] connIndex=0 event=0 ip=2606:4700:a8::1
2026-08-08T23:48:55Z ERR failed to run the datagram handler error="context canceled" connIndex=0 event=0 ip=2606:4700:a8::1
2026-08-08T23:48:55Z ERR failed to serve tunnel connection error="control stream encountered a failure while serving" connIndex=0 event=0 ip=2606:4700:a8::1
2026-08-08T23:48:55Z ERR Serve tunnel error error="control stream encountered a failure while serving" connIndex=0 event=0 ip=2606:4700:a8::1
2026-08-08T23:48:55Z INF Retrying connection in up to 1m4s connIndex=0 event=0 ip=2606:4700:a8::1
2026-08-08T23:49:20Z INF Tunnel connection curve preferences: [X25519MLKEM768 CurveID(65074) CurveP256] connIndex=0 event=0 ip=2606:4700:a8::1
2026-08-08T23:49:20Z ERR failed to run the datagram handler error="context canceled" connIndex=0 event=0 ip=2606:4700:a8::1
2026-08-08T23:49:20Z ERR failed to serve tunnel connection error="control stream encountered a failure while serving" connIndex=0 event=0 ip=2606:4700:a8::1
2026-08-08T23:49:20Z ERR Serve tunnel error error="control stream encountered a failure while serving" connIndex=0 event=0 ip=2606:4700:a8::1
2026-08-08T23:49:20Z INF Retrying connection in up to 1m4s connIndex=0 event=0 ip=2606:4700:a8::1
2026-08-08T23:49:47Z INF Tunnel connection curve preferences: [X25519MLKEM768 CurveID(65074) CurveP256] connIndex=0 event=0 ip=2606:4700:a8::1
2026-08-08T23:49:47Z ERR failed to run the datagram handler error="context canceled" connIndex=0 event=0 ip=2606:4700:a8::1
2026-08-08T23:49:47Z ERR failed to serve tunnel connection error="control stream encountered a failure while serving" connIndex=0 event=0 ip=2606:4700:a8::1
2026-08-08T23:49:47Z ERR Serve tunnel error error="control stream encountered a failure while serving" connIndex=0 event=0 ip=2606:4700:a8::1
2026-08-08T23:49:47Z INF Retrying connection in up to 1m4s connIndex=0 event=0 ip=2606:4700:a8::1
2026-08-08T23:50:12Z INF Tunnel connection curve preferences: [X25519MLKEM768 CurveID(65074) CurveP256] connIndex=0 event=0 ip=2606:4700:a8::1
2026-08-08T23:50:12Z ERR failed to run the datagram handler error="context canceled" connIndex=0 event=0 ip=2606:4700:a8::1
2026-08-08T23:50:12Z ERR failed to serve tunnel connection error="control stream encountered a failure while serving" connIndex=0 event=0 ip=2606:4700:a8::1
2026-08-08T23:50:12Z ERR Serve tunnel error error="control stream encountered a failure while serving" connIndex=0 event=0 ip=2606:4700:a8::1
2026-08-08T23:50:12Z INF Retrying connection in up to 1m4s connIndex=0 event=0 ip=2606:4700:a8::1
2026-08-08T23:50:41Z INF Tunnel connection curve preferences: [X25519MLKEM768 CurveID(65074) CurveP256] connIndex=0 event=0 ip=2606:4700:a8::1
2026-08-08T23:50:41Z ERR failed to run the datagram handler error="context canceled" connIndex=0 event=0 ip=2606:4700:a8::1
2026-08-08T23:50:41Z ERR failed to serve tunnel connection error="control stream encountered a failure while serving" connIndex=0 event=0 ip=2606:4700:a8::1
2026-08-08T23:50:41Z ERR Serve tunnel error error="control stream encountered a failure while serving" connIndex=0 event=0 ip=2606:4700:a8::1
2026-08-08T23:50:41Z INF Retrying connection in up to 1m4s connIndex=0 event=0 ip=2606:4700:a8::1
2026-08-08T23:50:47Z INF Tunnel connection curve preferences: [X25519MLKEM768 CurveID(65074) CurveP256] connIndex=0 event=0 ip=2606:4700:a8::1
2026-08-08T23:50:47Z ERR failed to run the datagram handler error="context canceled" connIndex=0 event=0 ip=2606:4700:a8::1
2026-08-08T23:50:47Z ERR failed to serve tunnel connection error="control stream encountered a failure while serving" connIndex=0 event=0 ip=2606:4700:a8::1
2026-08-08T23:50:47Z ERR Serve tunnel error error="control stream encountered a failure while serving" connIndex=0 event=0 ip=2606:4700:a8::1
2026-08-08T23:50:47Z INF Retrying connection in up to 1m4s connIndex=0 event=0 ip=2606:4700:a8::1
2026-08-08T23:51:10Z INF Tunnel connection curve preferences: [X25519MLKEM768 CurveID(65074) CurveP256] connIndex=0 event=0 ip=2606:4700:a8::1
2026-08-08T23:51:10Z ERR failed to run the datagram handler error="context canceled" connIndex=0 event=0 ip=2606:4700:a8::1
2026-08-08T23:51:10Z ERR failed to serve tunnel connection error="control stream encountered a failure while serving" connIndex=0 event=0 ip=2606:4700:a8::1
2026-08-08T23:51:10Z ERR Serve tunnel error error="control stream encountered a failure while serving" connIndex=0 event=0 ip=2606:4700:a8::1
2026-08-08T23:51:10Z INF Retrying connection in up to 1m4s connIndex=0 event=0 ip=2606:4700:a8::1
2026-08-08T23:51:33Z INF Tunnel connection curve preferences: [X25519MLKEM768 CurveID(65074) CurveP256] connIndex=0 event=0 ip=2606:4700:a8::1
2026-08-08T23:51:33Z ERR failed to run the datagram handler error="context canceled" connIndex=0 event=0 ip=2606:4700:a8::1
2026-08-08T23:51:33Z ERR failed to serve tunnel connection error="control stream encountered a failure while serving" connIndex=0 event=0 ip=2606:4700:a8::1
2026-08-08T23:51:33Z ERR Serve tunnel error error="control stream encountered a failure while serving" connIndex=0 event=0 ip=2606:4700:a8::1
2026-08-08T23:51:33Z INF Retrying connection in up to 1m4s connIndex=0 event=0 ip=2606:4700:a8::1
2026-08-08T23:51:50Z INF Tunnel connection curve preferences: [X25519MLKEM768 CurveID(65074) CurveP256] connIndex=0 event=0 ip=2606:4700:a8::1
2026-08-08T23:51:51Z ERR failed to run the datagram handler error="context canceled" connIndex=0 event=0 ip=2606:4700:a8::1
2026-08-08T23:51:51Z ERR failed to serve tunnel connection error="control stream encountered a failure while serving" connIndex=0 event=0 ip=2606:4700:a8::1
2026-08-08T23:51:51Z ERR Serve tunnel error error="control stream encountered a failure while serving" connIndex=0 event=0 ip=2606:4700:a8::1
2026-08-08T23:51:51Z INF Retrying connection in up to 1m4s connIndex=0 event=0 ip=2606:4700:a8::1
2026-08-08T23:52:22Z INF Tunnel connection curve preferences: [X25519MLKEM768 CurveID(65074) CurveP256] connIndex=0 event=0 ip=2606:4700:a8::1
2026-08-08T23:52:22Z ERR failed to run the datagram handler error="context canceled" connIndex=0 event=0 ip=2606:4700:a8::1
2026-08-08T23:52:22Z ERR failed to serve tunnel connection error="control stream encountered a failure while serving" connIndex=0 event=0 ip=2606:4700:a8::1
2026-08-08T23:52:22Z ERR Serve tunnel error error="control stream encountered a failure while serving" connIndex=0 event=0 ip=2606:4700:a8::1
2026-08-08T23:52:22Z INF Retrying connection in up to 1m4s connIndex=0 event=0 ip=2606:4700:a8::1
2026-08-08T23:52:26Z INF Tunnel connection curve preferences: [X25519MLKEM768 CurveID(65074) CurveP256] connIndex=0 event=0 ip=2606:4700:a8::1
2026-08-08T23:52:26Z ERR failed to run the datagram handler error="context canceled" connIndex=0 event=0 ip=2606:4700:a8::1
2026-08-08T23:52:26Z ERR failed to serve tunnel connection error="control stream encountered a failure while serving" connIndex=0 event=0 ip=2606:4700:a8::1
2026-08-08T23:52:26Z ERR Serve tunnel error error="control stream encountered a failure while serving" connIndex=0 event=0 ip=2606:4700:a8::1
2026-08-08T23:52:26Z INF Retrying connection in up to 1m4s connIndex=0 event=0 ip=2606:4700:a8::1
2026-08-08T23:52:45Z INF Tunnel connection curve preferences: [X25519MLKEM768 CurveID(65074) CurveP256] connIndex=0 event=0 ip=2606:4700:a8::1
2026-08-08T23:52:45Z ERR failed to run the datagram handler error="context canceled" connIndex=0 event=0 ip=2606:4700:a8::1
2026-08-08T23:52:45Z ERR failed to serve tunnel connection error="control stream encountered a failure while serving" connIndex=0 event=0 ip=2606:4700:a8::1
2026-08-08T23:52:45Z ERR Serve tunnel error error="control stream encountered a failure while serving" connIndex=0 event=0 ip=2606:4700:a8::1
2026-08-08T23:52:45Z INF Retrying connection in up to 1m4s connIndex=0 event=0 ip=2606:4700:a8::1
2026-08-08T23:53:16Z INF Tunnel connection curve preferences: [X25519MLKEM768 CurveID(65074) CurveP256] connIndex=0 event=0 ip=2606:4700:a8::1
2026-08-08T23:53:16Z ERR failed to run the datagram handler error="context canceled" connIndex=0 event=0 ip=2606:4700:a8::1
2026-08-08T23:53:16Z ERR failed to serve tunnel connection error="control stream encountered a failure while serving" connIndex=0 event=0 ip=2606:4700:a8::1
2026-08-08T23:53:16Z ERR Serve tunnel error error="control stream encountered a failure while serving" connIndex=0 event=0 ip=2606:4700:a8::1
2026-08-08T23:53:16Z INF Retrying connection in up to 1m4s connIndex=0 event=0 ip=2606:4700:a8::1
2026-08-08T23:53:27Z INF Tunnel connection curve preferences: [X25519MLKEM768 CurveID(65074) CurveP256] connIndex=0 event=0 ip=2606:4700:a8::1
2026-08-08T23:53:27Z ERR failed to run the datagram handler error="context canceled" connIndex=0 event=0 ip=2606:4700:a8::1
2026-08-08T23:53:27Z ERR failed to serve tunnel connection error="control stream encountered a failure while serving" connIndex=0 event=0 ip=2606:4700:a8::1
2026-08-08T23:53:27Z ERR Serve tunnel error error="control stream encountered a failure while serving" connIndex=0 event=0 ip=2606:4700:a8::1
2026-08-08T23:53:27Z INF Retrying connection in up to 1m4s connIndex=0 event=0 ip=2606:4700:a8::1
2026-08-08T23:53:31Z INF Tunnel connection curve preferences: [X25519MLKEM768 CurveID(65074) CurveP256] connIndex=0 event=0 ip=2606:4700:a8::1
2026-08-08T23:53:31Z ERR failed to run the datagram handler error="context canceled" connIndex=0 event=0 ip=2606:4700:a8::1
2026-08-08T23:53:31Z ERR failed to serve tunnel connection error="control stream encountered a failure while serving" connIndex=0 event=0 ip=2606:4700:a8::1
2026-08-08T23:53:31Z ERR Serve tunnel error error="control stream encountered a failure while serving" connIndex=0 event=0 ip=2606:4700:a8::1
2026-08-08T23:53:31Z INF Retrying connection in up to 1m4s connIndex=0 event=0 ip=2606:4700:a8::1
2026-08-08T23:53:34Z INF Tunnel connection curve preferences: [X25519MLKEM768 CurveID(65074) CurveP256] connIndex=0 event=0 ip=2606:4700:a8::1
2026-08-08T23:53:34Z ERR failed to run the datagram handler error="context canceled" connIndex=0 event=0 ip=2606:4700:a8::1
2026-08-08T23:53:34Z ERR failed to serve tunnel connection error="control stream encountered a failure while serving" connIndex=0 event=0 ip=2606:4700:a8::1
2026-08-08T23:53:34Z ERR Serve tunnel error error="control stream encountered a failure while serving" connIndex=0 event=0 ip=2606:4700:a8::1
2026-08-08T23:53:34Z INF Retrying connection in up to 1m4s connIndex=0 event=0 ip=2606:4700:a8::1
2026-08-08T23:53:41Z INF Tunnel connection curve preferences: [X25519MLKEM768 CurveID(65074) CurveP256] connIndex=0 event=0 ip=2606:4700:a8::1
2026-08-08T23:53:41Z ERR failed to run the datagram handler error="context canceled" connIndex=0 event=0 ip=2606:4700:a8::1
2026-08-08T23:53:41Z ERR failed to serve tunnel connection error="control stream encountered a failure while serving" connIndex=0 event=0 ip=2606:4700:a8::1
2026-08-08T23:53:41Z ERR Serve tunnel error error="control stream encountered a failure while serving" connIndex=0 event=0 ip=2606:4700:a8::1
2026-08-08T23:53:41Z INF Retrying connection in up to 1m4s connIndex=0 event=0 ip=2606:4700:a8::1
2026-08-08T23:53:54Z INF Tunnel connection curve preferences: [X25519MLKEM768 CurveID(65074) CurveP256] connIndex=0 event=0 ip=2606:4700:a8::1
2026-08-08T23:53:54Z ERR failed to run the datagram handler error="context canceled" connIndex=0 event=0 ip=2606:4700:a8::1
2026-08-08T23:53:54Z ERR failed to serve tunnel connection error="control stream encountered a failure while serving" connIndex=0 event=0 ip=2606:4700:a8::1
2026-08-08T23:53:54Z ERR Serve tunnel error error="control stream encountered a failure while serving" connIndex=0 event=0 ip=2606:4700:a8::1
2026-08-08T23:53:54Z INF Retrying connection in up to 1m4s connIndex=0 event=0 ip=2606:4700:a8::1
2026-08-08T23:54:18Z INF Tunnel connection curve preferences: [X25519MLKEM768 CurveID(65074) CurveP256] connIndex=0 event=0 ip=2606:4700:a8::1
2026-08-08T23:54:18Z ERR failed to run the datagram handler error="context canceled" connIndex=0 event=0 ip=2606:4700:a8::1
2026-08-08T23:54:18Z ERR failed to serve tunnel connection error="control stream encountered a failure while serving" connIndex=0 event=0 ip=2606:4700:a8::1
2026-08-08T23:54:18Z ERR Serve tunnel error error="control stream encountered a failure while serving" connIndex=0 event=0 ip=2606:4700:a8::1
2026-08-08T23:54:18Z INF Retrying connection in up to 1m4s connIndex=0 event=0 ip=2606:4700:a8::1
2026-08-08T23:54:34Z INF Tunnel connection curve preferences: [X25519MLKEM768 CurveID(65074) CurveP256] connIndex=0 event=0 ip=2606:4700:a8::1
2026-08-08T23:54:34Z ERR failed to run the datagram handler error="context canceled" connIndex=0 event=0 ip=2606:4700:a8::1
2026-08-08T23:54:34Z ERR failed to serve tunnel connection error="control stream encountered a failure while serving" connIndex=0 event=0 ip=2606:4700:a8::1
2026-08-08T23:54:34Z ERR Serve tunnel error error="control stream encountered a failure while serving" connIndex=0 event=0 ip=2606:4700:a8::1
2026-08-08T23:54:34Z INF Retrying connection in up to 1m4s connIndex=0 event=0 ip=2606:4700:a8::1
2026-08-08T23:54:48Z INF Tunnel connection curve preferences: [X25519MLKEM768 CurveID(65074) CurveP256] connIndex=0 event=0 ip=2606:4700:a8::1
2026-08-08T23:54:48Z ERR failed to run the datagram handler error="context canceled" connIndex=0 event=0 ip=2606:4700:a8::1
2026-08-08T23:54:48Z ERR failed to serve tunnel connection error="control stream encountered a failure while serving" connIndex=0 event=0 ip=2606:4700:a8::1
2026-08-08T23:54:48Z ERR Serve tunnel error error="control stream encountered a failure while serving" connIndex=0 event=0 ip=2606:4700:a8::1
2026-08-08T23:54:48Z INF Retrying connection in up to 1m4s connIndex=0 event=0 ip=2606:4700:a8::1
2026-08-08T23:55:14Z INF Tunnel connection curve preferences: [X25519MLKEM768 CurveID(65074) CurveP256] connIndex=0 event=0 ip=2606:4700:a8::1
2026-08-08T23:55:14Z ERR failed to run the datagram handler error="context canceled" connIndex=0 event=0 ip=2606:4700:a8::1
2026-08-08T23:55:14Z ERR failed to serve tunnel connection error="control stream encountered a failure while serving" connIndex=0 event=0 ip=2606:4700:a8::1
2026-08-08T23:55:14Z ERR Serve tunnel error error="control stream encountered a failure while serving" connIndex=0 event=0 ip=2606:4700:a8::1
2026-08-08T23:55:14Z INF Retrying connection in up to 1m4s connIndex=0 event=0 ip=2606:4700:a8::1
2026-08-08T23:55:26Z INF Tunnel connection curve preferences: [X25519MLKEM768 CurveID(65074) CurveP256] connIndex=0 event=0 ip=2606:4700:a8::1
2026-08-08T23:55:26Z ERR failed to run the datagram handler error="context canceled" connIndex=0 event=0 ip=2606:4700:a8::1
2026-08-08T23:55:26Z ERR failed to serve tunnel connection error="control stream encountered a failure while serving" connIndex=0 event=0 ip=2606:4700:a8::1
2026-08-08T23:55:26Z ERR Serve tunnel error error="control stream encountered a failure while serving" connIndex=0 event=0 ip=2606:4700:a8::1
2026-08-08T23:55:26Z INF Retrying connection in up to 1m4s connIndex=0 event=0 ip=2606:4700:a8::1
2026-08-08T23:55:37Z INF Tunnel connection curve preferences: [X25519MLKEM768 CurveID(65074) CurveP256] connIndex=0 event=0 ip=2606:4700:a8::1
2026-08-08T23:55:37Z ERR failed to run the datagram handler error="context canceled" connIndex=0 event=0 ip=2606:4700:a8::1
2026-08-08T23:55:37Z ERR failed to serve tunnel connection error="control stream encountered a failure while serving" connIndex=0 event=0 ip=2606:4700:a8::1
2026-08-08T23:55:37Z ERR Serve tunnel error error="control stream encountered a failure while serving" connIndex=0 event=0 ip=2606:4700:a8::1
2026-08-08T23:55:37Z INF Retrying connection in up to 1m4s connIndex=0 event=0 ip=2606:4700:a8::1
2026-08-08T23:56:03Z INF Tunnel connection curve preferences: [X25519MLKEM768 CurveID(65074) CurveP256] connIndex=0 event=0 ip=2606:4700:a8::1
2026-08-08T23:56:03Z ERR failed to run the datagram handler error="context canceled" connIndex=0 event=0 ip=2606:4700:a8::1
2026-08-08T23:56:03Z ERR failed to serve tunnel connection error="control stream encountered a failure while serving" connIndex=0 event=0 ip=2606:4700:a8::1
2026-08-08T23:56:03Z ERR Serve tunnel error error="control stream encountered a failure while serving" connIndex=0 event=0 ip=2606:4700:a8::1
2026-08-08T23:56:03Z INF Retrying connection in up to 1m4s connIndex=0 event=0 ip=2606:4700:a8::1
2026-08-08T23:56:22Z INF Tunnel connection curve preferences: [X25519MLKEM768 CurveID(65074) CurveP256] connIndex=0 event=0 ip=2606:4700:a8::1
2026-08-08T23:56:23Z ERR failed to run the datagram handler error="context canceled" connIndex=0 event=0 ip=2606:4700:a8::1
2026-08-08T23:56:23Z ERR failed to serve tunnel connection error="control stream encountered a failure while serving" connIndex=0 event=0 ip=2606:4700:a8::1
2026-08-08T23:56:23Z ERR Serve tunnel error error="control stream encountered a failure while serving" connIndex=0 event=0 ip=2606:4700:a8::1
2026-08-08T23:56:23Z INF Retrying connection in up to 1m4s connIndex=0 event=0 ip=2606:4700:a8::1
2026-08-08T23:56:30Z INF Tunnel connection curve preferences: [X25519MLKEM768 CurveID(65074) CurveP256] connIndex=0 event=0 ip=2606:4700:a8::1
2026-08-08T23:56:30Z ERR failed to run the datagram handler error="context canceled" connIndex=0 event=0 ip=2606:4700:a8::1
2026-08-08T23:56:30Z ERR failed to serve tunnel connection error="control stream encountered a failure while serving" connIndex=0 event=0 ip=2606:4700:a8::1
2026-08-08T23:56:30Z ERR Serve tunnel error error="control stream encountered a failure while serving" connIndex=0 event=0 ip=2606:4700:a8::1
2026-08-08T23:56:30Z INF Retrying connection in up to 1m4s connIndex=0 event=0 ip=2606:4700:a8::1
2026-08-08T23:56:33Z INF Tunnel connection curve preferences: [X25519MLKEM768 CurveID(65074) CurveP256] connIndex=0 event=0 ip=2606:4700:a8::1
2026-08-08T23:56:33Z ERR failed to run the datagram handler error="context canceled" connIndex=0 event=0 ip=2606:4700:a8::1
2026-08-08T23:56:33Z ERR failed to serve tunnel connection error="control stream encountered a failure while serving" connIndex=0 event=0 ip=2606:4700:a8::1
2026-08-08T23:56:33Z ERR Serve tunnel error error="control stream encountered a failure while serving" connIndex=0 event=0 ip=2606:4700:a8::1
2026-08-08T23:56:33Z INF Retrying connection in up to 1m4s connIndex=0 event=0 ip=2606:4700:a8::1
2026-08-08T23:56:43Z INF Tunnel connection curve preferences: [X25519MLKEM768 CurveID(65074) CurveP256] connIndex=0 event=0 ip=2606:4700:a8::1
2026-08-08T23:56:43Z ERR failed to run the datagram handler error="context canceled" connIndex=0 event=0 ip=2606:4700:a8::1
2026-08-08T23:56:43Z ERR failed to serve tunnel connection error="control stream encountered a failure while serving" connIndex=0 event=0 ip=2606:4700:a8::1
2026-08-08T23:56:43Z ERR Serve tunnel error error="control stream encountered a failure while serving" connIndex=0 event=0 ip=2606:4700:a8::1
2026-08-08T23:56:43Z INF Retrying connection in up to 1m4s connIndex=0 event=0 ip=2606:4700:a8::1
2026-08-08T23:57:02Z INF Tunnel connection curve preferences: [X25519MLKEM768 CurveID(65074) CurveP256] connIndex=0 event=0 ip=2606:4700:a8::1
2026-08-08T23:57:02Z ERR failed to run the datagram handler error="context canceled" connIndex=0 event=0 ip=2606:4700:a8::1
2026-08-08T23:57:02Z ERR failed to serve tunnel connection error="control stream encountered a failure while serving" connIndex=0 event=0 ip=2606:4700:a8::1
2026-08-08T23:57:02Z ERR Serve tunnel error error="control stream encountered a failure while serving" connIndex=0 event=0 ip=2606:4700:a8::1
2026-08-08T23:57:02Z INF Retrying connection in up to 1m4s connIndex=0 event=0 ip=2606:4700:a8::1
2026-08-08T23:57:26Z INF Tunnel connection curve preferences: [X25519MLKEM768 CurveID(65074) CurveP256] connIndex=0 event=0 ip=2606:4700:a8::1
2026-08-08T23:57:26Z ERR failed to run the datagram handler error="context canceled" connIndex=0 event=0 ip=2606:4700:a8::1
2026-08-08T23:57:26Z ERR failed to serve tunnel connection error="control stream encountered a failure while serving" connIndex=0 event=0 ip=2606:4700:a8::1
2026-08-08T23:57:26Z ERR Serve tunnel error error="control stream encountered a failure while serving" connIndex=0 event=0 ip=2606:4700:a8::1
2026-08-08T23:57:26Z INF Retrying connection in up to 1m4s connIndex=0 event=0 ip=2606:4700:a8::1
2026-08-08T23:57:56Z INF Tunnel connection curve preferences: [X25519MLKEM768 CurveID(65074) CurveP256] connIndex=0 event=0 ip=2606:4700:a8::1
2026-08-08T23:57:56Z ERR failed to run the datagram handler error="context canceled" connIndex=0 event=0 ip=2606:4700:a8::1
2026-08-08T23:57:56Z ERR failed to serve tunnel connection error="control stream encountered a failure while serving" connIndex=0 event=0 ip=2606:4700:a8::1
2026-08-08T23:57:56Z ERR Serve tunnel error error="control stream encountered a failure while serving" connIndex=0 event=0 ip=2606:4700:a8::1
2026-08-08T23:57:56Z INF Retrying connection in up to 1m4s connIndex=0 event=0 ip=2606:4700:a8::1
2026-08-08T23:58:11Z INF Tunnel connection curve preferences: [X25519MLKEM768 CurveID(65074) CurveP256] connIndex=0 event=0 ip=2606:4700:a8::1
2026-08-08T23:58:11Z ERR failed to run the datagram handler error="context canceled" connIndex=0 event=0 ip=2606:4700:a8::1
2026-08-08T23:58:11Z ERR failed to serve tunnel connection error="control stream encountered a failure while serving" connIndex=0 event=0 ip=2606:4700:a8::1
2026-08-08T23:58:11Z ERR Serve tunnel error error="control stream encountered a failure while serving" connIndex=0 event=0 ip=2606:4700:a8::1
2026-08-08T23:58:11Z INF Retrying connection in up to 1m4s connIndex=0 event=0 ip=2606:4700:a8::1
2026-08-08T23:58:35Z INF Tunnel connection curve preferences: [X25519MLKEM768 CurveID(65074) CurveP256] connIndex=0 event=0 ip=2606:4700:a8::1
2026-08-08T23:58:35Z ERR failed to run the datagram handler error="context canceled" connIndex=0 event=0 ip=2606:4700:a8::1
2026-08-08T23:58:35Z ERR failed to serve tunnel connection error="control stream encountered a failure while serving" connIndex=0 event=0 ip=2606:4700:a8::1
2026-08-08T23:58:35Z ERR Serve tunnel error error="control stream encountered a failure while serving" connIndex=0 event=0 ip=2606:4700:a8::1
2026-08-08T23:58:35Z INF Retrying connection in up to 1m4s connIndex=0 event=0 ip=2606:4700:a8::1
2026-08-08T23:58:38Z INF Tunnel connection curve preferences: [X25519MLKEM768 CurveID(65074) CurveP256] connIndex=0 event=0 ip=2606:4700:a8::1
2026-08-08T23:58:39Z ERR failed to run the datagram handler error="context canceled" connIndex=0 event=0 ip=2606:4700:a8::1
2026-08-08T23:58:39Z ERR failed to serve tunnel connection error="control stream encountered a failure while serving" connIndex=0 event=0 ip=2606:4700:a8::1
2026-08-08T23:58:39Z ERR Serve tunnel error error="control stream encountered a failure while serving" connIndex=0 event=0 ip=2606:4700:a8::1
2026-08-08T23:58:39Z INF Retrying connection in up to 1m4s connIndex=0 event=0 ip=2606:4700:a8::1
2026-08-08T23:58:49Z INF Tunnel connection curve preferences: [X25519MLKEM768 CurveID(65074) CurveP256] connIndex=0 event=0 ip=2606:4700:a8::1
2026-08-08T23:58:49Z ERR failed to run the datagram handler error="context canceled" connIndex=0 event=0 ip=2606:4700:a8::1
2026-08-08T23:58:49Z ERR failed to serve tunnel connection error="control stream encountered a failure while serving" connIndex=0 event=0 ip=2606:4700:a8::1
2026-08-08T23:58:49Z ERR Serve tunnel error error="control stream encountered a failure while serving" connIndex=0 event=0 ip=2606:4700:a8::1
2026-08-08T23:58:49Z INF Retrying connection in up to 1m4s connIndex=0 event=0 ip=2606:4700:a8::1
2026-08-08T23:59:00Z INF Tunnel connection curve preferences: [X25519MLKEM768 CurveID(65074) CurveP256] connIndex=0 event=0 ip=2606:4700:a8::1
2026-08-08T23:59:00Z ERR failed to run the datagram handler error="context canceled" connIndex=0 event=0 ip=2606:4700:a8::1
2026-08-08T23:59:00Z ERR failed to serve tunnel connection error="control stream encountered a failure while serving" connIndex=0 event=0 ip=2606:4700:a8::1
2026-08-08T23:59:00Z ERR Serve tunnel error error="control stream encountered a failure while serving" connIndex=0 event=0 ip=2606:4700:a8::1
2026-08-08T23:59:00Z INF Retrying connection in up to 1m4s connIndex=0 event=0 ip=2606:4700:a8::1
2026-08-08T23:59:01Z INF Tunnel connection curve preferences: [X25519MLKEM768 CurveID(65074) CurveP256] connIndex=0 event=0 ip=2606:4700:a8::1
2026-08-08T23:59:01Z ERR failed to run the datagram handler error="context canceled" connIndex=0 event=0 ip=2606:4700:a8::1
2026-08-08T23:59:01Z ERR failed to serve tunnel connection error="control stream encountered a failure while serving" connIndex=0 event=0 ip=2606:4700:a8::1
2026-08-08T23:59:01Z ERR Serve tunnel error error="control stream encountered a failure while serving" connIndex=0 event=0 ip=2606:4700:a8::1
2026-08-08T23:59:01Z INF Retrying connection in up to 1m4s connIndex=0 event=0 ip=2606:4700:a8::1
2026-08-08T23:59:28Z INF Tunnel connection curve preferences: [X25519MLKEM768 CurveID(65074) CurveP256] connIndex=0 event=0 ip=2606:4700:a8::1
2026-08-08T23:59:28Z ERR failed to run the datagram handler error="context canceled" connIndex=0 event=0 ip=2606:4700:a8::1
2026-08-08T23:59:28Z ERR failed to serve tunnel connection error="control stream encountered a failure while serving" connIndex=0 event=0 ip=2606:4700:a8::1
2026-08-08T23:59:28Z ERR Serve tunnel error error="control stream encountered a failure while serving" connIndex=0 event=0 ip=2606:4700:a8::1
2026-08-08T23:59:28Z INF Retrying connection in up to 1m4s connIndex=0 event=0 ip=2606:4700:a8::1
2026-08-08T23:59:38Z INF Tunnel connection curve preferences: [X25519MLKEM768 CurveID(65074) CurveP256] connIndex=0 event=0 ip=2606:4700:a8::1
2026-08-08T23:59:38Z ERR failed to run the datagram handler error="context canceled" connIndex=0 event=0 ip=2606:4700:a8::1
2026-08-08T23:59:38Z ERR failed to serve tunnel connection error="control stream encountered a failure while serving" connIndex=0 event=0 ip=2606:4700:a8::1
2026-08-08T23:59:38Z ERR Serve tunnel error error="control stream encountered a failure while serving" connIndex=0 event=0 ip=2606:4700:a8::1
2026-08-08T23:59:38Z INF Retrying connection in up to 1m4s connIndex=0 event=0 ip=2606:4700:a8::1
2026-08-08T23:59:56Z INF Tunnel connection curve preferences: [X25519MLKEM768 CurveID(65074) CurveP256] connIndex=0 event=0 ip=2606:4700:a8::1
2026-08-08T23:59:56Z ERR failed to run the datagram handler error="context canceled" connIndex=0 event=0 ip=2606:4700:a8::1
2026-08-08T23:59:56Z ERR failed to serve tunnel connection error="control stream encountered a failure while serving" connIndex=0 event=0 ip=2606:4700:a8::1
2026-08-08T23:59:56Z ERR Serve tunnel error error="control stream encountered a failure while serving" connIndex=0 event=0 ip=2606:4700:a8::1
2026-08-08T23:59:56Z INF Retrying connection in up to 1m4s connIndex=0 event=0 ip=2606:4700:a8::1
2026-08-09T00:00:18Z INF Tunnel connection curve preferences: [X25519MLKEM768 CurveID(65074) CurveP256] connIndex=0 event=0 ip=2606:4700:a8::1
2026-08-09T00:00:18Z ERR failed to run the datagram handler error="context canceled" connIndex=0 event=0 ip=2606:4700:a8::1
2026-08-09T00:00:18Z ERR failed to serve tunnel connection error="control stream encountered a failure while serving" connIndex=0 event=0 ip=2606:4700:a8::1
2026-08-09T00:00:18Z ERR Serve tunnel error error="control stream encountered a failure while serving" connIndex=0 event=0 ip=2606:4700:a8::1
2026-08-09T00:00:18Z INF Retrying connection in up to 1m4s connIndex=0 event=0 ip=2606:4700:a8::1
2026-08-09T00:00:44Z INF Tunnel connection curve preferences: [X25519MLKEM768 CurveID(65074) CurveP256] connIndex=0 event=0 ip=2606:4700:a8::1
2026-08-09T00:00:44Z ERR failed to run the datagram handler error="context canceled" connIndex=0 event=0 ip=2606:4700:a8::1
2026-08-09T00:00:44Z ERR failed to serve tunnel connection error="control stream encountered a failure while serving" connIndex=0 event=0 ip=2606:4700:a8::1
2026-08-09T00:00:44Z ERR Serve tunnel error error="control stream encountered a failure while serving" connIndex=0 event=0 ip=2606:4700:a8::1
2026-08-09T00:00:44Z INF Retrying connection in up to 1m4s connIndex=0 event=0 ip=2606:4700:a8::1
2026-08-09T00:01:11Z INF Tunnel connection curve preferences: [X25519MLKEM768 CurveID(65074) CurveP256] connIndex=0 event=0 ip=2606:4700:a8::1
2026-08-09T00:01:11Z ERR failed to run the datagram handler error="context canceled" connIndex=0 event=0 ip=2606:4700:a8::1
2026-08-09T00:01:11Z ERR failed to serve tunnel connection error="control stream encountered a failure while serving" connIndex=0 event=0 ip=2606:4700:a8::1
2026-08-09T00:01:11Z ERR Serve tunnel error error="control stream encountered a failure while serving" connIndex=0 event=0 ip=2606:4700:a8::1
2026-08-09T00:01:11Z INF Retrying connection in up to 1m4s connIndex=0 event=0 ip=2606:4700:a8::1
2026-08-09T00:01:32Z INF Tunnel connection curve preferences: [X25519MLKEM768 CurveID(65074) CurveP256] connIndex=0 event=0 ip=2606:4700:a8::1
2026-08-09T00:01:32Z ERR failed to run the datagram handler error="context canceled" connIndex=0 event=0 ip=2606:4700:a8::1
2026-08-09T00:01:32Z ERR failed to serve tunnel connection error="control stream encountered a failure while serving" connIndex=0 event=0 ip=2606:4700:a8::1
2026-08-09T00:01:32Z ERR Serve tunnel error error="control stream encountered a failure while serving" connIndex=0 event=0 ip=2606:4700:a8::1
2026-08-09T00:01:32Z INF Retrying connection in up to 1m4s connIndex=0 event=0 ip=2606:4700:a8::1
2026-08-09T00:01:34Z INF Tunnel connection curve preferences: [X25519MLKEM768 CurveID(65074) CurveP256] connIndex=0 event=0 ip=2606:4700:a8::1
2026-08-09T00:01:34Z ERR failed to run the datagram handler error="context canceled" connIndex=0 event=0 ip=2606:4700:a8::1
2026-08-09T00:01:34Z ERR failed to serve tunnel connection error="control stream encountered a failure while serving" connIndex=0 event=0 ip=2606:4700:a8::1
2026-08-09T00:01:34Z ERR Serve tunnel error error="control stream encountered a failure while serving" connIndex=0 event=0 ip=2606:4700:a8::1
2026-08-09T00:01:34Z INF Retrying connection in up to 1m4s connIndex=0 event=0 ip=2606:4700:a8::1
2026-08-09T00:01:47Z INF Tunnel connection curve preferences: [X25519MLKEM768 CurveID(65074) CurveP256] connIndex=0 event=0 ip=2606:4700:a8::1
2026-08-09T00:01:47Z ERR failed to run the datagram handler error="context canceled" connIndex=0 event=0 ip=2606:4700:a8::1
2026-08-09T00:01:47Z ERR failed to serve tunnel connection error="control stream encountered a failure while serving" connIndex=0 event=0 ip=2606:4700:a8::1
2026-08-09T00:01:47Z ERR Serve tunnel error error="control stream encountered a failure while serving" connIndex=0 event=0 ip=2606:4700:a8::1
2026-08-09T00:01:47Z INF Retrying connection in up to 1m4s connIndex=0 event=0 ip=2606:4700:a8::1
2026-08-09T00:02:08Z INF Tunnel connection curve preferences: [X25519MLKEM768 CurveID(65074) CurveP256] connIndex=0 event=0 ip=2606:4700:a8::1
2026-08-09T00:02:08Z ERR failed to run the datagram handler error="context canceled" connIndex=0 event=0 ip=2606:4700:a8::1
2026-08-09T00:02:08Z ERR failed to serve tunnel connection error="control stream encountered a failure while serving" connIndex=0 event=0 ip=2606:4700:a8::1
2026-08-09T00:02:08Z ERR Serve tunnel error error="control stream encountered a failure while serving" connIndex=0 event=0 ip=2606:4700:a8::1
2026-08-09T00:02:08Z INF Retrying connection in up to 1m4s connIndex=0 event=0 ip=2606:4700:a8::1
2026-08-09T00:02:32Z INF Tunnel connection curve preferences: [X25519MLKEM768 CurveID(65074) CurveP256] connIndex=0 event=0 ip=2606:4700:a8::1
2026-08-09T00:02:32Z ERR failed to run the datagram handler error="context canceled" connIndex=0 event=0 ip=2606:4700:a8::1
2026-08-09T00:02:32Z ERR failed to serve tunnel connection error="control stream encountered a failure while serving" connIndex=0 event=0 ip=2606:4700:a8::1
2026-08-09T00:02:32Z ERR Serve tunnel error error="control stream encountered a failure while serving" connIndex=0 event=0 ip=2606:4700:a8::1
2026-08-09T00:02:32Z INF Retrying connection in up to 1m4s connIndex=0 event=0 ip=2606:4700:a8::1
2026-08-09T00:03:01Z INF Tunnel connection curve preferences: [X25519MLKEM768 CurveID(65074) CurveP256] connIndex=0 event=0 ip=2606:4700:a8::1
2026-08-09T00:03:01Z ERR failed to run the datagram handler error="context canceled" connIndex=0 event=0 ip=2606:4700:a8::1
2026-08-09T00:03:01Z ERR failed to serve tunnel connection error="control stream encountered a failure while serving" connIndex=0 event=0 ip=2606:4700:a8::1
2026-08-09T00:03:01Z ERR Serve tunnel error error="control stream encountered a failure while serving" connIndex=0 event=0 ip=2606:4700:a8::1
2026-08-09T00:03:01Z INF Retrying connection in up to 1m4s connIndex=0 event=0 ip=2606:4700:a8::1
2026-08-09T00:03:03Z INF Tunnel connection curve preferences: [X25519MLKEM768 CurveID(65074) CurveP256] connIndex=0 event=0 ip=2606:4700:a8::1
2026-08-09T00:03:03Z ERR failed to run the datagram handler error="context canceled" connIndex=0 event=0 ip=2606:4700:a8::1
2026-08-09T00:03:03Z ERR failed to serve tunnel connection error="control stream encountered a failure while serving" connIndex=0 event=0 ip=2606:4700:a8::1
2026-08-09T00:03:03Z ERR Serve tunnel error error="control stream encountered a failure while serving" connIndex=0 event=0 ip=2606:4700:a8::1
2026-08-09T00:03:03Z INF Retrying connection in up to 1m4s connIndex=0 event=0 ip=2606:4700:a8::1
2026-08-09T00:03:15Z INF Tunnel connection curve preferences: [X25519MLKEM768 CurveID(65074) CurveP256] connIndex=0 event=0 ip=2606:4700:a8::1
2026-08-09T00:03:15Z ERR failed to run the datagram handler error="context canceled" connIndex=0 event=0 ip=2606:4700:a8::1
2026-08-09T00:03:15Z ERR failed to serve tunnel connection error="control stream encountered a failure while serving" connIndex=0 event=0 ip=2606:4700:a8::1
2026-08-09T00:03:15Z ERR Serve tunnel error error="control stream encountered a failure while serving" connIndex=0 event=0 ip=2606:4700:a8::1
2026-08-09T00:03:15Z INF Retrying connection in up to 1m4s connIndex=0 event=0 ip=2606:4700:a8::1
2026-08-09T00:03:39Z INF Tunnel connection curve preferences: [X25519MLKEM768 CurveID(65074) CurveP256] connIndex=0 event=0 ip=2606:4700:a8::1
2026-08-09T00:03:39Z ERR failed to run the datagram handler error="context canceled" connIndex=0 event=0 ip=2606:4700:a8::1
2026-08-09T00:03:39Z ERR failed to serve tunnel connection error="control stream encountered a failure while serving" connIndex=0 event=0 ip=2606:4700:a8::1
2026-08-09T00:03:39Z ERR Serve tunnel error error="control stream encountered a failure while serving" connIndex=0 event=0 ip=2606:4700:a8::1
2026-08-09T00:03:39Z INF Retrying connection in up to 1m4s connIndex=0 event=0 ip=2606:4700:a8::1
2026-08-09T00:04:06Z INF Tunnel connection curve preferences: [X25519MLKEM768 CurveID(65074) CurveP256] connIndex=0 event=0 ip=2606:4700:a8::1
2026-08-09T00:04:06Z ERR failed to run the datagram handler error="context canceled" connIndex=0 event=0 ip=2606:4700:a8::1
2026-08-09T00:04:06Z ERR failed to serve tunnel connection error="control stream encountered a failure while serving" connIndex=0 event=0 ip=2606:4700:a8::1
2026-08-09T00:04:06Z ERR Serve tunnel error error="control stream encountered a failure while serving" connIndex=0 event=0 ip=2606:4700:a8::1
2026-08-09T00:04:06Z INF Retrying connection in up to 1m4s connIndex=0 event=0 ip=2606:4700:a8::1
2026-08-09T00:04:07Z INF Tunnel connection curve preferences: [X25519MLKEM768 CurveID(65074) CurveP256] connIndex=0 event=0 ip=2606:4700:a8::1
2026-08-09T00:04:07Z ERR failed to run the datagram handler error="context canceled" connIndex=0 event=0 ip=2606:4700:a8::1
2026-08-09T00:04:07Z ERR failed to serve tunnel connection error="control stream encountered a failure while serving" connIndex=0 event=0 ip=2606:4700:a8::1
2026-08-09T00:04:07Z ERR Serve tunnel error error="control stream encountered a failure while serving" connIndex=0 event=0 ip=2606:4700:a8::1
2026-08-09T00:04:07Z INF Retrying connection in up to 1m4s connIndex=0 event=0 ip=2606:4700:a8::1
2026-08-09T00:04:28Z INF Tunnel connection curve preferences: [X25519MLKEM768 CurveID(65074) CurveP256] connIndex=0 event=0 ip=2606:4700:a8::1
2026-08-09T00:04:28Z ERR failed to run the datagram handler error="context canceled" connIndex=0 event=0 ip=2606:4700:a8::1
2026-08-09T00:04:28Z ERR failed to serve tunnel connection error="control stream encountered a failure while serving" connIndex=0 event=0 ip=2606:4700:a8::1
2026-08-09T00:04:28Z ERR Serve tunnel error error="control stream encountered a failure while serving" connIndex=0 event=0 ip=2606:4700:a8::1
2026-08-09T00:04:28Z INF Retrying connection in up to 1m4s connIndex=0 event=0 ip=2606:4700:a8::1
2026-08-09T00:04:58Z INF Tunnel connection curve preferences: [X25519MLKEM768 CurveID(65074) CurveP256] connIndex=0 event=0 ip=2606:4700:a8::1
2026-08-09T00:04:58Z ERR failed to run the datagram handler error="context canceled" connIndex=0 event=0 ip=2606:4700:a8::1
2026-08-09T00:04:58Z ERR failed to serve tunnel connection error="control stream encountered a failure while serving" connIndex=0 event=0 ip=2606:4700:a8::1
2026-08-09T00:04:58Z ERR Serve tunnel error error="control stream encountered a failure while serving" connIndex=0 event=0 ip=2606:4700:a8::1
2026-08-09T00:04:58Z INF Retrying connection in up to 1m4s connIndex=0 event=0 ip=2606:4700:a8::1
2026-08-09T00:05:21Z INF Tunnel connection curve preferences: [X25519MLKEM768 CurveID(65074) CurveP256] connIndex=0 event=0 ip=2606:4700:a8::1
2026-08-09T00:05:21Z ERR failed to run the datagram handler error="context canceled" connIndex=0 event=0 ip=2606:4700:a8::1
2026-08-09T00:05:21Z ERR failed to serve tunnel connection error="control stream encountered a failure while serving" connIndex=0 event=0 ip=2606:4700:a8::1
2026-08-09T00:05:21Z ERR Serve tunnel error error="control stream encountered a failure while serving" connIndex=0 event=0 ip=2606:4700:a8::1
2026-08-09T00:05:21Z INF Retrying connection in up to 1m4s connIndex=0 event=0 ip=2606:4700:a8::1
2026-08-09T00:05:31Z INF Tunnel connection curve preferences: [X25519MLKEM768 CurveID(65074) CurveP256] connIndex=0 event=0 ip=2606:4700:a8::1
2026-08-09T00:05:31Z ERR failed to run the datagram handler error="context canceled" connIndex=0 event=0 ip=2606:4700:a8::1
2026-08-09T00:05:31Z ERR failed to serve tunnel connection error="control stream encountered a failure while serving" connIndex=0 event=0 ip=2606:4700:a8::1
2026-08-09T00:05:31Z ERR Serve tunnel error error="control stream encountered a failure while serving" connIndex=0 event=0 ip=2606:4700:a8::1
2026-08-09T00:05:31Z INF Retrying connection in up to 1m4s connIndex=0 event=0 ip=2606:4700:a8::1
2026-08-09T00:05:50Z INF Tunnel connection curve preferences: [X25519MLKEM768 CurveID(65074) CurveP256] connIndex=0 event=0 ip=2606:4700:a8::1
2026-08-09T00:05:50Z ERR failed to run the datagram handler error="context canceled" connIndex=0 event=0 ip=2606:4700:a8::1
2026-08-09T00:05:50Z ERR failed to serve tunnel connection error="control stream encountered a failure while serving" connIndex=0 event=0 ip=2606:4700:a8::1
2026-08-09T00:05:50Z ERR Serve tunnel error error="control stream encountered a failure while serving" connIndex=0 event=0 ip=2606:4700:a8::1
2026-08-09T00:05:50Z INF Retrying connection in up to 1m4s connIndex=0 event=0 ip=2606:4700:a8::1
2026-08-09T00:05:56Z INF Tunnel connection curve preferences: [X25519MLKEM768 CurveID(65074) CurveP256] connIndex=0 event=0 ip=2606:4700:a8::1
2026-08-09T00:05:56Z ERR failed to run the datagram handler error="context canceled" connIndex=0 event=0 ip=2606:4700:a8::1
2026-08-09T00:05:56Z ERR failed to serve tunnel connection error="control stream encountered a failure while serving" connIndex=0 event=0 ip=2606:4700:a8::1
2026-08-09T00:05:56Z ERR Serve tunnel error error="control stream encountered a failure while serving" connIndex=0 event=0 ip=2606:4700:a8::1
2026-08-09T00:05:56Z INF Retrying connection in up to 1m4s connIndex=0 event=0 ip=2606:4700:a8::1
2026-08-09T00:06:24Z INF Tunnel connection curve preferences: [X25519MLKEM768 CurveID(65074) CurveP256] connIndex=0 event=0 ip=2606:4700:a8::1
2026-08-09T00:06:24Z ERR failed to run the datagram handler error="context canceled" connIndex=0 event=0 ip=2606:4700:a8::1
2026-08-09T00:06:24Z ERR failed to serve tunnel connection error="control stream encountered a failure while serving" connIndex=0 event=0 ip=2606:4700:a8::1
2026-08-09T00:06:24Z ERR Serve tunnel error error="control stream encountered a failure while serving" connIndex=0 event=0 ip=2606:4700:a8::1
2026-08-09T00:06:24Z INF Retrying connection in up to 1m4s connIndex=0 event=0 ip=2606:4700:a8::1
2026-08-09T00:06:41Z INF Tunnel connection curve preferences: [X25519MLKEM768 CurveID(65074) CurveP256] connIndex=0 event=0 ip=2606:4700:a8::1
2026-08-09T00:06:41Z ERR failed to run the datagram handler error="context canceled" connIndex=0 event=0 ip=2606:4700:a8::1
2026-08-09T00:06:41Z ERR failed to serve tunnel connection error="control stream encountered a failure while serving" connIndex=0 event=0 ip=2606:4700:a8::1
2026-08-09T00:06:41Z ERR Serve tunnel error error="control stream encountered a failure while serving" connIndex=0 event=0 ip=2606:4700:a8::1
2026-08-09T00:06:41Z INF Retrying connection in up to 1m4s connIndex=0 event=0 ip=2606:4700:a8::1
2026-08-09T00:07:06Z INF Tunnel connection curve preferences: [X25519MLKEM768 CurveID(65074) CurveP256] connIndex=0 event=0 ip=2606:4700:a8::1
2026-08-09T00:07:06Z ERR failed to run the datagram handler error="context canceled" connIndex=0 event=0 ip=2606:4700:a8::1
2026-08-09T00:07:06Z ERR failed to serve tunnel connection error="control stream encountered a failure while serving" connIndex=0 event=0 ip=2606:4700:a8::1
2026-08-09T00:07:06Z ERR Serve tunnel error error="control stream encountered a failure while serving" connIndex=0 event=0 ip=2606:4700:a8::1
2026-08-09T00:07:06Z INF Retrying connection in up to 1m4s connIndex=0 event=0 ip=2606:4700:a8::1
2026-08-09T00:07:35Z INF Tunnel connection curve preferences: [X25519MLKEM768 CurveID(65074) CurveP256] connIndex=0 event=0 ip=2606:4700:a8::1
2026-08-09T00:07:35Z ERR failed to run the datagram handler error="context canceled" connIndex=0 event=0 ip=2606:4700:a8::1
2026-08-09T00:07:35Z ERR failed to serve tunnel connection error="control stream encountered a failure while serving" connIndex=0 event=0 ip=2606:4700:a8::1
2026-08-09T00:07:35Z ERR Serve tunnel error error="control stream encountered a failure while serving" connIndex=0 event=0 ip=2606:4700:a8::1
2026-08-09T00:07:35Z INF Retrying connection in up to 1m4s connIndex=0 event=0 ip=2606:4700:a8::1
2026-08-09T00:07:51Z INF Tunnel connection curve preferences: [X25519MLKEM768 CurveID(65074) CurveP256] connIndex=0 event=0 ip=2606:4700:a8::1
2026-08-09T00:07:51Z ERR failed to run the datagram handler error="context canceled" connIndex=0 event=0 ip=2606:4700:a8::1
2026-08-09T00:07:51Z ERR failed to serve tunnel connection error="control stream encountered a failure while serving" connIndex=0 event=0 ip=2606:4700:a8::1
2026-08-09T00:07:51Z ERR Serve tunnel error error="control stream encountered a failure while serving" connIndex=0 event=0 ip=2606:4700:a8::1
2026-08-09T00:07:51Z INF Retrying connection in up to 1m4s connIndex=0 event=0 ip=2606:4700:a8::1
2026-08-09T00:08:04Z INF Tunnel connection curve preferences: [X25519MLKEM768 CurveID(65074) CurveP256] connIndex=0 event=0 ip=2606:4700:a8::1
2026-08-09T00:08:05Z ERR failed to run the datagram handler error="context canceled" connIndex=0 event=0 ip=2606:4700:a8::1
2026-08-09T00:08:05Z ERR failed to serve tunnel connection error="control stream encountered a failure while serving" connIndex=0 event=0 ip=2606:4700:a8::1
2026-08-09T00:08:05Z ERR Serve tunnel error error="control stream encountered a failure while serving" connIndex=0 event=0 ip=2606:4700:a8::1
2026-08-09T00:08:05Z INF Retrying connection in up to 1m4s connIndex=0 event=0 ip=2606:4700:a8::1
2026-08-09T00:08:26Z INF Tunnel connection curve preferences: [X25519MLKEM768 CurveID(65074) CurveP256] connIndex=0 event=0 ip=2606:4700:a8::1
2026-08-09T00:08:26Z ERR failed to run the datagram handler error="context canceled" connIndex=0 event=0 ip=2606:4700:a8::1
2026-08-09T00:08:26Z ERR failed to serve tunnel connection error="control stream encountered a failure while serving" connIndex=0 event=0 ip=2606:4700:a8::1
2026-08-09T00:08:26Z ERR Serve tunnel error error="control stream encountered a failure while serving" connIndex=0 event=0 ip=2606:4700:a8::1
2026-08-09T00:08:26Z INF Retrying connection in up to 1m4s connIndex=0 event=0 ip=2606:4700:a8::1
2026-08-09T00:08:54Z INF Tunnel connection curve preferences: [X25519MLKEM768 CurveID(65074) CurveP256] connIndex=0 event=0 ip=2606:4700:a8::1
2026-08-09T00:08:54Z ERR failed to run the datagram handler error="context canceled" connIndex=0 event=0 ip=2606:4700:a8::1
2026-08-09T00:08:54Z ERR failed to serve tunnel connection error="control stream encountered a failure while serving" connIndex=0 event=0 ip=2606:4700:a8::1
2026-08-09T00:08:54Z ERR Serve tunnel error error="control stream encountered a failure while serving" connIndex=0 event=0 ip=2606:4700:a8::1
2026-08-09T00:08:54Z INF Retrying connection in up to 1m4s connIndex=0 event=0 ip=2606:4700:a8::1
2026-08-09T00:09:00Z INF Initiating graceful shutdown due to signal terminated ...
2026-08-09T00:09:00Z ERR Connection terminated connIndex=0
2026-08-09T00:09:00Z ERR no more connections active and exiting
2026-08-09T00:09:00Z INF Tunnel server stopped
2026-08-09T00:09:00Z INF Metrics server stopped
